2026-04-22 14:58:21,429:WARNING:
'cuml' is a soft dependency and not included in the pycaret installation. Please run: `pip install cuml` to install.
2026-04-22 14:58:21,429:WARNING:
'cuml' is a soft dependency and not included in the pycaret installation. Please run: `pip install cuml` to install.
2026-04-22 14:58:21,429:WARNING:
'cuml' is a soft dependency and not included in the pycaret installation. Please run: `pip install cuml` to install.
2026-04-22 14:58:21,430:WARNING:
'cuml' is a soft dependency and not included in the pycaret installation. Please run: `pip install cuml` to install.
2026-04-22 15:54:31,017:WARNING:
'cuml' is a soft dependency and not included in the pycaret installation. Please run: `pip install cuml` to install.
2026-04-22 15:54:31,017:WARNING:
'cuml' is a soft dependency and not included in the pycaret installation. Please run: `pip install cuml` to install.
2026-04-22 15:54:31,017:WARNING:
'cuml' is a soft dependency and not included in the pycaret installation. Please run: `pip install cuml` to install.
2026-04-22 15:54:31,017:WARNING:
'cuml' is a soft dependency and not included in the pycaret installation. Please run: `pip install cuml` to install.
2026-04-22 15:54:34,533:INFO:PyCaret ClassificationExperiment
2026-04-22 15:54:34,533:INFO:Logging name: clf-default-name
2026-04-22 15:54:34,533:INFO:ML Usecase: MLUsecase.CLASSIFICATION
2026-04-22 15:54:34,533:INFO:version 3.3.2
2026-04-22 15:54:34,533:INFO:Initializing setup()
2026-04-22 15:54:34,534:INFO:self.USI: 2518
2026-04-22 15:54:34,534:INFO:self._variable_keys: {'X_test', 'X', 'target_param', '_ml_usecase', 'idx', 'y', '_available_plots', 'USI', 'gpu_n_jobs_param', 'fold_shuffle_param', 'y_train', 'fold_groups_param', 'pipeline', 'log_plots_param', 'exp_name_log', 'logging_param', 'gpu_param', 'exp_id', 'is_multiclass', 'X_train', 'fix_imbalance', 'memory', 'fold_generator', 'data', 'n_jobs_param', 'html_param', 'seed', 'y_test'}
2026-04-22 15:54:34,534:INFO:Checking environment
2026-04-22 15:54:34,534:INFO:python_version: 3.10.19
2026-04-22 15:54:34,534:INFO:python_build: ('main', 'Mar 11 2026 11:49:47')
2026-04-22 15:54:34,534:INFO:machine: x86_64
2026-04-22 15:54:34,535:INFO:platform: Linux-6.19.12-arch1-1-x86_64-with-glibc2.43
2026-04-22 15:54:34,535:INFO:Memory: svmem(total=16066531328, available=3470991360, percent=78.4, used=12595539968, free=407441408, active=8112459776, inactive=5842243584, buffers=97533952, cached=3817889792, shared=1054994432, slab=442212352)
2026-04-22 15:54:34,537:INFO:Physical Core: 4
2026-04-22 15:54:34,538:INFO:Logical Core: 8
2026-04-22 15:54:34,538:INFO:Checking libraries
2026-04-22 15:54:34,538:INFO:System:
2026-04-22 15:54:34,538:INFO:    python: 3.10.19 (main, Mar 11 2026, 11:49:47) [GCC 15.2.1 20260209]
2026-04-22 15:54:34,538:INFO:executable: /home/alex/.cache/pypoetry/virtualenvs/klasifikacia-webu-learn-PzL4HxyJ-py3.10/bin/python
2026-04-22 15:54:34,539:INFO:   machine: Linux-6.19.12-arch1-1-x86_64-with-glibc2.43
2026-04-22 15:54:34,539:INFO:PyCaret required dependencies:
2026-04-22 15:54:34,544:WARNING:/home/alex/.cache/pypoetry/virtualenvs/klasifikacia-webu-learn-PzL4HxyJ-py3.10/lib/python3.10/site-packages/_distutils_hack/__init__.py:30: UserWarning: Setuptools is replacing distutils. Support for replacing an already imported distutils is deprecated. In the future, this condition will fail. Register concerns at https://github.com/pypa/setuptools/issues/new?template=distutils-deprecation.yml
  warnings.warn(

2026-04-22 15:54:34,775:INFO:                 pip: 26.0.1
2026-04-22 15:54:34,775:INFO:          setuptools: 82.0.1
2026-04-22 15:54:34,775:INFO:             pycaret: 3.3.2
2026-04-22 15:54:34,776:INFO:             IPython: 8.39.0
2026-04-22 15:54:34,776:INFO:          ipywidgets: 8.1.8
2026-04-22 15:54:34,776:INFO:                tqdm: 4.67.3
2026-04-22 15:54:34,776:INFO:               numpy: 1.26.4
2026-04-22 15:54:34,776:INFO:              pandas: 2.1.4
2026-04-22 15:54:34,776:INFO:              jinja2: 3.1.6
2026-04-22 15:54:34,776:INFO:               scipy: 1.11.4
2026-04-22 15:54:34,776:INFO:              joblib: 1.3.2
2026-04-22 15:54:34,777:INFO:             sklearn: 1.4.2
2026-04-22 15:54:34,777:INFO:                pyod: 3.2.1
2026-04-22 15:54:34,777:INFO:            imblearn: 0.14.1
2026-04-22 15:54:34,777:INFO:   category_encoders: 2.7.0
2026-04-22 15:54:34,777:INFO:            lightgbm: 4.6.0
2026-04-22 15:54:34,777:INFO:               numba: 0.65.0
2026-04-22 15:54:34,777:INFO:            requests: 2.33.1
2026-04-22 15:54:34,777:INFO:          matplotlib: 3.7.5
2026-04-22 15:54:34,778:INFO:          scikitplot: 0.3.7
2026-04-22 15:54:34,778:INFO:         yellowbrick: 1.5
2026-04-22 15:54:34,778:INFO:              plotly: 6.7.0
2026-04-22 15:54:34,778:INFO:    plotly-resampler: Not installed
2026-04-22 15:54:34,778:INFO:             kaleido: 1.2.0
2026-04-22 15:54:34,778:INFO:           schemdraw: 0.15
2026-04-22 15:54:34,778:INFO:         statsmodels: 0.14.6
2026-04-22 15:54:34,778:INFO:              sktime: 0.26.0
2026-04-22 15:54:34,779:INFO:               tbats: 1.1.3
2026-04-22 15:54:34,779:INFO:            pmdarima: 2.0.4
2026-04-22 15:54:34,779:INFO:              psutil: 7.2.2
2026-04-22 15:54:34,779:INFO:          markupsafe: 3.0.3
2026-04-22 15:54:34,779:INFO:             pickle5: Not installed
2026-04-22 15:54:34,779:INFO:         cloudpickle: 3.1.2
2026-04-22 15:54:34,779:INFO:         deprecation: 2.1.0
2026-04-22 15:54:34,779:INFO:              xxhash: 3.6.0
2026-04-22 15:54:34,780:INFO:           wurlitzer: 3.1.1
2026-04-22 15:54:34,780:INFO:PyCaret optional dependencies:
2026-04-22 15:54:34,825:INFO:                shap: Not installed
2026-04-22 15:54:34,825:INFO:           interpret: Not installed
2026-04-22 15:54:34,825:INFO:                umap: Not installed
2026-04-22 15:54:34,825:INFO:     ydata_profiling: Not installed
2026-04-22 15:54:34,825:INFO:  explainerdashboard: Not installed
2026-04-22 15:54:34,825:INFO:             autoviz: Not installed
2026-04-22 15:54:34,825:INFO:           fairlearn: Not installed
2026-04-22 15:54:34,826:INFO:          deepchecks: Not installed
2026-04-22 15:54:34,826:INFO:             xgboost: Not installed
2026-04-22 15:54:34,826:INFO:            catboost: Not installed
2026-04-22 15:54:34,826:INFO:              kmodes: Not installed
2026-04-22 15:54:34,826:INFO:             mlxtend: Not installed
2026-04-22 15:54:34,826:INFO:       statsforecast: Not installed
2026-04-22 15:54:34,826:INFO:        tune_sklearn: Not installed
2026-04-22 15:54:34,826:INFO:                 ray: Not installed
2026-04-22 15:54:34,826:INFO:            hyperopt: Not installed
2026-04-22 15:54:34,826:INFO:              optuna: Not installed
2026-04-22 15:54:34,827:INFO:               skopt: Not installed
2026-04-22 15:54:34,827:INFO:              mlflow: Not installed
2026-04-22 15:54:34,827:INFO:              gradio: Not installed
2026-04-22 15:54:34,827:INFO:             fastapi: Not installed
2026-04-22 15:54:34,827:INFO:             uvicorn: Not installed
2026-04-22 15:54:34,827:INFO:              m2cgen: Not installed
2026-04-22 15:54:34,827:INFO:           evidently: Not installed
2026-04-22 15:54:34,827:INFO:               fugue: Not installed
2026-04-22 15:54:34,827:INFO:           streamlit: Not installed
2026-04-22 15:54:34,828:INFO:             prophet: Not installed
2026-04-22 15:54:34,828:INFO:None
2026-04-22 15:54:34,828:INFO:Set up GPU usage.
2026-04-22 15:54:34,828:WARNING:
'cuml' is a soft dependency and not included in the pycaret installation. Please run: `pip install cuml` to install.
2026-04-22 15:54:34,828:WARNING:cuML is outdated or not found. Required version is >=23.08.
                Please visit https://rapids.ai/install for installation instructions.
2026-04-22 15:54:34,828:INFO:Set up data.
2026-04-22 15:54:35,804:INFO:Set up folding strategy.
2026-04-22 15:54:35,804:INFO:Set up train/test split.
2026-04-22 15:54:36,141:INFO:Set up index.
2026-04-22 15:54:36,147:INFO:Assigning column types.
2026-04-22 15:54:36,690:INFO:Engine successfully changes for model 'lr' to 'sklearn'.
2026-04-22 15:54:36,691:WARNING:
'cuml' is a soft dependency and not included in the pycaret installation. Please run: `pip install cuml` to install.
2026-04-22 15:54:36,779:INFO:Engine for model 'knn' has not been set explicitly, hence returning None.
2026-04-22 15:54:36,779:WARNING:
'cuml' is a soft dependency and not included in the pycaret installation. Please run: `pip install cuml` to install.
2026-04-22 15:54:36,799:WARNING:
'cuml' is a soft dependency and not included in the pycaret installation. Please run: `pip install cuml` to install.
2026-04-22 15:54:36,800:INFO:Engine for model 'rbfsvm' has not been set explicitly, hence returning None.
2026-04-22 15:54:36,801:WARNING:
'cuml' is a soft dependency and not included in the pycaret installation. Please run: `pip install cuml` to install.
2026-04-22 15:54:36,864:WARNING:
'cuml' is a soft dependency and not included in the pycaret installation. Please run: `pip install cuml` to install.
2026-04-22 15:54:36,872:WARNING:
'cuml' is a soft dependency and not included in the pycaret installation. Please run: `pip install cuml` to install.
2026-04-22 15:54:36,881:WARNING:
'xgboost' is a soft dependency and not included in the pycaret installation. Please run: `pip install xgboost` to install.
Alternately, you can install this by running `pip install pycaret[models]`
2026-04-22 15:54:36,897:WARNING:
'catboost' is a soft dependency and not included in the pycaret installation. Please run: `pip install catboost` to install.
Alternately, you can install this by running `pip install pycaret[models]`
2026-04-22 15:54:36,898:WARNING:
'cuml' is a soft dependency and not included in the pycaret installation. Please run: `pip install cuml` to install.
2026-04-22 15:54:36,973:INFO:Engine for model 'knn' has not been set explicitly, hence returning None.
2026-04-22 15:54:36,973:WARNING:
'cuml' is a soft dependency and not included in the pycaret installation. Please run: `pip install cuml` to install.
2026-04-22 15:54:36,974:WARNING:
'cuml' is a soft dependency and not included in the pycaret installation. Please run: `pip install cuml` to install.
2026-04-22 15:54:36,975:INFO:Engine for model 'rbfsvm' has not been set explicitly, hence returning None.
2026-04-22 15:54:36,975:WARNING:
'cuml' is a soft dependency and not included in the pycaret installation. Please run: `pip install cuml` to install.
2026-04-22 15:54:37,008:WARNING:
'cuml' is a soft dependency and not included in the pycaret installation. Please run: `pip install cuml` to install.
2026-04-22 15:54:37,015:WARNING:
'cuml' is a soft dependency and not included in the pycaret installation. Please run: `pip install cuml` to install.
2026-04-22 15:54:37,016:WARNING:
'xgboost' is a soft dependency and not included in the pycaret installation. Please run: `pip install xgboost` to install.
Alternately, you can install this by running `pip install pycaret[models]`
2026-04-22 15:54:37,024:WARNING:
'catboost' is a soft dependency and not included in the pycaret installation. Please run: `pip install catboost` to install.
Alternately, you can install this by running `pip install pycaret[models]`
2026-04-22 15:54:37,024:INFO:Engine successfully changes for model 'knn' to 'sklearn'.
2026-04-22 15:54:37,025:WARNING:
'cuml' is a soft dependency and not included in the pycaret installation. Please run: `pip install cuml` to install.
2026-04-22 15:54:37,098:WARNING:
'cuml' is a soft dependency and not included in the pycaret installation. Please run: `pip install cuml` to install.
2026-04-22 15:54:37,098:WARNING:
'cuml' is a soft dependency and not included in the pycaret installation. Please run: `pip install cuml` to install.
2026-04-22 15:54:37,099:INFO:Engine for model 'rbfsvm' has not been set explicitly, hence returning None.
2026-04-22 15:54:37,099:WARNING:
'cuml' is a soft dependency and not included in the pycaret installation. Please run: `pip install cuml` to install.
2026-04-22 15:54:37,148:WARNING:
'cuml' is a soft dependency and not included in the pycaret installation. Please run: `pip install cuml` to install.
2026-04-22 15:54:37,155:WARNING:
'cuml' is a soft dependency and not included in the pycaret installation. Please run: `pip install cuml` to install.
2026-04-22 15:54:37,157:WARNING:
'xgboost' is a soft dependency and not included in the pycaret installation. Please run: `pip install xgboost` to install.
Alternately, you can install this by running `pip install pycaret[models]`
2026-04-22 15:54:37,166:WARNING:
'catboost' is a soft dependency and not included in the pycaret installation. Please run: `pip install catboost` to install.
Alternately, you can install this by running `pip install pycaret[models]`
2026-04-22 15:54:37,167:WARNING:
'cuml' is a soft dependency and not included in the pycaret installation. Please run: `pip install cuml` to install.
2026-04-22 15:54:37,254:WARNING:
'cuml' is a soft dependency and not included in the pycaret installation. Please run: `pip install cuml` to install.
2026-04-22 15:54:37,254:WARNING:
'cuml' is a soft dependency and not included in the pycaret installation. Please run: `pip install cuml` to install.
2026-04-22 15:54:37,255:INFO:Engine for model 'rbfsvm' has not been set explicitly, hence returning None.
2026-04-22 15:54:37,255:WARNING:
'cuml' is a soft dependency and not included in the pycaret installation. Please run: `pip install cuml` to install.
2026-04-22 15:54:37,288:WARNING:
'cuml' is a soft dependency and not included in the pycaret installation. Please run: `pip install cuml` to install.
2026-04-22 15:54:37,295:WARNING:
'cuml' is a soft dependency and not included in the pycaret installation. Please run: `pip install cuml` to install.
2026-04-22 15:54:37,297:WARNING:
'xgboost' is a soft dependency and not included in the pycaret installation. Please run: `pip install xgboost` to install.
Alternately, you can install this by running `pip install pycaret[models]`
2026-04-22 15:54:37,304:WARNING:
'catboost' is a soft dependency and not included in the pycaret installation. Please run: `pip install catboost` to install.
Alternately, you can install this by running `pip install pycaret[models]`
2026-04-22 15:54:37,304:INFO:Engine successfully changes for model 'rbfsvm' to 'sklearn'.
2026-04-22 15:54:37,305:WARNING:
'cuml' is a soft dependency and not included in the pycaret installation. Please run: `pip install cuml` to install.
2026-04-22 15:54:37,389:WARNING:
'cuml' is a soft dependency and not included in the pycaret installation. Please run: `pip install cuml` to install.
2026-04-22 15:54:37,390:WARNING:
'cuml' is a soft dependency and not included in the pycaret installation. Please run: `pip install cuml` to install.
2026-04-22 15:54:37,392:WARNING:
'cuml' is a soft dependency and not included in the pycaret installation. Please run: `pip install cuml` to install.
2026-04-22 15:54:37,429:WARNING:
'cuml' is a soft dependency and not included in the pycaret installation. Please run: `pip install cuml` to install.
2026-04-22 15:54:37,437:WARNING:
'cuml' is a soft dependency and not included in the pycaret installation. Please run: `pip install cuml` to install.
2026-04-22 15:54:37,438:WARNING:
'xgboost' is a soft dependency and not included in the pycaret installation. Please run: `pip install xgboost` to install.
Alternately, you can install this by running `pip install pycaret[models]`
2026-04-22 15:54:37,445:WARNING:
'catboost' is a soft dependency and not included in the pycaret installation. Please run: `pip install catboost` to install.
Alternately, you can install this by running `pip install pycaret[models]`
2026-04-22 15:54:37,446:WARNING:
'cuml' is a soft dependency and not included in the pycaret installation. Please run: `pip install cuml` to install.
2026-04-22 15:54:37,519:WARNING:
'cuml' is a soft dependency and not included in the pycaret installation. Please run: `pip install cuml` to install.
2026-04-22 15:54:37,520:WARNING:
'cuml' is a soft dependency and not included in the pycaret installation. Please run: `pip install cuml` to install.
2026-04-22 15:54:37,520:WARNING:
'cuml' is a soft dependency and not included in the pycaret installation. Please run: `pip install cuml` to install.
2026-04-22 15:54:37,551:WARNING:
'cuml' is a soft dependency and not included in the pycaret installation. Please run: `pip install cuml` to install.
2026-04-22 15:54:37,562:WARNING:
'cuml' is a soft dependency and not included in the pycaret installation. Please run: `pip install cuml` to install.
2026-04-22 15:54:37,565:WARNING:
'xgboost' is a soft dependency and not included in the pycaret installation. Please run: `pip install xgboost` to install.
Alternately, you can install this by running `pip install pycaret[models]`
2026-04-22 15:54:37,572:WARNING:
'catboost' is a soft dependency and not included in the pycaret installation. Please run: `pip install catboost` to install.
Alternately, you can install this by running `pip install pycaret[models]`
2026-04-22 15:54:37,770:INFO:Finished creating preprocessing pipeline.
2026-04-22 15:54:37,783:INFO:Pipeline: Pipeline(memory=FastMemory(location=/tmp/joblib), steps=[('placeholder', None)],
         verbose=False)
2026-04-22 15:54:37,784:INFO:Creating final display dataframe.
2026-04-22 15:54:39,722:INFO:Setup _display_container:                    Description             Value
0                   Session id               123
1                       Target  category_encoded
2                  Target type        Multiclass
3          Original data shape       (1079, 959)
4       Transformed data shape       (1079, 959)
5  Transformed train set shape        (755, 959)
6   Transformed test set shape        (324, 959)
7             Numeric features               958
2026-04-22 15:54:39,731:WARNING:
'cuml' is a soft dependency and not included in the pycaret installation. Please run: `pip install cuml` to install.
2026-04-22 15:54:39,807:WARNING:
'cuml' is a soft dependency and not included in the pycaret installation. Please run: `pip install cuml` to install.
2026-04-22 15:54:39,808:WARNING:
'cuml' is a soft dependency and not included in the pycaret installation. Please run: `pip install cuml` to install.
2026-04-22 15:54:39,810:WARNING:
'cuml' is a soft dependency and not included in the pycaret installation. Please run: `pip install cuml` to install.
2026-04-22 15:54:39,874:WARNING:
'cuml' is a soft dependency and not included in the pycaret installation. Please run: `pip install cuml` to install.
2026-04-22 15:54:39,887:WARNING:
'cuml' is a soft dependency and not included in the pycaret installation. Please run: `pip install cuml` to install.
2026-04-22 15:54:39,891:WARNING:
'xgboost' is a soft dependency and not included in the pycaret installation. Please run: `pip install xgboost` to install.
Alternately, you can install this by running `pip install pycaret[models]`
2026-04-22 15:54:39,962:WARNING:
'catboost' is a soft dependency and not included in the pycaret installation. Please run: `pip install catboost` to install.
Alternately, you can install this by running `pip install pycaret[models]`
2026-04-22 15:54:39,963:WARNING:
'cuml' is a soft dependency and not included in the pycaret installation. Please run: `pip install cuml` to install.
2026-04-22 15:54:40,060:WARNING:
'cuml' is a soft dependency and not included in the pycaret installation. Please run: `pip install cuml` to install.
2026-04-22 15:54:40,061:WARNING:
'cuml' is a soft dependency and not included in the pycaret installation. Please run: `pip install cuml` to install.
2026-04-22 15:54:40,063:WARNING:
'cuml' is a soft dependency and not included in the pycaret installation. Please run: `pip install cuml` to install.
2026-04-22 15:54:40,131:WARNING:
'cuml' is a soft dependency and not included in the pycaret installation. Please run: `pip install cuml` to install.
2026-04-22 15:54:40,146:WARNING:
'cuml' is a soft dependency and not included in the pycaret installation. Please run: `pip install cuml` to install.
2026-04-22 15:54:40,150:WARNING:
'xgboost' is a soft dependency and not included in the pycaret installation. Please run: `pip install xgboost` to install.
Alternately, you can install this by running `pip install pycaret[models]`
2026-04-22 15:54:40,203:WARNING:
'catboost' is a soft dependency and not included in the pycaret installation. Please run: `pip install catboost` to install.
Alternately, you can install this by running `pip install pycaret[models]`
2026-04-22 15:54:40,207:INFO:setup() successfully completed in 5.68s...............
2026-04-22 15:54:40,208:INFO:Initializing compare_models()
2026-04-22 15:54:40,208:INFO:compare_models(self=<pycaret.classification.oop.ClassificationExperiment object at 0x7f95817970d0>, include=None, fold=None, round=4, cross_validation=True, sort=Accuracy, n_select=1, budget_time=None, turbo=True, errors=ignore, fit_kwargs=None, groups=None, experiment_custom_tags=None, probability_threshold=None, verbose=True, parallel=None, caller_params={'self': <pycaret.classification.oop.ClassificationExperiment object at 0x7f95817970d0>, 'include': None, 'exclude': ['gbc'], 'fold': None, 'round': 4, 'cross_validation': True, 'sort': 'Accuracy', 'n_select': 1, 'budget_time': None, 'turbo': True, 'errors': 'ignore', 'fit_kwargs': None, 'groups': None, 'experiment_custom_tags': None, 'probability_threshold': None, 'engine': None, 'verbose': True, 'parallel': None, '__class__': <class 'pycaret.classification.oop.ClassificationExperiment'>}, exclude=['gbc'])
2026-04-22 15:54:40,209:INFO:Checking exceptions
2026-04-22 15:54:40,535:INFO:Preparing display monitor
2026-04-22 15:54:40,628:INFO:Initializing Logistic Regression
2026-04-22 15:54:40,629:INFO:Total runtime is 1.1599063873291015e-05 minutes
2026-04-22 15:54:40,646:INFO:SubProcess create_model() called ==================================
2026-04-22 15:54:40,648:INFO:Initializing create_model()
2026-04-22 15:54:40,648:INFO:create_model(self=<pycaret.classification.oop.ClassificationExperiment object at 0x7f95817970d0>, estimator=lr, fold=KFold(n_splits=3, random_state=123, shuffle=True), round=4, cross_validation=True, predict=True, fit_kwargs={}, groups=None, refit=False, probability_threshold=None, experiment_custom_tags=None, verbose=False, system=False, add_to_model_list=True, metrics=None, display=<pycaret.internal.display.display.CommonDisplay object at 0x7f952e231090>, model_only=True, return_train_score=False, error_score=0.0, kwargs={})
2026-04-22 15:54:40,650:INFO:Checking exceptions
2026-04-22 15:54:40,650:INFO:Importing libraries
2026-04-22 15:54:40,650:INFO:Copying training dataset
2026-04-22 15:54:41,394:INFO:Defining folds
2026-04-22 15:54:41,395:INFO:Declaring metric variables
2026-04-22 15:54:41,406:INFO:Importing untrained model
2026-04-22 15:54:41,418:INFO:Logistic Regression Imported successfully
2026-04-22 15:54:41,442:INFO:Starting cross validation
2026-04-22 15:54:41,445:INFO:Cross validating with KFold(n_splits=3, random_state=123, shuffle=True), n_jobs=1
2026-04-22 15:54:43,488:WARNING:/home/alex/.cache/pypoetry/virtualenvs/klasifikacia-webu-learn-PzL4HxyJ-py3.10/lib/python3.10/site-packages/pycaret/internal/metrics.py:204: FitFailedWarning: Metric 'make_scorer(roc_auc_score, response_method=('decision_function', 'predict_proba'), average=weighted, multi_class=ovr)' failed and error score 0.0 has been returned instead. If this is a custom metric, this usually means that the error is in the metric code. Full exception below:
Traceback (most recent call last):
  File "/home/alex/.cache/pypoetry/virtualenvs/klasifikacia-webu-learn-PzL4HxyJ-py3.10/lib/python3.10/site-packages/pycaret/internal/metrics.py", line 196, in _score
    return super()._score(
  File "/home/alex/.cache/pypoetry/virtualenvs/klasifikacia-webu-learn-PzL4HxyJ-py3.10/lib/python3.10/site-packages/sklearn/metrics/_scorer.py", line 350, in _score
    return self._sign * self._score_func(y_true, y_pred, **scoring_kwargs)
  File "/home/alex/.cache/pypoetry/virtualenvs/klasifikacia-webu-learn-PzL4HxyJ-py3.10/lib/python3.10/site-packages/pycaret/internal/metrics.py", line 144, in __call__
    return self.score_func(y_true, y_pred, **kwargs)
  File "/home/alex/.cache/pypoetry/virtualenvs/klasifikacia-webu-learn-PzL4HxyJ-py3.10/lib/python3.10/site-packages/sklearn/utils/_param_validation.py", line 213, in wrapper
    return func(*args, **kwargs)
  File "/home/alex/.cache/pypoetry/virtualenvs/klasifikacia-webu-learn-PzL4HxyJ-py3.10/lib/python3.10/site-packages/sklearn/metrics/_ranking.py", line 634, in roc_auc_score
    return _multiclass_roc_auc_score(
  File "/home/alex/.cache/pypoetry/virtualenvs/klasifikacia-webu-learn-PzL4HxyJ-py3.10/lib/python3.10/site-packages/sklearn/metrics/_ranking.py", line 707, in _multiclass_roc_auc_score
    raise ValueError(
ValueError: Target scores need to be probabilities for multiclass roc_auc, i.e. they should sum up to 1.0 over classes

  warnings.warn(

2026-04-22 15:54:46,648:WARNING:/home/alex/.cache/pypoetry/virtualenvs/klasifikacia-webu-learn-PzL4HxyJ-py3.10/lib/python3.10/site-packages/pycaret/internal/metrics.py:204: FitFailedWarning: Metric 'make_scorer(roc_auc_score, response_method=('decision_function', 'predict_proba'), average=weighted, multi_class=ovr)' failed and error score 0.0 has been returned instead. If this is a custom metric, this usually means that the error is in the metric code. Full exception below:
Traceback (most recent call last):
  File "/home/alex/.cache/pypoetry/virtualenvs/klasifikacia-webu-learn-PzL4HxyJ-py3.10/lib/python3.10/site-packages/pycaret/internal/metrics.py", line 196, in _score
    return super()._score(
  File "/home/alex/.cache/pypoetry/virtualenvs/klasifikacia-webu-learn-PzL4HxyJ-py3.10/lib/python3.10/site-packages/sklearn/metrics/_scorer.py", line 350, in _score
    return self._sign * self._score_func(y_true, y_pred, **scoring_kwargs)
  File "/home/alex/.cache/pypoetry/virtualenvs/klasifikacia-webu-learn-PzL4HxyJ-py3.10/lib/python3.10/site-packages/pycaret/internal/metrics.py", line 144, in __call__
    return self.score_func(y_true, y_pred, **kwargs)
  File "/home/alex/.cache/pypoetry/virtualenvs/klasifikacia-webu-learn-PzL4HxyJ-py3.10/lib/python3.10/site-packages/sklearn/utils/_param_validation.py", line 213, in wrapper
    return func(*args, **kwargs)
  File "/home/alex/.cache/pypoetry/virtualenvs/klasifikacia-webu-learn-PzL4HxyJ-py3.10/lib/python3.10/site-packages/sklearn/metrics/_ranking.py", line 634, in roc_auc_score
    return _multiclass_roc_auc_score(
  File "/home/alex/.cache/pypoetry/virtualenvs/klasifikacia-webu-learn-PzL4HxyJ-py3.10/lib/python3.10/site-packages/sklearn/metrics/_ranking.py", line 707, in _multiclass_roc_auc_score
    raise ValueError(
ValueError: Target scores need to be probabilities for multiclass roc_auc, i.e. they should sum up to 1.0 over classes

  warnings.warn(

2026-04-22 15:54:48,915:WARNING:/home/alex/.cache/pypoetry/virtualenvs/klasifikacia-webu-learn-PzL4HxyJ-py3.10/lib/python3.10/site-packages/pycaret/internal/metrics.py:204: FitFailedWarning: Metric 'make_scorer(roc_auc_score, response_method=('decision_function', 'predict_proba'), average=weighted, multi_class=ovr)' failed and error score 0.0 has been returned instead. If this is a custom metric, this usually means that the error is in the metric code. Full exception below:
Traceback (most recent call last):
  File "/home/alex/.cache/pypoetry/virtualenvs/klasifikacia-webu-learn-PzL4HxyJ-py3.10/lib/python3.10/site-packages/pycaret/internal/metrics.py", line 196, in _score
    return super()._score(
  File "/home/alex/.cache/pypoetry/virtualenvs/klasifikacia-webu-learn-PzL4HxyJ-py3.10/lib/python3.10/site-packages/sklearn/metrics/_scorer.py", line 350, in _score
    return self._sign * self._score_func(y_true, y_pred, **scoring_kwargs)
  File "/home/alex/.cache/pypoetry/virtualenvs/klasifikacia-webu-learn-PzL4HxyJ-py3.10/lib/python3.10/site-packages/pycaret/internal/metrics.py", line 144, in __call__
    return self.score_func(y_true, y_pred, **kwargs)
  File "/home/alex/.cache/pypoetry/virtualenvs/klasifikacia-webu-learn-PzL4HxyJ-py3.10/lib/python3.10/site-packages/sklearn/utils/_param_validation.py", line 213, in wrapper
    return func(*args, **kwargs)
  File "/home/alex/.cache/pypoetry/virtualenvs/klasifikacia-webu-learn-PzL4HxyJ-py3.10/lib/python3.10/site-packages/sklearn/metrics/_ranking.py", line 634, in roc_auc_score
    return _multiclass_roc_auc_score(
  File "/home/alex/.cache/pypoetry/virtualenvs/klasifikacia-webu-learn-PzL4HxyJ-py3.10/lib/python3.10/site-packages/sklearn/metrics/_ranking.py", line 707, in _multiclass_roc_auc_score
    raise ValueError(
ValueError: Target scores need to be probabilities for multiclass roc_auc, i.e. they should sum up to 1.0 over classes

  warnings.warn(

2026-04-22 15:54:48,955:INFO:Calculating mean and std
2026-04-22 15:54:48,959:INFO:Creating metrics dataframe
2026-04-22 15:54:48,966:INFO:Uploading results into container
2026-04-22 15:54:48,969:INFO:Uploading model into container now
2026-04-22 15:54:48,970:INFO:_master_model_container: 1
2026-04-22 15:54:48,970:INFO:_display_container: 2
2026-04-22 15:54:48,972:INFO:LogisticRegression(C=1.0, class_weight=None, dual=False, fit_intercept=True,
                   intercept_scaling=1, l1_ratio=None, max_iter=1000,
                   multi_class='auto', n_jobs=None, penalty='l2',
                   random_state=123, solver='lbfgs', tol=0.0001, verbose=0,
                   warm_start=False)
2026-04-22 15:54:48,972:INFO:create_model() successfully completed......................................
2026-04-22 15:54:49,134:INFO:SubProcess create_model() end ==================================
2026-04-22 15:54:49,135:INFO:Creating metrics dataframe
2026-04-22 15:54:49,148:INFO:Initializing K Neighbors Classifier
2026-04-22 15:54:49,148:INFO:Total runtime is 0.14200268189112347 minutes
2026-04-22 15:54:49,155:INFO:SubProcess create_model() called ==================================
2026-04-22 15:54:49,155:INFO:Initializing create_model()
2026-04-22 15:54:49,155:INFO:create_model(self=<pycaret.classification.oop.ClassificationExperiment object at 0x7f95817970d0>, estimator=knn, fold=KFold(n_splits=3, random_state=123, shuffle=True), round=4, cross_validation=True, predict=True, fit_kwargs={}, groups=None, refit=False, probability_threshold=None, experiment_custom_tags=None, verbose=False, system=False, add_to_model_list=True, metrics=None, display=<pycaret.internal.display.display.CommonDisplay object at 0x7f952e231090>, model_only=True, return_train_score=False, error_score=0.0, kwargs={})
2026-04-22 15:54:49,155:INFO:Checking exceptions
2026-04-22 15:54:49,156:INFO:Importing libraries
2026-04-22 15:54:49,156:INFO:Copying training dataset
2026-04-22 15:54:49,500:INFO:Defining folds
2026-04-22 15:54:49,500:INFO:Declaring metric variables
2026-04-22 15:54:49,509:INFO:Importing untrained model
2026-04-22 15:54:49,517:INFO:K Neighbors Classifier Imported successfully
2026-04-22 15:54:49,537:INFO:Starting cross validation
2026-04-22 15:54:49,540:INFO:Cross validating with KFold(n_splits=3, random_state=123, shuffle=True), n_jobs=1
2026-04-22 15:54:50,559:INFO:Calculating mean and std
2026-04-22 15:54:50,561:INFO:Creating metrics dataframe
2026-04-22 15:54:50,564:INFO:Uploading results into container
2026-04-22 15:54:50,565:INFO:Uploading model into container now
2026-04-22 15:54:50,565:INFO:_master_model_container: 2
2026-04-22 15:54:50,565:INFO:_display_container: 2
2026-04-22 15:54:50,566:INFO:KNeighborsClassifier(algorithm='auto', leaf_size=30, metric='minkowski',
                     metric_params=None, n_jobs=-1, n_neighbors=5, p=2,
                     weights='uniform')
2026-04-22 15:54:50,566:INFO:create_model() successfully completed......................................
2026-04-22 15:54:50,683:INFO:SubProcess create_model() end ==================================
2026-04-22 15:54:50,683:INFO:Creating metrics dataframe
2026-04-22 15:54:50,698:INFO:Initializing Naive Bayes
2026-04-22 15:54:50,698:INFO:Total runtime is 0.16783833503723147 minutes
2026-04-22 15:54:50,704:INFO:SubProcess create_model() called ==================================
2026-04-22 15:54:50,705:INFO:Initializing create_model()
2026-04-22 15:54:50,705:INFO:create_model(self=<pycaret.classification.oop.ClassificationExperiment object at 0x7f95817970d0>, estimator=nb, fold=KFold(n_splits=3, random_state=123, shuffle=True), round=4, cross_validation=True, predict=True, fit_kwargs={}, groups=None, refit=False, probability_threshold=None, experiment_custom_tags=None, verbose=False, system=False, add_to_model_list=True, metrics=None, display=<pycaret.internal.display.display.CommonDisplay object at 0x7f952e231090>, model_only=True, return_train_score=False, error_score=0.0, kwargs={})
2026-04-22 15:54:50,705:INFO:Checking exceptions
2026-04-22 15:54:50,706:INFO:Importing libraries
2026-04-22 15:54:50,706:INFO:Copying training dataset
2026-04-22 15:54:50,993:INFO:Defining folds
2026-04-22 15:54:50,993:INFO:Declaring metric variables
2026-04-22 15:54:51,007:INFO:Importing untrained model
2026-04-22 15:54:51,016:INFO:Naive Bayes Imported successfully
2026-04-22 15:54:51,035:INFO:Starting cross validation
2026-04-22 15:54:51,039:INFO:Cross validating with KFold(n_splits=3, random_state=123, shuffle=True), n_jobs=1
2026-04-22 15:54:52,343:INFO:Calculating mean and std
2026-04-22 15:54:52,346:INFO:Creating metrics dataframe
2026-04-22 15:54:52,352:INFO:Uploading results into container
2026-04-22 15:54:52,359:INFO:Uploading model into container now
2026-04-22 15:54:52,360:INFO:_master_model_container: 3
2026-04-22 15:54:52,361:INFO:_display_container: 2
2026-04-22 15:54:52,362:INFO:GaussianNB(priors=None, var_smoothing=1e-09)
2026-04-22 15:54:52,362:INFO:create_model() successfully completed......................................
2026-04-22 15:54:52,537:INFO:SubProcess create_model() end ==================================
2026-04-22 15:54:52,537:INFO:Creating metrics dataframe
2026-04-22 15:54:52,565:INFO:Initializing Decision Tree Classifier
2026-04-22 15:54:52,566:INFO:Total runtime is 0.1989684104919434 minutes
2026-04-22 15:54:52,577:INFO:SubProcess create_model() called ==================================
2026-04-22 15:54:52,579:INFO:Initializing create_model()
2026-04-22 15:54:52,580:INFO:create_model(self=<pycaret.classification.oop.ClassificationExperiment object at 0x7f95817970d0>, estimator=dt, fold=KFold(n_splits=3, random_state=123, shuffle=True), round=4, cross_validation=True, predict=True, fit_kwargs={}, groups=None, refit=False, probability_threshold=None, experiment_custom_tags=None, verbose=False, system=False, add_to_model_list=True, metrics=None, display=<pycaret.internal.display.display.CommonDisplay object at 0x7f952e231090>, model_only=True, return_train_score=False, error_score=0.0, kwargs={})
2026-04-22 15:54:52,580:INFO:Checking exceptions
2026-04-22 15:54:52,580:INFO:Importing libraries
2026-04-22 15:54:52,582:INFO:Copying training dataset
2026-04-22 15:54:53,030:INFO:Defining folds
2026-04-22 15:54:53,031:INFO:Declaring metric variables
2026-04-22 15:54:53,044:INFO:Importing untrained model
2026-04-22 15:54:53,059:INFO:Decision Tree Classifier Imported successfully
2026-04-22 15:54:53,080:INFO:Starting cross validation
2026-04-22 15:54:53,083:INFO:Cross validating with KFold(n_splits=3, random_state=123, shuffle=True), n_jobs=1
2026-04-22 15:54:54,184:INFO:Calculating mean and std
2026-04-22 15:54:54,186:INFO:Creating metrics dataframe
2026-04-22 15:54:54,188:INFO:Uploading results into container
2026-04-22 15:54:54,189:INFO:Uploading model into container now
2026-04-22 15:54:54,190:INFO:_master_model_container: 4
2026-04-22 15:54:54,190:INFO:_display_container: 2
2026-04-22 15:54:54,190:INFO:DecisionTreeClassifier(ccp_alpha=0.0, class_weight=None, criterion='gini',
                       max_depth=None, max_features=None, max_leaf_nodes=None,
                       min_impurity_decrease=0.0, min_samples_leaf=1,
                       min_samples_split=2, min_weight_fraction_leaf=0.0,
                       monotonic_cst=None, random_state=123, splitter='best')
2026-04-22 15:54:54,190:INFO:create_model() successfully completed......................................
2026-04-22 15:54:54,312:INFO:SubProcess create_model() end ==================================
2026-04-22 15:54:54,313:INFO:Creating metrics dataframe
2026-04-22 15:54:54,333:INFO:Initializing SVM - Linear Kernel
2026-04-22 15:54:54,333:INFO:Total runtime is 0.2284195184707642 minutes
2026-04-22 15:54:54,340:INFO:SubProcess create_model() called ==================================
2026-04-22 15:54:54,341:INFO:Initializing create_model()
2026-04-22 15:54:54,341:INFO:create_model(self=<pycaret.classification.oop.ClassificationExperiment object at 0x7f95817970d0>, estimator=svm, fold=KFold(n_splits=3, random_state=123, shuffle=True), round=4, cross_validation=True, predict=True, fit_kwargs={}, groups=None, refit=False, probability_threshold=None, experiment_custom_tags=None, verbose=False, system=False, add_to_model_list=True, metrics=None, display=<pycaret.internal.display.display.CommonDisplay object at 0x7f952e231090>, model_only=True, return_train_score=False, error_score=0.0, kwargs={})
2026-04-22 15:54:54,341:INFO:Checking exceptions
2026-04-22 15:54:54,341:INFO:Importing libraries
2026-04-22 15:54:54,341:INFO:Copying training dataset
2026-04-22 15:54:54,851:INFO:Defining folds
2026-04-22 15:54:54,852:INFO:Declaring metric variables
2026-04-22 15:54:54,863:INFO:Importing untrained model
2026-04-22 15:54:54,878:INFO:SVM - Linear Kernel Imported successfully
2026-04-22 15:54:54,900:INFO:Starting cross validation
2026-04-22 15:54:54,904:INFO:Cross validating with KFold(n_splits=3, random_state=123, shuffle=True), n_jobs=1
2026-04-22 15:54:55,549:WARNING:/home/alex/.cache/pypoetry/virtualenvs/klasifikacia-webu-learn-PzL4HxyJ-py3.10/lib/python3.10/site-packages/pycaret/internal/metrics.py:204: FitFailedWarning: Metric 'make_scorer(roc_auc_score, response_method=('decision_function', 'predict_proba'), average=weighted, multi_class=ovr)' failed and error score 0.0 has been returned instead. If this is a custom metric, this usually means that the error is in the metric code. Full exception below:
Traceback (most recent call last):
  File "/home/alex/.cache/pypoetry/virtualenvs/klasifikacia-webu-learn-PzL4HxyJ-py3.10/lib/python3.10/site-packages/pycaret/internal/metrics.py", line 196, in _score
    return super()._score(
  File "/home/alex/.cache/pypoetry/virtualenvs/klasifikacia-webu-learn-PzL4HxyJ-py3.10/lib/python3.10/site-packages/sklearn/metrics/_scorer.py", line 350, in _score
    return self._sign * self._score_func(y_true, y_pred, **scoring_kwargs)
  File "/home/alex/.cache/pypoetry/virtualenvs/klasifikacia-webu-learn-PzL4HxyJ-py3.10/lib/python3.10/site-packages/pycaret/internal/metrics.py", line 144, in __call__
    return self.score_func(y_true, y_pred, **kwargs)
  File "/home/alex/.cache/pypoetry/virtualenvs/klasifikacia-webu-learn-PzL4HxyJ-py3.10/lib/python3.10/site-packages/sklearn/utils/_param_validation.py", line 213, in wrapper
    return func(*args, **kwargs)
  File "/home/alex/.cache/pypoetry/virtualenvs/klasifikacia-webu-learn-PzL4HxyJ-py3.10/lib/python3.10/site-packages/sklearn/metrics/_ranking.py", line 634, in roc_auc_score
    return _multiclass_roc_auc_score(
  File "/home/alex/.cache/pypoetry/virtualenvs/klasifikacia-webu-learn-PzL4HxyJ-py3.10/lib/python3.10/site-packages/sklearn/metrics/_ranking.py", line 707, in _multiclass_roc_auc_score
    raise ValueError(
ValueError: Target scores need to be probabilities for multiclass roc_auc, i.e. they should sum up to 1.0 over classes

  warnings.warn(

2026-04-22 15:54:56,086:WARNING:/home/alex/.cache/pypoetry/virtualenvs/klasifikacia-webu-learn-PzL4HxyJ-py3.10/lib/python3.10/site-packages/pycaret/internal/metrics.py:204: FitFailedWarning: Metric 'make_scorer(roc_auc_score, response_method=('decision_function', 'predict_proba'), average=weighted, multi_class=ovr)' failed and error score 0.0 has been returned instead. If this is a custom metric, this usually means that the error is in the metric code. Full exception below:
Traceback (most recent call last):
  File "/home/alex/.cache/pypoetry/virtualenvs/klasifikacia-webu-learn-PzL4HxyJ-py3.10/lib/python3.10/site-packages/pycaret/internal/metrics.py", line 196, in _score
    return super()._score(
  File "/home/alex/.cache/pypoetry/virtualenvs/klasifikacia-webu-learn-PzL4HxyJ-py3.10/lib/python3.10/site-packages/sklearn/metrics/_scorer.py", line 350, in _score
    return self._sign * self._score_func(y_true, y_pred, **scoring_kwargs)
  File "/home/alex/.cache/pypoetry/virtualenvs/klasifikacia-webu-learn-PzL4HxyJ-py3.10/lib/python3.10/site-packages/pycaret/internal/metrics.py", line 144, in __call__
    return self.score_func(y_true, y_pred, **kwargs)
  File "/home/alex/.cache/pypoetry/virtualenvs/klasifikacia-webu-learn-PzL4HxyJ-py3.10/lib/python3.10/site-packages/sklearn/utils/_param_validation.py", line 213, in wrapper
    return func(*args, **kwargs)
  File "/home/alex/.cache/pypoetry/virtualenvs/klasifikacia-webu-learn-PzL4HxyJ-py3.10/lib/python3.10/site-packages/sklearn/metrics/_ranking.py", line 634, in roc_auc_score
    return _multiclass_roc_auc_score(
  File "/home/alex/.cache/pypoetry/virtualenvs/klasifikacia-webu-learn-PzL4HxyJ-py3.10/lib/python3.10/site-packages/sklearn/metrics/_ranking.py", line 707, in _multiclass_roc_auc_score
    raise ValueError(
ValueError: Target scores need to be probabilities for multiclass roc_auc, i.e. they should sum up to 1.0 over classes

  warnings.warn(

2026-04-22 15:54:56,721:WARNING:/home/alex/.cache/pypoetry/virtualenvs/klasifikacia-webu-learn-PzL4HxyJ-py3.10/lib/python3.10/site-packages/pycaret/internal/metrics.py:204: FitFailedWarning: Metric 'make_scorer(roc_auc_score, response_method=('decision_function', 'predict_proba'), average=weighted, multi_class=ovr)' failed and error score 0.0 has been returned instead. If this is a custom metric, this usually means that the error is in the metric code. Full exception below:
Traceback (most recent call last):
  File "/home/alex/.cache/pypoetry/virtualenvs/klasifikacia-webu-learn-PzL4HxyJ-py3.10/lib/python3.10/site-packages/pycaret/internal/metrics.py", line 196, in _score
    return super()._score(
  File "/home/alex/.cache/pypoetry/virtualenvs/klasifikacia-webu-learn-PzL4HxyJ-py3.10/lib/python3.10/site-packages/sklearn/metrics/_scorer.py", line 350, in _score
    return self._sign * self._score_func(y_true, y_pred, **scoring_kwargs)
  File "/home/alex/.cache/pypoetry/virtualenvs/klasifikacia-webu-learn-PzL4HxyJ-py3.10/lib/python3.10/site-packages/pycaret/internal/metrics.py", line 144, in __call__
    return self.score_func(y_true, y_pred, **kwargs)
  File "/home/alex/.cache/pypoetry/virtualenvs/klasifikacia-webu-learn-PzL4HxyJ-py3.10/lib/python3.10/site-packages/sklearn/utils/_param_validation.py", line 213, in wrapper
    return func(*args, **kwargs)
  File "/home/alex/.cache/pypoetry/virtualenvs/klasifikacia-webu-learn-PzL4HxyJ-py3.10/lib/python3.10/site-packages/sklearn/metrics/_ranking.py", line 634, in roc_auc_score
    return _multiclass_roc_auc_score(
  File "/home/alex/.cache/pypoetry/virtualenvs/klasifikacia-webu-learn-PzL4HxyJ-py3.10/lib/python3.10/site-packages/sklearn/metrics/_ranking.py", line 707, in _multiclass_roc_auc_score
    raise ValueError(
ValueError: Target scores need to be probabilities for multiclass roc_auc, i.e. they should sum up to 1.0 over classes

  warnings.warn(

2026-04-22 15:54:56,780:INFO:Calculating mean and std
2026-04-22 15:54:56,785:INFO:Creating metrics dataframe
2026-04-22 15:54:56,815:INFO:Uploading results into container
2026-04-22 15:54:56,820:INFO:Uploading model into container now
2026-04-22 15:54:56,821:INFO:_master_model_container: 5
2026-04-22 15:54:56,822:INFO:_display_container: 2
2026-04-22 15:54:56,825:INFO:SGDClassifier(alpha=0.0001, average=False, class_weight=None,
              early_stopping=False, epsilon=0.1, eta0=0.001, fit_intercept=True,
              l1_ratio=0.15, learning_rate='optimal', loss='hinge',
              max_iter=1000, n_iter_no_change=5, n_jobs=-1, penalty='l2',
              power_t=0.5, random_state=123, shuffle=True, tol=0.001,
              validation_fraction=0.1, verbose=0, warm_start=False)
2026-04-22 15:54:56,830:INFO:create_model() successfully completed......................................
2026-04-22 15:54:57,040:INFO:SubProcess create_model() end ==================================
2026-04-22 15:54:57,040:INFO:Creating metrics dataframe
2026-04-22 15:54:57,070:INFO:Initializing Ridge Classifier
2026-04-22 15:54:57,070:INFO:Total runtime is 0.27403916120529176 minutes
2026-04-22 15:54:57,082:INFO:SubProcess create_model() called ==================================
2026-04-22 15:54:57,083:INFO:Initializing create_model()
2026-04-22 15:54:57,083:INFO:create_model(self=<pycaret.classification.oop.ClassificationExperiment object at 0x7f95817970d0>, estimator=ridge, fold=KFold(n_splits=3, random_state=123, shuffle=True), round=4, cross_validation=True, predict=True, fit_kwargs={}, groups=None, refit=False, probability_threshold=None, experiment_custom_tags=None, verbose=False, system=False, add_to_model_list=True, metrics=None, display=<pycaret.internal.display.display.CommonDisplay object at 0x7f952e231090>, model_only=True, return_train_score=False, error_score=0.0, kwargs={})
2026-04-22 15:54:57,083:INFO:Checking exceptions
2026-04-22 15:54:57,083:INFO:Importing libraries
2026-04-22 15:54:57,084:INFO:Copying training dataset
2026-04-22 15:54:57,640:INFO:Defining folds
2026-04-22 15:54:57,640:INFO:Declaring metric variables
2026-04-22 15:54:57,651:INFO:Importing untrained model
2026-04-22 15:54:57,665:INFO:Ridge Classifier Imported successfully
2026-04-22 15:54:57,691:INFO:Starting cross validation
2026-04-22 15:54:57,695:INFO:Cross validating with KFold(n_splits=3, random_state=123, shuffle=True), n_jobs=1
2026-04-22 15:54:58,253:WARNING:/home/alex/.cache/pypoetry/virtualenvs/klasifikacia-webu-learn-PzL4HxyJ-py3.10/lib/python3.10/site-packages/pycaret/internal/metrics.py:204: FitFailedWarning: Metric 'make_scorer(roc_auc_score, response_method=('decision_function', 'predict_proba'), average=weighted, multi_class=ovr)' failed and error score 0.0 has been returned instead. If this is a custom metric, this usually means that the error is in the metric code. Full exception below:
Traceback (most recent call last):
  File "/home/alex/.cache/pypoetry/virtualenvs/klasifikacia-webu-learn-PzL4HxyJ-py3.10/lib/python3.10/site-packages/pycaret/internal/metrics.py", line 196, in _score
    return super()._score(
  File "/home/alex/.cache/pypoetry/virtualenvs/klasifikacia-webu-learn-PzL4HxyJ-py3.10/lib/python3.10/site-packages/sklearn/metrics/_scorer.py", line 350, in _score
    return self._sign * self._score_func(y_true, y_pred, **scoring_kwargs)
  File "/home/alex/.cache/pypoetry/virtualenvs/klasifikacia-webu-learn-PzL4HxyJ-py3.10/lib/python3.10/site-packages/pycaret/internal/metrics.py", line 144, in __call__
    return self.score_func(y_true, y_pred, **kwargs)
  File "/home/alex/.cache/pypoetry/virtualenvs/klasifikacia-webu-learn-PzL4HxyJ-py3.10/lib/python3.10/site-packages/sklearn/utils/_param_validation.py", line 213, in wrapper
    return func(*args, **kwargs)
  File "/home/alex/.cache/pypoetry/virtualenvs/klasifikacia-webu-learn-PzL4HxyJ-py3.10/lib/python3.10/site-packages/sklearn/metrics/_ranking.py", line 634, in roc_auc_score
    return _multiclass_roc_auc_score(
  File "/home/alex/.cache/pypoetry/virtualenvs/klasifikacia-webu-learn-PzL4HxyJ-py3.10/lib/python3.10/site-packages/sklearn/metrics/_ranking.py", line 707, in _multiclass_roc_auc_score
    raise ValueError(
ValueError: Target scores need to be probabilities for multiclass roc_auc, i.e. they should sum up to 1.0 over classes

  warnings.warn(

2026-04-22 15:54:58,921:WARNING:/home/alex/.cache/pypoetry/virtualenvs/klasifikacia-webu-learn-PzL4HxyJ-py3.10/lib/python3.10/site-packages/pycaret/internal/metrics.py:204: FitFailedWarning: Metric 'make_scorer(roc_auc_score, response_method=('decision_function', 'predict_proba'), average=weighted, multi_class=ovr)' failed and error score 0.0 has been returned instead. If this is a custom metric, this usually means that the error is in the metric code. Full exception below:
Traceback (most recent call last):
  File "/home/alex/.cache/pypoetry/virtualenvs/klasifikacia-webu-learn-PzL4HxyJ-py3.10/lib/python3.10/site-packages/pycaret/internal/metrics.py", line 196, in _score
    return super()._score(
  File "/home/alex/.cache/pypoetry/virtualenvs/klasifikacia-webu-learn-PzL4HxyJ-py3.10/lib/python3.10/site-packages/sklearn/metrics/_scorer.py", line 350, in _score
    return self._sign * self._score_func(y_true, y_pred, **scoring_kwargs)
  File "/home/alex/.cache/pypoetry/virtualenvs/klasifikacia-webu-learn-PzL4HxyJ-py3.10/lib/python3.10/site-packages/pycaret/internal/metrics.py", line 144, in __call__
    return self.score_func(y_true, y_pred, **kwargs)
  File "/home/alex/.cache/pypoetry/virtualenvs/klasifikacia-webu-learn-PzL4HxyJ-py3.10/lib/python3.10/site-packages/sklearn/utils/_param_validation.py", line 213, in wrapper
    return func(*args, **kwargs)
  File "/home/alex/.cache/pypoetry/virtualenvs/klasifikacia-webu-learn-PzL4HxyJ-py3.10/lib/python3.10/site-packages/sklearn/metrics/_ranking.py", line 634, in roc_auc_score
    return _multiclass_roc_auc_score(
  File "/home/alex/.cache/pypoetry/virtualenvs/klasifikacia-webu-learn-PzL4HxyJ-py3.10/lib/python3.10/site-packages/sklearn/metrics/_ranking.py", line 707, in _multiclass_roc_auc_score
    raise ValueError(
ValueError: Target scores need to be probabilities for multiclass roc_auc, i.e. they should sum up to 1.0 over classes

  warnings.warn(

2026-04-22 15:54:59,662:WARNING:/home/alex/.cache/pypoetry/virtualenvs/klasifikacia-webu-learn-PzL4HxyJ-py3.10/lib/python3.10/site-packages/pycaret/internal/metrics.py:204: FitFailedWarning: Metric 'make_scorer(roc_auc_score, response_method=('decision_function', 'predict_proba'), average=weighted, multi_class=ovr)' failed and error score 0.0 has been returned instead. If this is a custom metric, this usually means that the error is in the metric code. Full exception below:
Traceback (most recent call last):
  File "/home/alex/.cache/pypoetry/virtualenvs/klasifikacia-webu-learn-PzL4HxyJ-py3.10/lib/python3.10/site-packages/pycaret/internal/metrics.py", line 196, in _score
    return super()._score(
  File "/home/alex/.cache/pypoetry/virtualenvs/klasifikacia-webu-learn-PzL4HxyJ-py3.10/lib/python3.10/site-packages/sklearn/metrics/_scorer.py", line 350, in _score
    return self._sign * self._score_func(y_true, y_pred, **scoring_kwargs)
  File "/home/alex/.cache/pypoetry/virtualenvs/klasifikacia-webu-learn-PzL4HxyJ-py3.10/lib/python3.10/site-packages/pycaret/internal/metrics.py", line 144, in __call__
    return self.score_func(y_true, y_pred, **kwargs)
  File "/home/alex/.cache/pypoetry/virtualenvs/klasifikacia-webu-learn-PzL4HxyJ-py3.10/lib/python3.10/site-packages/sklearn/utils/_param_validation.py", line 213, in wrapper
    return func(*args, **kwargs)
  File "/home/alex/.cache/pypoetry/virtualenvs/klasifikacia-webu-learn-PzL4HxyJ-py3.10/lib/python3.10/site-packages/sklearn/metrics/_ranking.py", line 634, in roc_auc_score
    return _multiclass_roc_auc_score(
  File "/home/alex/.cache/pypoetry/virtualenvs/klasifikacia-webu-learn-PzL4HxyJ-py3.10/lib/python3.10/site-packages/sklearn/metrics/_ranking.py", line 707, in _multiclass_roc_auc_score
    raise ValueError(
ValueError: Target scores need to be probabilities for multiclass roc_auc, i.e. they should sum up to 1.0 over classes

  warnings.warn(

2026-04-22 15:54:59,709:INFO:Calculating mean and std
2026-04-22 15:54:59,713:INFO:Creating metrics dataframe
2026-04-22 15:54:59,720:INFO:Uploading results into container
2026-04-22 15:54:59,722:INFO:Uploading model into container now
2026-04-22 15:54:59,723:INFO:_master_model_container: 6
2026-04-22 15:54:59,724:INFO:_display_container: 2
2026-04-22 15:54:59,725:INFO:RidgeClassifier(alpha=1.0, class_weight=None, copy_X=True, fit_intercept=True,
                max_iter=None, positive=False, random_state=123, solver='auto',
                tol=0.0001)
2026-04-22 15:54:59,726:INFO:create_model() successfully completed......................................
2026-04-22 15:54:59,922:INFO:SubProcess create_model() end ==================================
2026-04-22 15:54:59,922:INFO:Creating metrics dataframe
2026-04-22 15:54:59,963:INFO:Initializing Random Forest Classifier
2026-04-22 15:54:59,964:INFO:Total runtime is 0.3222620646158854 minutes
2026-04-22 15:54:59,979:INFO:SubProcess create_model() called ==================================
2026-04-22 15:54:59,981:INFO:Initializing create_model()
2026-04-22 15:54:59,981:INFO:create_model(self=<pycaret.classification.oop.ClassificationExperiment object at 0x7f95817970d0>, estimator=rf, fold=KFold(n_splits=3, random_state=123, shuffle=True), round=4, cross_validation=True, predict=True, fit_kwargs={}, groups=None, refit=False, probability_threshold=None, experiment_custom_tags=None, verbose=False, system=False, add_to_model_list=True, metrics=None, display=<pycaret.internal.display.display.CommonDisplay object at 0x7f952e231090>, model_only=True, return_train_score=False, error_score=0.0, kwargs={})
2026-04-22 15:54:59,982:INFO:Checking exceptions
2026-04-22 15:54:59,983:INFO:Importing libraries
2026-04-22 15:54:59,983:INFO:Copying training dataset
2026-04-22 15:55:00,505:INFO:Defining folds
2026-04-22 15:55:00,505:INFO:Declaring metric variables
2026-04-22 15:55:00,525:INFO:Importing untrained model
2026-04-22 15:55:00,550:INFO:Random Forest Classifier Imported successfully
2026-04-22 15:55:00,578:INFO:Starting cross validation
2026-04-22 15:55:00,581:INFO:Cross validating with KFold(n_splits=3, random_state=123, shuffle=True), n_jobs=1
2026-04-22 15:55:05,293:INFO:Calculating mean and std
2026-04-22 15:55:05,297:INFO:Creating metrics dataframe
2026-04-22 15:55:05,304:INFO:Uploading results into container
2026-04-22 15:55:05,305:INFO:Uploading model into container now
2026-04-22 15:55:05,307:INFO:_master_model_container: 7
2026-04-22 15:55:05,307:INFO:_display_container: 2
2026-04-22 15:55:05,309:INFO:RandomForestClassifier(bootstrap=True, ccp_alpha=0.0, class_weight=None,
                       criterion='gini', max_depth=None, max_features='sqrt',
                       max_leaf_nodes=None, max_samples=None,
                       min_impurity_decrease=0.0, min_samples_leaf=1,
                       min_samples_split=2, min_weight_fraction_leaf=0.0,
                       monotonic_cst=None, n_estimators=100, n_jobs=-1,
                       oob_score=False, random_state=123, verbose=0,
                       warm_start=False)
2026-04-22 15:55:05,310:INFO:create_model() successfully completed......................................
2026-04-22 15:55:05,505:INFO:SubProcess create_model() end ==================================
2026-04-22 15:55:05,505:INFO:Creating metrics dataframe
2026-04-22 15:55:05,539:INFO:Initializing Quadratic Discriminant Analysis
2026-04-22 15:55:05,540:INFO:Total runtime is 0.41520052750905356 minutes
2026-04-22 15:55:05,553:INFO:SubProcess create_model() called ==================================
2026-04-22 15:55:05,554:INFO:Initializing create_model()
2026-04-22 15:55:05,554:INFO:create_model(self=<pycaret.classification.oop.ClassificationExperiment object at 0x7f95817970d0>, estimator=qda, fold=KFold(n_splits=3, random_state=123, shuffle=True), round=4, cross_validation=True, predict=True, fit_kwargs={}, groups=None, refit=False, probability_threshold=None, experiment_custom_tags=None, verbose=False, system=False, add_to_model_list=True, metrics=None, display=<pycaret.internal.display.display.CommonDisplay object at 0x7f952e231090>, model_only=True, return_train_score=False, error_score=0.0, kwargs={})
2026-04-22 15:55:05,554:INFO:Checking exceptions
2026-04-22 15:55:05,554:INFO:Importing libraries
2026-04-22 15:55:05,554:INFO:Copying training dataset
2026-04-22 15:55:06,031:INFO:Defining folds
2026-04-22 15:55:06,034:INFO:Declaring metric variables
2026-04-22 15:55:06,050:INFO:Importing untrained model
2026-04-22 15:55:06,063:INFO:Quadratic Discriminant Analysis Imported successfully
2026-04-22 15:55:06,094:INFO:Starting cross validation
2026-04-22 15:55:06,101:INFO:Cross validating with KFold(n_splits=3, random_state=123, shuffle=True), n_jobs=1
2026-04-22 15:55:07,454:WARNING:/home/alex/.cache/pypoetry/virtualenvs/klasifikacia-webu-learn-PzL4HxyJ-py3.10/lib/python3.10/site-packages/sklearn/discriminant_analysis.py:935: UserWarning: Variables are collinear
  warnings.warn("Variables are collinear")

2026-04-22 15:55:12,959:WARNING:/home/alex/.cache/pypoetry/virtualenvs/klasifikacia-webu-learn-PzL4HxyJ-py3.10/lib/python3.10/site-packages/pycaret/internal/metrics.py:204: FitFailedWarning: Metric 'make_scorer(roc_auc_score, response_method=('decision_function', 'predict_proba'), average=weighted, multi_class=ovr)' failed and error score 0.0 has been returned instead. If this is a custom metric, this usually means that the error is in the metric code. Full exception below:
Traceback (most recent call last):
  File "/home/alex/.cache/pypoetry/virtualenvs/klasifikacia-webu-learn-PzL4HxyJ-py3.10/lib/python3.10/site-packages/pycaret/internal/metrics.py", line 196, in _score
    return super()._score(
  File "/home/alex/.cache/pypoetry/virtualenvs/klasifikacia-webu-learn-PzL4HxyJ-py3.10/lib/python3.10/site-packages/sklearn/metrics/_scorer.py", line 350, in _score
    return self._sign * self._score_func(y_true, y_pred, **scoring_kwargs)
  File "/home/alex/.cache/pypoetry/virtualenvs/klasifikacia-webu-learn-PzL4HxyJ-py3.10/lib/python3.10/site-packages/pycaret/internal/metrics.py", line 144, in __call__
    return self.score_func(y_true, y_pred, **kwargs)
  File "/home/alex/.cache/pypoetry/virtualenvs/klasifikacia-webu-learn-PzL4HxyJ-py3.10/lib/python3.10/site-packages/sklearn/utils/_param_validation.py", line 213, in wrapper
    return func(*args, **kwargs)
  File "/home/alex/.cache/pypoetry/virtualenvs/klasifikacia-webu-learn-PzL4HxyJ-py3.10/lib/python3.10/site-packages/sklearn/metrics/_ranking.py", line 634, in roc_auc_score
    return _multiclass_roc_auc_score(
  File "/home/alex/.cache/pypoetry/virtualenvs/klasifikacia-webu-learn-PzL4HxyJ-py3.10/lib/python3.10/site-packages/sklearn/metrics/_ranking.py", line 707, in _multiclass_roc_auc_score
    raise ValueError(
ValueError: Target scores need to be probabilities for multiclass roc_auc, i.e. they should sum up to 1.0 over classes

  warnings.warn(

2026-04-22 15:55:13,564:WARNING:/home/alex/.cache/pypoetry/virtualenvs/klasifikacia-webu-learn-PzL4HxyJ-py3.10/lib/python3.10/site-packages/sklearn/discriminant_analysis.py:935: UserWarning: Variables are collinear
  warnings.warn("Variables are collinear")

2026-04-22 15:55:15,163:WARNING:/home/alex/.cache/pypoetry/virtualenvs/klasifikacia-webu-learn-PzL4HxyJ-py3.10/lib/python3.10/site-packages/pycaret/internal/metrics.py:204: FitFailedWarning: Metric 'make_scorer(roc_auc_score, response_method=('decision_function', 'predict_proba'), average=weighted, multi_class=ovr)' failed and error score 0.0 has been returned instead. If this is a custom metric, this usually means that the error is in the metric code. Full exception below:
Traceback (most recent call last):
  File "/home/alex/.cache/pypoetry/virtualenvs/klasifikacia-webu-learn-PzL4HxyJ-py3.10/lib/python3.10/site-packages/pycaret/internal/metrics.py", line 196, in _score
    return super()._score(
  File "/home/alex/.cache/pypoetry/virtualenvs/klasifikacia-webu-learn-PzL4HxyJ-py3.10/lib/python3.10/site-packages/sklearn/metrics/_scorer.py", line 350, in _score
    return self._sign * self._score_func(y_true, y_pred, **scoring_kwargs)
  File "/home/alex/.cache/pypoetry/virtualenvs/klasifikacia-webu-learn-PzL4HxyJ-py3.10/lib/python3.10/site-packages/pycaret/internal/metrics.py", line 144, in __call__
    return self.score_func(y_true, y_pred, **kwargs)
  File "/home/alex/.cache/pypoetry/virtualenvs/klasifikacia-webu-learn-PzL4HxyJ-py3.10/lib/python3.10/site-packages/sklearn/utils/_param_validation.py", line 213, in wrapper
    return func(*args, **kwargs)
  File "/home/alex/.cache/pypoetry/virtualenvs/klasifikacia-webu-learn-PzL4HxyJ-py3.10/lib/python3.10/site-packages/sklearn/metrics/_ranking.py", line 634, in roc_auc_score
    return _multiclass_roc_auc_score(
  File "/home/alex/.cache/pypoetry/virtualenvs/klasifikacia-webu-learn-PzL4HxyJ-py3.10/lib/python3.10/site-packages/sklearn/metrics/_ranking.py", line 707, in _multiclass_roc_auc_score
    raise ValueError(
ValueError: Target scores need to be probabilities for multiclass roc_auc, i.e. they should sum up to 1.0 over classes

  warnings.warn(

2026-04-22 15:55:16,267:WARNING:/home/alex/.cache/pypoetry/virtualenvs/klasifikacia-webu-learn-PzL4HxyJ-py3.10/lib/python3.10/site-packages/sklearn/discriminant_analysis.py:935: UserWarning: Variables are collinear
  warnings.warn("Variables are collinear")

2026-04-22 15:55:22,168:WARNING:/home/alex/.cache/pypoetry/virtualenvs/klasifikacia-webu-learn-PzL4HxyJ-py3.10/lib/python3.10/site-packages/pycaret/internal/metrics.py:204: FitFailedWarning: Metric 'make_scorer(roc_auc_score, response_method=('decision_function', 'predict_proba'), average=weighted, multi_class=ovr)' failed and error score 0.0 has been returned instead. If this is a custom metric, this usually means that the error is in the metric code. Full exception below:
Traceback (most recent call last):
  File "/home/alex/.cache/pypoetry/virtualenvs/klasifikacia-webu-learn-PzL4HxyJ-py3.10/lib/python3.10/site-packages/pycaret/internal/metrics.py", line 196, in _score
    return super()._score(
  File "/home/alex/.cache/pypoetry/virtualenvs/klasifikacia-webu-learn-PzL4HxyJ-py3.10/lib/python3.10/site-packages/sklearn/metrics/_scorer.py", line 350, in _score
    return self._sign * self._score_func(y_true, y_pred, **scoring_kwargs)
  File "/home/alex/.cache/pypoetry/virtualenvs/klasifikacia-webu-learn-PzL4HxyJ-py3.10/lib/python3.10/site-packages/pycaret/internal/metrics.py", line 144, in __call__
    return self.score_func(y_true, y_pred, **kwargs)
  File "/home/alex/.cache/pypoetry/virtualenvs/klasifikacia-webu-learn-PzL4HxyJ-py3.10/lib/python3.10/site-packages/sklearn/utils/_param_validation.py", line 213, in wrapper
    return func(*args, **kwargs)
  File "/home/alex/.cache/pypoetry/virtualenvs/klasifikacia-webu-learn-PzL4HxyJ-py3.10/lib/python3.10/site-packages/sklearn/metrics/_ranking.py", line 634, in roc_auc_score
    return _multiclass_roc_auc_score(
  File "/home/alex/.cache/pypoetry/virtualenvs/klasifikacia-webu-learn-PzL4HxyJ-py3.10/lib/python3.10/site-packages/sklearn/metrics/_ranking.py", line 707, in _multiclass_roc_auc_score
    raise ValueError(
ValueError: Target scores need to be probabilities for multiclass roc_auc, i.e. they should sum up to 1.0 over classes

  warnings.warn(

2026-04-22 15:55:22,213:INFO:Calculating mean and std
2026-04-22 15:55:22,221:INFO:Creating metrics dataframe
2026-04-22 15:55:22,229:INFO:Uploading results into container
2026-04-22 15:55:22,235:INFO:Uploading model into container now
2026-04-22 15:55:22,236:INFO:_master_model_container: 8
2026-04-22 15:55:22,237:INFO:_display_container: 2
2026-04-22 15:55:22,238:INFO:QuadraticDiscriminantAnalysis(priors=None, reg_param=0.0,
                              store_covariance=False, tol=0.0001)
2026-04-22 15:55:22,238:INFO:create_model() successfully completed......................................
2026-04-22 15:55:22,451:INFO:SubProcess create_model() end ==================================
2026-04-22 15:55:22,451:INFO:Creating metrics dataframe
2026-04-22 15:55:22,490:INFO:Initializing Ada Boost Classifier
2026-04-22 15:55:22,490:INFO:Total runtime is 0.6977039853731791 minutes
2026-04-22 15:55:22,508:INFO:SubProcess create_model() called ==================================
2026-04-22 15:55:22,510:INFO:Initializing create_model()
2026-04-22 15:55:22,510:INFO:create_model(self=<pycaret.classification.oop.ClassificationExperiment object at 0x7f95817970d0>, estimator=ada, fold=KFold(n_splits=3, random_state=123, shuffle=True), round=4, cross_validation=True, predict=True, fit_kwargs={}, groups=None, refit=False, probability_threshold=None, experiment_custom_tags=None, verbose=False, system=False, add_to_model_list=True, metrics=None, display=<pycaret.internal.display.display.CommonDisplay object at 0x7f952e231090>, model_only=True, return_train_score=False, error_score=0.0, kwargs={})
2026-04-22 15:55:22,510:INFO:Checking exceptions
2026-04-22 15:55:22,511:INFO:Importing libraries
2026-04-22 15:55:22,511:INFO:Copying training dataset
2026-04-22 15:55:23,176:INFO:Defining folds
2026-04-22 15:55:23,180:INFO:Declaring metric variables
2026-04-22 15:55:23,212:INFO:Importing untrained model
2026-04-22 15:55:23,247:INFO:Ada Boost Classifier Imported successfully
2026-04-22 15:55:23,277:INFO:Starting cross validation
2026-04-22 15:55:23,282:INFO:Cross validating with KFold(n_splits=3, random_state=123, shuffle=True), n_jobs=1
2026-04-22 15:55:23,543:WARNING:/home/alex/.cache/pypoetry/virtualenvs/klasifikacia-webu-learn-PzL4HxyJ-py3.10/lib/python3.10/site-packages/sklearn/ensemble/_weight_boosting.py:519: FutureWarning: The SAMME.R algorithm (the default) is deprecated and will be removed in 1.6. Use the SAMME algorithm to circumvent this warning.
  warnings.warn(

2026-04-22 15:55:25,244:WARNING:/home/alex/.cache/pypoetry/virtualenvs/klasifikacia-webu-learn-PzL4HxyJ-py3.10/lib/python3.10/site-packages/pycaret/internal/metrics.py:204: FitFailedWarning: Metric 'make_scorer(roc_auc_score, response_method=('decision_function', 'predict_proba'), average=weighted, multi_class=ovr)' failed and error score 0.0 has been returned instead. If this is a custom metric, this usually means that the error is in the metric code. Full exception below:
Traceback (most recent call last):
  File "/home/alex/.cache/pypoetry/virtualenvs/klasifikacia-webu-learn-PzL4HxyJ-py3.10/lib/python3.10/site-packages/pycaret/internal/metrics.py", line 196, in _score
    return super()._score(
  File "/home/alex/.cache/pypoetry/virtualenvs/klasifikacia-webu-learn-PzL4HxyJ-py3.10/lib/python3.10/site-packages/sklearn/metrics/_scorer.py", line 350, in _score
    return self._sign * self._score_func(y_true, y_pred, **scoring_kwargs)
  File "/home/alex/.cache/pypoetry/virtualenvs/klasifikacia-webu-learn-PzL4HxyJ-py3.10/lib/python3.10/site-packages/pycaret/internal/metrics.py", line 144, in __call__
    return self.score_func(y_true, y_pred, **kwargs)
  File "/home/alex/.cache/pypoetry/virtualenvs/klasifikacia-webu-learn-PzL4HxyJ-py3.10/lib/python3.10/site-packages/sklearn/utils/_param_validation.py", line 213, in wrapper
    return func(*args, **kwargs)
  File "/home/alex/.cache/pypoetry/virtualenvs/klasifikacia-webu-learn-PzL4HxyJ-py3.10/lib/python3.10/site-packages/sklearn/metrics/_ranking.py", line 634, in roc_auc_score
    return _multiclass_roc_auc_score(
  File "/home/alex/.cache/pypoetry/virtualenvs/klasifikacia-webu-learn-PzL4HxyJ-py3.10/lib/python3.10/site-packages/sklearn/metrics/_ranking.py", line 707, in _multiclass_roc_auc_score
    raise ValueError(
ValueError: Target scores need to be probabilities for multiclass roc_auc, i.e. they should sum up to 1.0 over classes

  warnings.warn(

2026-04-22 15:55:25,538:WARNING:/home/alex/.cache/pypoetry/virtualenvs/klasifikacia-webu-learn-PzL4HxyJ-py3.10/lib/python3.10/site-packages/sklearn/ensemble/_weight_boosting.py:519: FutureWarning: The SAMME.R algorithm (the default) is deprecated and will be removed in 1.6. Use the SAMME algorithm to circumvent this warning.
  warnings.warn(

2026-04-22 15:55:27,695:WARNING:/home/alex/.cache/pypoetry/virtualenvs/klasifikacia-webu-learn-PzL4HxyJ-py3.10/lib/python3.10/site-packages/pycaret/internal/metrics.py:204: FitFailedWarning: Metric 'make_scorer(roc_auc_score, response_method=('decision_function', 'predict_proba'), average=weighted, multi_class=ovr)' failed and error score 0.0 has been returned instead. If this is a custom metric, this usually means that the error is in the metric code. Full exception below:
Traceback (most recent call last):
  File "/home/alex/.cache/pypoetry/virtualenvs/klasifikacia-webu-learn-PzL4HxyJ-py3.10/lib/python3.10/site-packages/pycaret/internal/metrics.py", line 196, in _score
    return super()._score(
  File "/home/alex/.cache/pypoetry/virtualenvs/klasifikacia-webu-learn-PzL4HxyJ-py3.10/lib/python3.10/site-packages/sklearn/metrics/_scorer.py", line 350, in _score
    return self._sign * self._score_func(y_true, y_pred, **scoring_kwargs)
  File "/home/alex/.cache/pypoetry/virtualenvs/klasifikacia-webu-learn-PzL4HxyJ-py3.10/lib/python3.10/site-packages/pycaret/internal/metrics.py", line 144, in __call__
    return self.score_func(y_true, y_pred, **kwargs)
  File "/home/alex/.cache/pypoetry/virtualenvs/klasifikacia-webu-learn-PzL4HxyJ-py3.10/lib/python3.10/site-packages/sklearn/utils/_param_validation.py", line 213, in wrapper
    return func(*args, **kwargs)
  File "/home/alex/.cache/pypoetry/virtualenvs/klasifikacia-webu-learn-PzL4HxyJ-py3.10/lib/python3.10/site-packages/sklearn/metrics/_ranking.py", line 634, in roc_auc_score
    return _multiclass_roc_auc_score(
  File "/home/alex/.cache/pypoetry/virtualenvs/klasifikacia-webu-learn-PzL4HxyJ-py3.10/lib/python3.10/site-packages/sklearn/metrics/_ranking.py", line 707, in _multiclass_roc_auc_score
    raise ValueError(
ValueError: Target scores need to be probabilities for multiclass roc_auc, i.e. they should sum up to 1.0 over classes

  warnings.warn(

2026-04-22 15:55:27,722:WARNING:/home/alex/.cache/pypoetry/virtualenvs/klasifikacia-webu-learn-PzL4HxyJ-py3.10/lib/python3.10/site-packages/sklearn/metrics/_classification.py:1509: UndefinedMetricWarning: Precision is ill-defined and being set to 0.0 in labels with no predicted samples. Use `zero_division` parameter to control this behavior.
  _warn_prf(average, modifier, f"{metric.capitalize()} is", len(result))

2026-04-22 15:55:28,012:WARNING:/home/alex/.cache/pypoetry/virtualenvs/klasifikacia-webu-learn-PzL4HxyJ-py3.10/lib/python3.10/site-packages/sklearn/ensemble/_weight_boosting.py:519: FutureWarning: The SAMME.R algorithm (the default) is deprecated and will be removed in 1.6. Use the SAMME algorithm to circumvent this warning.
  warnings.warn(

2026-04-22 15:55:29,738:WARNING:/home/alex/.cache/pypoetry/virtualenvs/klasifikacia-webu-learn-PzL4HxyJ-py3.10/lib/python3.10/site-packages/pycaret/internal/metrics.py:204: FitFailedWarning: Metric 'make_scorer(roc_auc_score, response_method=('decision_function', 'predict_proba'), average=weighted, multi_class=ovr)' failed and error score 0.0 has been returned instead. If this is a custom metric, this usually means that the error is in the metric code. Full exception below:
Traceback (most recent call last):
  File "/home/alex/.cache/pypoetry/virtualenvs/klasifikacia-webu-learn-PzL4HxyJ-py3.10/lib/python3.10/site-packages/pycaret/internal/metrics.py", line 196, in _score
    return super()._score(
  File "/home/alex/.cache/pypoetry/virtualenvs/klasifikacia-webu-learn-PzL4HxyJ-py3.10/lib/python3.10/site-packages/sklearn/metrics/_scorer.py", line 350, in _score
    return self._sign * self._score_func(y_true, y_pred, **scoring_kwargs)
  File "/home/alex/.cache/pypoetry/virtualenvs/klasifikacia-webu-learn-PzL4HxyJ-py3.10/lib/python3.10/site-packages/pycaret/internal/metrics.py", line 144, in __call__
    return self.score_func(y_true, y_pred, **kwargs)
  File "/home/alex/.cache/pypoetry/virtualenvs/klasifikacia-webu-learn-PzL4HxyJ-py3.10/lib/python3.10/site-packages/sklearn/utils/_param_validation.py", line 213, in wrapper
    return func(*args, **kwargs)
  File "/home/alex/.cache/pypoetry/virtualenvs/klasifikacia-webu-learn-PzL4HxyJ-py3.10/lib/python3.10/site-packages/sklearn/metrics/_ranking.py", line 634, in roc_auc_score
    return _multiclass_roc_auc_score(
  File "/home/alex/.cache/pypoetry/virtualenvs/klasifikacia-webu-learn-PzL4HxyJ-py3.10/lib/python3.10/site-packages/sklearn/metrics/_ranking.py", line 707, in _multiclass_roc_auc_score
    raise ValueError(
ValueError: Target scores need to be probabilities for multiclass roc_auc, i.e. they should sum up to 1.0 over classes

  warnings.warn(

2026-04-22 15:55:29,760:WARNING:/home/alex/.cache/pypoetry/virtualenvs/klasifikacia-webu-learn-PzL4HxyJ-py3.10/lib/python3.10/site-packages/sklearn/metrics/_classification.py:1509: UndefinedMetricWarning: Precision is ill-defined and being set to 0.0 in labels with no predicted samples. Use `zero_division` parameter to control this behavior.
  _warn_prf(average, modifier, f"{metric.capitalize()} is", len(result))

2026-04-22 15:55:29,787:INFO:Calculating mean and std
2026-04-22 15:55:29,794:INFO:Creating metrics dataframe
2026-04-22 15:55:29,803:INFO:Uploading results into container
2026-04-22 15:55:29,806:INFO:Uploading model into container now
2026-04-22 15:55:29,807:INFO:_master_model_container: 9
2026-04-22 15:55:29,808:INFO:_display_container: 2
2026-04-22 15:55:29,809:INFO:AdaBoostClassifier(algorithm='SAMME.R', estimator=None, learning_rate=1.0,
                   n_estimators=50, random_state=123)
2026-04-22 15:55:29,810:INFO:create_model() successfully completed......................................
2026-04-22 15:55:30,037:INFO:SubProcess create_model() end ==================================
2026-04-22 15:55:30,038:INFO:Creating metrics dataframe
2026-04-22 15:55:30,073:INFO:Initializing Linear Discriminant Analysis
2026-04-22 15:55:30,074:INFO:Total runtime is 0.8240951220194499 minutes
2026-04-22 15:55:30,088:INFO:SubProcess create_model() called ==================================
2026-04-22 15:55:30,089:INFO:Initializing create_model()
2026-04-22 15:55:30,090:INFO:create_model(self=<pycaret.classification.oop.ClassificationExperiment object at 0x7f95817970d0>, estimator=lda, fold=KFold(n_splits=3, random_state=123, shuffle=True), round=4, cross_validation=True, predict=True, fit_kwargs={}, groups=None, refit=False, probability_threshold=None, experiment_custom_tags=None, verbose=False, system=False, add_to_model_list=True, metrics=None, display=<pycaret.internal.display.display.CommonDisplay object at 0x7f952e231090>, model_only=True, return_train_score=False, error_score=0.0, kwargs={})
2026-04-22 15:55:30,090:INFO:Checking exceptions
2026-04-22 15:55:30,090:INFO:Importing libraries
2026-04-22 15:55:30,090:INFO:Copying training dataset
2026-04-22 15:55:30,745:INFO:Defining folds
2026-04-22 15:55:30,746:INFO:Declaring metric variables
2026-04-22 15:55:30,761:INFO:Importing untrained model
2026-04-22 15:55:30,775:INFO:Linear Discriminant Analysis Imported successfully
2026-04-22 15:55:30,805:INFO:Starting cross validation
2026-04-22 15:55:30,810:INFO:Cross validating with KFold(n_splits=3, random_state=123, shuffle=True), n_jobs=1
2026-04-22 15:55:37,551:WARNING:/home/alex/.cache/pypoetry/virtualenvs/klasifikacia-webu-learn-PzL4HxyJ-py3.10/lib/python3.10/site-packages/pycaret/internal/metrics.py:204: FitFailedWarning: Metric 'make_scorer(roc_auc_score, response_method=('decision_function', 'predict_proba'), average=weighted, multi_class=ovr)' failed and error score 0.0 has been returned instead. If this is a custom metric, this usually means that the error is in the metric code. Full exception below:
Traceback (most recent call last):
  File "/home/alex/.cache/pypoetry/virtualenvs/klasifikacia-webu-learn-PzL4HxyJ-py3.10/lib/python3.10/site-packages/pycaret/internal/metrics.py", line 196, in _score
    return super()._score(
  File "/home/alex/.cache/pypoetry/virtualenvs/klasifikacia-webu-learn-PzL4HxyJ-py3.10/lib/python3.10/site-packages/sklearn/metrics/_scorer.py", line 350, in _score
    return self._sign * self._score_func(y_true, y_pred, **scoring_kwargs)
  File "/home/alex/.cache/pypoetry/virtualenvs/klasifikacia-webu-learn-PzL4HxyJ-py3.10/lib/python3.10/site-packages/pycaret/internal/metrics.py", line 144, in __call__
    return self.score_func(y_true, y_pred, **kwargs)
  File "/home/alex/.cache/pypoetry/virtualenvs/klasifikacia-webu-learn-PzL4HxyJ-py3.10/lib/python3.10/site-packages/sklearn/utils/_param_validation.py", line 213, in wrapper
    return func(*args, **kwargs)
  File "/home/alex/.cache/pypoetry/virtualenvs/klasifikacia-webu-learn-PzL4HxyJ-py3.10/lib/python3.10/site-packages/sklearn/metrics/_ranking.py", line 634, in roc_auc_score
    return _multiclass_roc_auc_score(
  File "/home/alex/.cache/pypoetry/virtualenvs/klasifikacia-webu-learn-PzL4HxyJ-py3.10/lib/python3.10/site-packages/sklearn/metrics/_ranking.py", line 707, in _multiclass_roc_auc_score
    raise ValueError(
ValueError: Target scores need to be probabilities for multiclass roc_auc, i.e. they should sum up to 1.0 over classes

  warnings.warn(

2026-04-22 15:55:44,277:WARNING:/home/alex/.cache/pypoetry/virtualenvs/klasifikacia-webu-learn-PzL4HxyJ-py3.10/lib/python3.10/site-packages/pycaret/internal/metrics.py:204: FitFailedWarning: Metric 'make_scorer(roc_auc_score, response_method=('decision_function', 'predict_proba'), average=weighted, multi_class=ovr)' failed and error score 0.0 has been returned instead. If this is a custom metric, this usually means that the error is in the metric code. Full exception below:
Traceback (most recent call last):
  File "/home/alex/.cache/pypoetry/virtualenvs/klasifikacia-webu-learn-PzL4HxyJ-py3.10/lib/python3.10/site-packages/pycaret/internal/metrics.py", line 196, in _score
    return super()._score(
  File "/home/alex/.cache/pypoetry/virtualenvs/klasifikacia-webu-learn-PzL4HxyJ-py3.10/lib/python3.10/site-packages/sklearn/metrics/_scorer.py", line 350, in _score
    return self._sign * self._score_func(y_true, y_pred, **scoring_kwargs)
  File "/home/alex/.cache/pypoetry/virtualenvs/klasifikacia-webu-learn-PzL4HxyJ-py3.10/lib/python3.10/site-packages/pycaret/internal/metrics.py", line 144, in __call__
    return self.score_func(y_true, y_pred, **kwargs)
  File "/home/alex/.cache/pypoetry/virtualenvs/klasifikacia-webu-learn-PzL4HxyJ-py3.10/lib/python3.10/site-packages/sklearn/utils/_param_validation.py", line 213, in wrapper
    return func(*args, **kwargs)
  File "/home/alex/.cache/pypoetry/virtualenvs/klasifikacia-webu-learn-PzL4HxyJ-py3.10/lib/python3.10/site-packages/sklearn/metrics/_ranking.py", line 634, in roc_auc_score
    return _multiclass_roc_auc_score(
  File "/home/alex/.cache/pypoetry/virtualenvs/klasifikacia-webu-learn-PzL4HxyJ-py3.10/lib/python3.10/site-packages/sklearn/metrics/_ranking.py", line 707, in _multiclass_roc_auc_score
    raise ValueError(
ValueError: Target scores need to be probabilities for multiclass roc_auc, i.e. they should sum up to 1.0 over classes

  warnings.warn(

2026-04-22 15:55:44,912:WARNING:/home/alex/.cache/pypoetry/virtualenvs/klasifikacia-webu-learn-PzL4HxyJ-py3.10/lib/python3.10/site-packages/pycaret/internal/metrics.py:204: FitFailedWarning: Metric 'make_scorer(roc_auc_score, response_method=('decision_function', 'predict_proba'), average=weighted, multi_class=ovr)' failed and error score 0.0 has been returned instead. If this is a custom metric, this usually means that the error is in the metric code. Full exception below:
Traceback (most recent call last):
  File "/home/alex/.cache/pypoetry/virtualenvs/klasifikacia-webu-learn-PzL4HxyJ-py3.10/lib/python3.10/site-packages/pycaret/internal/metrics.py", line 196, in _score
    return super()._score(
  File "/home/alex/.cache/pypoetry/virtualenvs/klasifikacia-webu-learn-PzL4HxyJ-py3.10/lib/python3.10/site-packages/sklearn/metrics/_scorer.py", line 350, in _score
    return self._sign * self._score_func(y_true, y_pred, **scoring_kwargs)
  File "/home/alex/.cache/pypoetry/virtualenvs/klasifikacia-webu-learn-PzL4HxyJ-py3.10/lib/python3.10/site-packages/pycaret/internal/metrics.py", line 144, in __call__
    return self.score_func(y_true, y_pred, **kwargs)
  File "/home/alex/.cache/pypoetry/virtualenvs/klasifikacia-webu-learn-PzL4HxyJ-py3.10/lib/python3.10/site-packages/sklearn/utils/_param_validation.py", line 213, in wrapper
    return func(*args, **kwargs)
  File "/home/alex/.cache/pypoetry/virtualenvs/klasifikacia-webu-learn-PzL4HxyJ-py3.10/lib/python3.10/site-packages/sklearn/metrics/_ranking.py", line 634, in roc_auc_score
    return _multiclass_roc_auc_score(
  File "/home/alex/.cache/pypoetry/virtualenvs/klasifikacia-webu-learn-PzL4HxyJ-py3.10/lib/python3.10/site-packages/sklearn/metrics/_ranking.py", line 707, in _multiclass_roc_auc_score
    raise ValueError(
ValueError: Target scores need to be probabilities for multiclass roc_auc, i.e. they should sum up to 1.0 over classes

  warnings.warn(

2026-04-22 15:55:44,946:INFO:Calculating mean and std
2026-04-22 15:55:44,948:INFO:Creating metrics dataframe
2026-04-22 15:55:44,955:INFO:Uploading results into container
2026-04-22 15:55:44,956:INFO:Uploading model into container now
2026-04-22 15:55:44,957:INFO:_master_model_container: 10
2026-04-22 15:55:44,957:INFO:_display_container: 2
2026-04-22 15:55:44,958:INFO:LinearDiscriminantAnalysis(covariance_estimator=None, n_components=None,
                           priors=None, shrinkage=None, solver='svd',
                           store_covariance=False, tol=0.0001)
2026-04-22 15:55:44,958:INFO:create_model() successfully completed......................................
2026-04-22 15:55:45,132:INFO:SubProcess create_model() end ==================================
2026-04-22 15:55:45,132:INFO:Creating metrics dataframe
2026-04-22 15:55:45,152:INFO:Initializing Extra Trees Classifier
2026-04-22 15:55:45,152:INFO:Total runtime is 1.075402021408081 minutes
2026-04-22 15:55:45,158:INFO:SubProcess create_model() called ==================================
2026-04-22 15:55:45,159:INFO:Initializing create_model()
2026-04-22 15:55:45,159:INFO:create_model(self=<pycaret.classification.oop.ClassificationExperiment object at 0x7f95817970d0>, estimator=et, fold=KFold(n_splits=3, random_state=123, shuffle=True), round=4, cross_validation=True, predict=True, fit_kwargs={}, groups=None, refit=False, probability_threshold=None, experiment_custom_tags=None, verbose=False, system=False, add_to_model_list=True, metrics=None, display=<pycaret.internal.display.display.CommonDisplay object at 0x7f952e231090>, model_only=True, return_train_score=False, error_score=0.0, kwargs={})
2026-04-22 15:55:45,160:INFO:Checking exceptions
2026-04-22 15:55:45,160:INFO:Importing libraries
2026-04-22 15:55:45,160:INFO:Copying training dataset
2026-04-22 15:55:45,567:INFO:Defining folds
2026-04-22 15:55:45,567:INFO:Declaring metric variables
2026-04-22 15:55:45,576:INFO:Importing untrained model
2026-04-22 15:55:45,589:INFO:Extra Trees Classifier Imported successfully
2026-04-22 15:55:45,608:INFO:Starting cross validation
2026-04-22 15:55:45,611:INFO:Cross validating with KFold(n_splits=3, random_state=123, shuffle=True), n_jobs=1
2026-04-22 15:55:47,617:INFO:Calculating mean and std
2026-04-22 15:55:47,619:INFO:Creating metrics dataframe
2026-04-22 15:55:47,622:INFO:Uploading results into container
2026-04-22 15:55:47,623:INFO:Uploading model into container now
2026-04-22 15:55:47,623:INFO:_master_model_container: 11
2026-04-22 15:55:47,623:INFO:_display_container: 2
2026-04-22 15:55:47,624:INFO:ExtraTreesClassifier(bootstrap=False, ccp_alpha=0.0, class_weight=None,
                     criterion='gini', max_depth=None, max_features='sqrt',
                     max_leaf_nodes=None, max_samples=None,
                     min_impurity_decrease=0.0, min_samples_leaf=1,
                     min_samples_split=2, min_weight_fraction_leaf=0.0,
                     monotonic_cst=None, n_estimators=100, n_jobs=-1,
                     oob_score=False, random_state=123, verbose=0,
                     warm_start=False)
2026-04-22 15:55:47,625:INFO:create_model() successfully completed......................................
2026-04-22 15:55:47,751:INFO:SubProcess create_model() end ==================================
2026-04-22 15:55:47,751:INFO:Creating metrics dataframe
2026-04-22 15:55:47,766:INFO:Initializing Light Gradient Boosting Machine
2026-04-22 15:55:47,766:INFO:Total runtime is 1.1189767559369406 minutes
2026-04-22 15:55:47,771:INFO:SubProcess create_model() called ==================================
2026-04-22 15:55:47,772:INFO:Initializing create_model()
2026-04-22 15:55:47,772:INFO:create_model(self=<pycaret.classification.oop.ClassificationExperiment object at 0x7f95817970d0>, estimator=lightgbm, fold=KFold(n_splits=3, random_state=123, shuffle=True), round=4, cross_validation=True, predict=True, fit_kwargs={}, groups=None, refit=False, probability_threshold=None, experiment_custom_tags=None, verbose=False, system=False, add_to_model_list=True, metrics=None, display=<pycaret.internal.display.display.CommonDisplay object at 0x7f952e231090>, model_only=True, return_train_score=False, error_score=0.0, kwargs={})
2026-04-22 15:55:47,772:INFO:Checking exceptions
2026-04-22 15:55:47,772:INFO:Importing libraries
2026-04-22 15:55:47,772:INFO:Copying training dataset
2026-04-22 15:55:48,050:INFO:Defining folds
2026-04-22 15:55:48,051:INFO:Declaring metric variables
2026-04-22 15:55:48,058:INFO:Importing untrained model
2026-04-22 15:55:48,065:INFO:Light Gradient Boosting Machine Imported successfully
2026-04-22 15:55:48,079:INFO:Starting cross validation
2026-04-22 15:55:48,081:INFO:Cross validating with KFold(n_splits=3, random_state=123, shuffle=True), n_jobs=1
2026-04-22 15:55:48,926:INFO:[LightGBM] [Info] Auto-choosing col-wise multi-threading, the overhead of testing was 0.017881 seconds.
2026-04-22 15:55:48,927:INFO:You can set `force_col_wise=true` to remove the overhead.
2026-04-22 15:55:48,935:INFO:[LightGBM] [Info] Total Bins 11957
2026-04-22 15:55:48,939:INFO:[LightGBM] [Info] Number of data points in the train set: 503, number of used features: 494
2026-04-22 15:55:48,945:INFO:[LightGBM] [Info] Start training from score -2.328770
2026-04-22 15:55:48,945:INFO:[LightGBM] [Info] Start training from score -2.583004
2026-04-22 15:55:48,946:INFO:[LightGBM] [Info] Start training from score -2.269346
2026-04-22 15:55:48,946:INFO:[LightGBM] [Info] Start training from score -2.370443
2026-04-22 15:55:48,946:INFO:[LightGBM] [Info] Start training from score -2.557029
2026-04-22 15:55:48,946:INFO:[LightGBM] [Info] Start training from score -2.507018
2026-04-22 15:55:48,946:INFO:[LightGBM] [Info] Start training from score -2.349389
2026-04-22 15:55:48,946:INFO:[LightGBM] [Info] Start training from score -2.391949
2026-04-22 15:55:48,946:INFO:[LightGBM] [Info] Start training from score -2.349389
2026-04-22 15:55:48,946:INFO:[LightGBM] [Info] Start training from score -2.328770
2026-04-22 15:55:48,946:INFO:[LightGBM] [Info] Start training from score -2.391949
2026-04-22 15:55:48,953:INFO:[LightGBM] [Warning] No further splits with positive gain, best gain: -inf
2026-04-22 15:55:48,957:INFO:[LightGBM] [Warning] No further splits with positive gain, best gain: -inf
2026-04-22 15:55:48,959:INFO:[LightGBM] [Warning] No further splits with positive gain, best gain: -inf
2026-04-22 15:55:48,967:INFO:[LightGBM] [Warning] No further splits with positive gain, best gain: -inf
2026-04-22 15:55:48,968:INFO:[LightGBM] [Warning] No further splits with positive gain, best gain: -inf
2026-04-22 15:55:48,972:INFO:[LightGBM] [Warning] No further splits with positive gain, best gain: -inf
2026-04-22 15:55:49,009:INFO:[LightGBM] [Warning] No further splits with positive gain, best gain: -inf
2026-04-22 15:55:49,253:INFO:[LightGBM] [Warning] No further splits with positive gain, best gain: -inf
2026-04-22 15:55:49,255:INFO:[LightGBM] [Warning] No further splits with positive gain, best gain: -inf
2026-04-22 15:55:49,256:INFO:[LightGBM] [Warning] No further splits with positive gain, best gain: -inf
2026-04-22 15:55:49,257:INFO:[LightGBM] [Warning] No further splits with positive gain, best gain: -inf
2026-04-22 15:55:49,259:INFO:[LightGBM] [Warning] No further splits with positive gain, best gain: -inf
2026-04-22 15:55:49,261:INFO:[LightGBM] [Warning] No further splits with positive gain, best gain: -inf
2026-04-22 15:55:49,263:INFO:[LightGBM] [Warning] No further splits with positive gain, best gain: -inf
2026-04-22 15:55:49,268:INFO:[LightGBM] [Warning] No further splits with positive gain, best gain: -inf
2026-04-22 15:55:49,272:INFO:[LightGBM] [Warning] No further splits with positive gain, best gain: -inf
2026-04-22 15:55:49,275:INFO:[LightGBM] [Warning] No further splits with positive gain, best gain: -inf
2026-04-22 15:55:49,277:INFO:[LightGBM] [Warning] No further splits with positive gain, best gain: -inf
2026-04-22 15:55:49,280:INFO:[LightGBM] [Warning] No further splits with positive gain, best gain: -inf
2026-04-22 15:55:49,282:INFO:[LightGBM] [Warning] No further splits with positive gain, best gain: -inf
2026-04-22 15:55:49,283:INFO:[LightGBM] [Warning] No further splits with positive gain, best gain: -inf
2026-04-22 15:55:49,285:INFO:[LightGBM] [Warning] No further splits with positive gain, best gain: -inf
2026-04-22 15:55:49,287:INFO:[LightGBM] [Warning] No further splits with positive gain, best gain: -inf
2026-04-22 15:55:49,290:INFO:[LightGBM] [Warning] No further splits with positive gain, best gain: -inf
2026-04-22 15:55:49,292:INFO:[LightGBM] [Warning] No further splits with positive gain, best gain: -inf
2026-04-22 15:55:49,294:INFO:[LightGBM] [Warning] No further splits with positive gain, best gain: -inf
2026-04-22 15:55:49,296:INFO:[LightGBM] [Warning] No further splits with positive gain, best gain: -inf
2026-04-22 15:55:49,298:INFO:[LightGBM] [Warning] No further splits with positive gain, best gain: -inf
2026-04-22 15:55:49,302:INFO:[LightGBM] [Warning] No further splits with positive gain, best gain: -inf
2026-04-22 15:55:49,305:INFO:[LightGBM] [Warning] No further splits with positive gain, best gain: -inf
2026-04-22 15:55:49,308:INFO:[LightGBM] [Warning] No further splits with positive gain, best gain: -inf
2026-04-22 15:55:49,311:INFO:[LightGBM] [Warning] No further splits with positive gain, best gain: -inf
2026-04-22 15:55:49,312:INFO:[LightGBM] [Warning] No further splits with positive gain, best gain: -inf
2026-04-22 15:55:49,315:INFO:[LightGBM] [Warning] No further splits with positive gain, best gain: -inf
2026-04-22 15:55:49,317:INFO:[LightGBM] [Warning] No further splits with positive gain, best gain: -inf
2026-04-22 15:55:49,319:INFO:[LightGBM] [Warning] No further splits with positive gain, best gain: -inf
2026-04-22 15:55:49,321:INFO:[LightGBM] [Warning] No further splits with positive gain, best gain: -inf
2026-04-22 15:55:49,323:INFO:[LightGBM] [Warning] No further splits with positive gain, best gain: -inf
2026-04-22 15:55:49,325:INFO:[LightGBM] [Warning] No further splits with positive gain, best gain: -inf
2026-04-22 15:55:49,328:INFO:[LightGBM] [Warning] No further splits with positive gain, best gain: -inf
2026-04-22 15:55:49,330:INFO:[LightGBM] [Warning] No further splits with positive gain, best gain: -inf
2026-04-22 15:55:49,332:INFO:[LightGBM] [Warning] No further splits with positive gain, best gain: -inf
2026-04-22 15:55:49,334:INFO:[LightGBM] [Warning] No further splits with positive gain, best gain: -inf
2026-04-22 15:55:49,336:INFO:[LightGBM] [Warning] No further splits with positive gain, best gain: -inf
2026-04-22 15:55:49,338:INFO:[LightGBM] [Warning] No further splits with positive gain, best gain: -inf
2026-04-22 15:55:49,340:INFO:[LightGBM] [Warning] No further splits with positive gain, best gain: -inf
2026-04-22 15:55:49,342:INFO:[LightGBM] [Warning] No further splits with positive gain, best gain: -inf
2026-04-22 15:55:49,344:INFO:[LightGBM] [Warning] No further splits with positive gain, best gain: -inf
2026-04-22 15:55:49,346:INFO:[LightGBM] [Warning] No further splits with positive gain, best gain: -inf
2026-04-22 15:55:49,350:INFO:[LightGBM] [Warning] No further splits with positive gain, best gain: -inf
2026-04-22 15:55:49,352:INFO:[LightGBM] [Warning] No further splits with positive gain, best gain: -inf
2026-04-22 15:55:49,354:INFO:[LightGBM] [Warning] No further splits with positive gain, best gain: -inf
2026-04-22 15:55:49,356:INFO:[LightGBM] [Warning] No further splits with positive gain, best gain: -inf
2026-04-22 15:55:49,358:INFO:[LightGBM] [Warning] No further splits with positive gain, best gain: -inf
2026-04-22 15:55:49,360:INFO:[LightGBM] [Warning] No further splits with positive gain, best gain: -inf
2026-04-22 15:55:49,362:INFO:[LightGBM] [Warning] No further splits with positive gain, best gain: -inf
2026-04-22 15:55:49,364:INFO:[LightGBM] [Warning] No further splits with positive gain, best gain: -inf
2026-04-22 15:55:49,366:INFO:[LightGBM] [Warning] No further splits with positive gain, best gain: -inf
2026-04-22 15:55:49,369:INFO:[LightGBM] [Warning] No further splits with positive gain, best gain: -inf
2026-04-22 15:55:49,371:INFO:[LightGBM] [Warning] No further splits with positive gain, best gain: -inf
2026-04-22 15:55:49,373:INFO:[LightGBM] [Warning] No further splits with positive gain, best gain: -inf
2026-04-22 15:55:49,375:INFO:[LightGBM] [Warning] No further splits with positive gain, best gain: -inf
2026-04-22 15:55:49,377:INFO:[LightGBM] [Warning] No further splits with positive gain, best gain: -inf
2026-04-22 15:55:49,379:INFO:[LightGBM] [Warning] No further splits with positive gain, best gain: -inf
2026-04-22 15:55:49,381:INFO:[LightGBM] [Warning] No further splits with positive gain, best gain: -inf
2026-04-22 15:55:49,383:INFO:[LightGBM] [Warning] No further splits with positive gain, best gain: -inf
2026-04-22 15:55:49,385:INFO:[LightGBM] [Warning] No further splits with positive gain, best gain: -inf
2026-04-22 15:55:49,387:INFO:[LightGBM] [Warning] No further splits with positive gain, best gain: -inf
2026-04-22 15:55:49,389:INFO:[LightGBM] [Warning] No further splits with positive gain, best gain: -inf
2026-04-22 15:55:49,392:INFO:[LightGBM] [Warning] No further splits with positive gain, best gain: -inf
2026-04-22 15:55:49,394:INFO:[LightGBM] [Warning] No further splits with positive gain, best gain: -inf
2026-04-22 15:55:49,398:INFO:[LightGBM] [Warning] No further splits with positive gain, best gain: -inf
2026-04-22 15:55:49,402:INFO:[LightGBM] [Warning] No further splits with positive gain, best gain: -inf
2026-04-22 15:55:49,404:INFO:[LightGBM] [Warning] No further splits with positive gain, best gain: -inf
2026-04-22 15:55:49,407:INFO:[LightGBM] [Warning] No further splits with positive gain, best gain: -inf
2026-04-22 15:55:49,411:INFO:[LightGBM] [Warning] No further splits with positive gain, best gain: -inf
2026-04-22 15:55:49,414:INFO:[LightGBM] [Warning] No further splits with positive gain, best gain: -inf
2026-04-22 15:55:49,415:INFO:[LightGBM] [Warning] No further splits with positive gain, best gain: -inf
2026-04-22 15:55:49,418:INFO:[LightGBM] [Warning] No further splits with positive gain, best gain: -inf
2026-04-22 15:55:49,420:INFO:[LightGBM] [Warning] No further splits with positive gain, best gain: -inf
2026-04-22 15:55:49,422:INFO:[LightGBM] [Warning] No further splits with positive gain, best gain: -inf
2026-04-22 15:55:49,424:INFO:[LightGBM] [Warning] No further splits with positive gain, best gain: -inf
2026-04-22 15:55:49,427:INFO:[LightGBM] [Warning] No further splits with positive gain, best gain: -inf
2026-04-22 15:55:49,428:INFO:[LightGBM] [Warning] No further splits with positive gain, best gain: -inf
2026-04-22 15:55:49,430:INFO:[LightGBM] [Warning] No further splits with positive gain, best gain: -inf
2026-04-22 15:55:49,433:INFO:[LightGBM] [Warning] No further splits with positive gain, best gain: -inf
2026-04-22 15:55:49,436:INFO:[LightGBM] [Warning] No further splits with positive gain, best gain: -inf
2026-04-22 15:55:49,438:INFO:[LightGBM] [Warning] No further splits with positive gain, best gain: -inf
2026-04-22 15:55:49,439:INFO:[LightGBM] [Warning] No further splits with positive gain, best gain: -inf
2026-04-22 15:55:49,443:INFO:[LightGBM] [Warning] No further splits with positive gain, best gain: -inf
2026-04-22 15:55:49,445:INFO:[LightGBM] [Warning] No further splits with positive gain, best gain: -inf
2026-04-22 15:55:49,447:INFO:[LightGBM] [Warning] No further splits with positive gain, best gain: -inf
2026-04-22 15:55:49,449:INFO:[LightGBM] [Warning] No further splits with positive gain, best gain: -inf
2026-04-22 15:55:49,451:INFO:[LightGBM] [Warning] No further splits with positive gain, best gain: -inf
2026-04-22 15:55:49,453:INFO:[LightGBM] [Warning] No further splits with positive gain, best gain: -inf
2026-04-22 15:55:49,455:INFO:[LightGBM] [Warning] No further splits with positive gain, best gain: -inf
2026-04-22 15:55:49,457:INFO:[LightGBM] [Warning] No further splits with positive gain, best gain: -inf
2026-04-22 15:55:49,460:INFO:[LightGBM] [Warning] No further splits with positive gain, best gain: -inf
2026-04-22 15:55:49,461:INFO:[LightGBM] [Warning] No further splits with positive gain, best gain: -inf
2026-04-22 15:55:49,463:INFO:[LightGBM] [Warning] No further splits with positive gain, best gain: -inf
2026-04-22 15:55:49,465:INFO:[LightGBM] [Warning] No further splits with positive gain, best gain: -inf
2026-04-22 15:55:49,467:INFO:[LightGBM] [Warning] No further splits with positive gain, best gain: -inf
2026-04-22 15:55:49,469:INFO:[LightGBM] [Warning] No further splits with positive gain, best gain: -inf
2026-04-22 15:55:49,471:INFO:[LightGBM] [Warning] No further splits with positive gain, best gain: -inf
2026-04-22 15:55:49,475:INFO:[LightGBM] [Warning] No further splits with positive gain, best gain: -inf
2026-04-22 15:55:49,476:INFO:[LightGBM] [Warning] No further splits with positive gain, best gain: -inf
2026-04-22 15:55:49,479:INFO:[LightGBM] [Warning] No further splits with positive gain, best gain: -inf
2026-04-22 15:55:49,480:INFO:[LightGBM] [Warning] No further splits with positive gain, best gain: -inf
2026-04-22 15:55:49,482:INFO:[LightGBM] [Warning] No further splits with positive gain, best gain: -inf
2026-04-22 15:55:49,484:INFO:[LightGBM] [Warning] No further splits with positive gain, best gain: -inf
2026-04-22 15:55:49,486:INFO:[LightGBM] [Warning] No further splits with positive gain, best gain: -inf
2026-04-22 15:55:49,488:INFO:[LightGBM] [Warning] No further splits with positive gain, best gain: -inf
2026-04-22 15:55:49,490:INFO:[LightGBM] [Warning] No further splits with positive gain, best gain: -inf
2026-04-22 15:55:49,493:INFO:[LightGBM] [Warning] No further splits with positive gain, best gain: -inf
2026-04-22 15:55:49,495:INFO:[LightGBM] [Warning] No further splits with positive gain, best gain: -inf
2026-04-22 15:55:49,497:INFO:[LightGBM] [Warning] No further splits with positive gain, best gain: -inf
2026-04-22 15:55:49,499:INFO:[LightGBM] [Warning] No further splits with positive gain, best gain: -inf
2026-04-22 15:55:49,501:INFO:[LightGBM] [Warning] No further splits with positive gain, best gain: -inf
2026-04-22 15:55:49,503:INFO:[LightGBM] [Warning] No further splits with positive gain, best gain: -inf
2026-04-22 15:55:49,505:INFO:[LightGBM] [Warning] No further splits with positive gain, best gain: -inf
2026-04-22 15:55:49,509:INFO:[LightGBM] [Warning] No further splits with positive gain, best gain: -inf
2026-04-22 15:55:49,511:INFO:[LightGBM] [Warning] No further splits with positive gain, best gain: -inf
2026-04-22 15:55:49,513:INFO:[LightGBM] [Warning] No further splits with positive gain, best gain: -inf
2026-04-22 15:55:49,515:INFO:[LightGBM] [Warning] No further splits with positive gain, best gain: -inf
2026-04-22 15:55:49,518:INFO:[LightGBM] [Warning] No further splits with positive gain, best gain: -inf
2026-04-22 15:55:49,521:INFO:[LightGBM] [Warning] No further splits with positive gain, best gain: -inf
2026-04-22 15:55:49,524:INFO:[LightGBM] [Warning] No further splits with positive gain, best gain: -inf
2026-04-22 15:55:49,527:INFO:[LightGBM] [Warning] No further splits with positive gain, best gain: -inf
2026-04-22 15:55:49,529:INFO:[LightGBM] [Warning] No further splits with positive gain, best gain: -inf
2026-04-22 15:55:49,531:INFO:[LightGBM] [Warning] No further splits with positive gain, best gain: -inf
2026-04-22 15:55:49,534:INFO:[LightGBM] [Warning] No further splits with positive gain, best gain: -inf
2026-04-22 15:55:49,536:INFO:[LightGBM] [Warning] No further splits with positive gain, best gain: -inf
2026-04-22 15:55:49,538:INFO:[LightGBM] [Warning] No further splits with positive gain, best gain: -inf
2026-04-22 15:55:49,540:INFO:[LightGBM] [Warning] No further splits with positive gain, best gain: -inf
2026-04-22 15:55:49,542:INFO:[LightGBM] [Warning] No further splits with positive gain, best gain: -inf
2026-04-22 15:55:49,544:INFO:[LightGBM] [Warning] No further splits with positive gain, best gain: -inf
2026-04-22 15:55:49,549:INFO:[LightGBM] [Warning] No further splits with positive gain, best gain: -inf
2026-04-22 15:55:49,551:INFO:[LightGBM] [Warning] No further splits with positive gain, best gain: -inf
2026-04-22 15:55:49,553:INFO:[LightGBM] [Warning] No further splits with positive gain, best gain: -inf
2026-04-22 15:55:49,556:INFO:[LightGBM] [Warning] No further splits with positive gain, best gain: -inf
2026-04-22 15:55:49,558:INFO:[LightGBM] [Warning] No further splits with positive gain, best gain: -inf
2026-04-22 15:55:49,560:INFO:[LightGBM] [Warning] No further splits with positive gain, best gain: -inf
2026-04-22 15:55:49,562:INFO:[LightGBM] [Warning] No further splits with positive gain, best gain: -inf
2026-04-22 15:55:49,564:INFO:[LightGBM] [Warning] No further splits with positive gain, best gain: -inf
2026-04-22 15:55:49,566:INFO:[LightGBM] [Warning] No further splits with positive gain, best gain: -inf
2026-04-22 15:55:49,569:INFO:[LightGBM] [Warning] No further splits with positive gain, best gain: -inf
2026-04-22 15:55:49,571:INFO:[LightGBM] [Warning] No further splits with positive gain, best gain: -inf
2026-04-22 15:55:49,574:INFO:[LightGBM] [Warning] No further splits with positive gain, best gain: -inf
2026-04-22 15:55:49,576:INFO:[LightGBM] [Warning] No further splits with positive gain, best gain: -inf
2026-04-22 15:55:49,578:INFO:[LightGBM] [Warning] No further splits with positive gain, best gain: -inf
2026-04-22 15:55:49,580:INFO:[LightGBM] [Warning] No further splits with positive gain, best gain: -inf
2026-04-22 15:55:49,582:INFO:[LightGBM] [Warning] No further splits with positive gain, best gain: -inf
2026-04-22 15:55:49,584:INFO:[LightGBM] [Warning] No further splits with positive gain, best gain: -inf
2026-04-22 15:55:49,586:INFO:[LightGBM] [Warning] No further splits with positive gain, best gain: -inf
2026-04-22 15:55:49,588:INFO:[LightGBM] [Warning] No further splits with positive gain, best gain: -inf
2026-04-22 15:55:49,590:INFO:[LightGBM] [Warning] No further splits with positive gain, best gain: -inf
2026-04-22 15:55:49,593:INFO:[LightGBM] [Warning] No further splits with positive gain, best gain: -inf
2026-04-22 15:55:49,595:INFO:[LightGBM] [Warning] No further splits with positive gain, best gain: -inf
2026-04-22 15:55:49,597:INFO:[LightGBM] [Warning] No further splits with positive gain, best gain: -inf
2026-04-22 15:55:49,599:INFO:[LightGBM] [Warning] No further splits with positive gain, best gain: -inf
2026-04-22 15:55:49,604:INFO:[LightGBM] [Warning] No further splits with positive gain, best gain: -inf
2026-04-22 15:55:49,606:INFO:[LightGBM] [Warning] No further splits with positive gain, best gain: -inf
2026-04-22 15:55:49,609:INFO:[LightGBM] [Warning] No further splits with positive gain, best gain: -inf
2026-04-22 15:55:49,611:INFO:[LightGBM] [Warning] No further splits with positive gain, best gain: -inf
2026-04-22 15:55:49,614:INFO:[LightGBM] [Warning] No further splits with positive gain, best gain: -inf
2026-04-22 15:55:49,615:INFO:[LightGBM] [Warning] No further splits with positive gain, best gain: -inf
2026-04-22 15:55:49,617:INFO:[LightGBM] [Warning] No further splits with positive gain, best gain: -inf
2026-04-22 15:55:49,620:INFO:[LightGBM] [Warning] No further splits with positive gain, best gain: -inf
2026-04-22 15:55:49,622:INFO:[LightGBM] [Warning] No further splits with positive gain, best gain: -inf
2026-04-22 15:55:49,625:INFO:[LightGBM] [Warning] No further splits with positive gain, best gain: -inf
2026-04-22 15:55:49,626:INFO:[LightGBM] [Warning] No further splits with positive gain, best gain: -inf
2026-04-22 15:55:49,629:INFO:[LightGBM] [Warning] No further splits with positive gain, best gain: -inf
2026-04-22 15:55:49,631:INFO:[LightGBM] [Warning] No further splits with positive gain, best gain: -inf
2026-04-22 15:55:49,633:INFO:[LightGBM] [Warning] No further splits with positive gain, best gain: -inf
2026-04-22 15:55:49,635:INFO:[LightGBM] [Warning] No further splits with positive gain, best gain: -inf
2026-04-22 15:55:49,637:INFO:[LightGBM] [Warning] No further splits with positive gain, best gain: -inf
2026-04-22 15:55:49,639:INFO:[LightGBM] [Warning] No further splits with positive gain, best gain: -inf
2026-04-22 15:55:49,642:INFO:[LightGBM] [Warning] No further splits with positive gain, best gain: -inf
2026-04-22 15:55:49,647:INFO:[LightGBM] [Warning] No further splits with positive gain, best gain: -inf
2026-04-22 15:55:49,651:INFO:[LightGBM] [Warning] No further splits with positive gain, best gain: -inf
2026-04-22 15:55:49,654:INFO:[LightGBM] [Warning] No further splits with positive gain, best gain: -inf
2026-04-22 15:55:49,657:INFO:[LightGBM] [Warning] No further splits with positive gain, best gain: -inf
2026-04-22 15:55:49,660:INFO:[LightGBM] [Warning] No further splits with positive gain, best gain: -inf
2026-04-22 15:55:49,663:INFO:[LightGBM] [Warning] No further splits with positive gain, best gain: -inf
2026-04-22 15:55:49,666:INFO:[LightGBM] [Warning] No further splits with positive gain, best gain: -inf
2026-04-22 15:55:49,668:INFO:[LightGBM] [Warning] No further splits with positive gain, best gain: -inf
2026-04-22 15:55:49,671:INFO:[LightGBM] [Warning] No further splits with positive gain, best gain: -inf
2026-04-22 15:55:49,673:INFO:[LightGBM] [Warning] No further splits with positive gain, best gain: -inf
2026-04-22 15:55:49,675:INFO:[LightGBM] [Warning] No further splits with positive gain, best gain: -inf
2026-04-22 15:55:49,678:INFO:[LightGBM] [Warning] No further splits with positive gain, best gain: -inf
2026-04-22 15:55:49,680:INFO:[LightGBM] [Warning] No further splits with positive gain, best gain: -inf
2026-04-22 15:55:49,685:INFO:[LightGBM] [Warning] No further splits with positive gain, best gain: -inf
2026-04-22 15:55:49,690:INFO:[LightGBM] [Warning] No further splits with positive gain, best gain: -inf
2026-04-22 15:55:49,692:INFO:[LightGBM] [Warning] No further splits with positive gain, best gain: -inf
2026-04-22 15:55:49,694:INFO:[LightGBM] [Warning] No further splits with positive gain, best gain: -inf
2026-04-22 15:55:49,696:INFO:[LightGBM] [Warning] No further splits with positive gain, best gain: -inf
2026-04-22 15:55:49,699:INFO:[LightGBM] [Warning] No further splits with positive gain, best gain: -inf
2026-04-22 15:55:49,701:INFO:[LightGBM] [Warning] No further splits with positive gain, best gain: -inf
2026-04-22 15:55:49,703:INFO:[LightGBM] [Warning] No further splits with positive gain, best gain: -inf
2026-04-22 15:55:49,705:INFO:[LightGBM] [Warning] No further splits with positive gain, best gain: -inf
2026-04-22 15:55:49,709:INFO:[LightGBM] [Warning] No further splits with positive gain, best gain: -inf
2026-04-22 15:55:49,711:INFO:[LightGBM] [Warning] No further splits with positive gain, best gain: -inf
2026-04-22 15:55:49,714:INFO:[LightGBM] [Warning] No further splits with positive gain, best gain: -inf
2026-04-22 15:55:49,716:INFO:[LightGBM] [Warning] No further splits with positive gain, best gain: -inf
2026-04-22 15:55:49,721:INFO:[LightGBM] [Warning] No further splits with positive gain, best gain: -inf
2026-04-22 15:55:49,723:INFO:[LightGBM] [Warning] No further splits with positive gain, best gain: -inf
2026-04-22 15:55:49,727:INFO:[LightGBM] [Warning] No further splits with positive gain, best gain: -inf
2026-04-22 15:55:49,731:INFO:[LightGBM] [Warning] No further splits with positive gain, best gain: -inf
2026-04-22 15:55:49,733:INFO:[LightGBM] [Warning] No further splits with positive gain, best gain: -inf
2026-04-22 15:55:49,734:INFO:[LightGBM] [Warning] No further splits with positive gain, best gain: -inf
2026-04-22 15:55:49,737:INFO:[LightGBM] [Warning] No further splits with positive gain, best gain: -inf
2026-04-22 15:55:49,739:INFO:[LightGBM] [Warning] No further splits with positive gain, best gain: -inf
2026-04-22 15:55:49,741:INFO:[LightGBM] [Warning] No further splits with positive gain, best gain: -inf
2026-04-22 15:55:49,744:INFO:[LightGBM] [Warning] No further splits with positive gain, best gain: -inf
2026-04-22 15:55:49,746:INFO:[LightGBM] [Warning] No further splits with positive gain, best gain: -inf
2026-04-22 15:55:49,748:INFO:[LightGBM] [Warning] No further splits with positive gain, best gain: -inf
2026-04-22 15:55:49,749:INFO:[LightGBM] [Warning] No further splits with positive gain, best gain: -inf
2026-04-22 15:55:49,752:INFO:[LightGBM] [Warning] No further splits with positive gain, best gain: -inf
2026-04-22 15:55:49,754:INFO:[LightGBM] [Warning] No further splits with positive gain, best gain: -inf
2026-04-22 15:55:49,756:INFO:[LightGBM] [Warning] No further splits with positive gain, best gain: -inf
2026-04-22 15:55:49,758:INFO:[LightGBM] [Warning] No further splits with positive gain, best gain: -inf
2026-04-22 15:55:49,760:INFO:[LightGBM] [Warning] No further splits with positive gain, best gain: -inf
2026-04-22 15:55:49,764:INFO:[LightGBM] [Warning] No further splits with positive gain, best gain: -inf
2026-04-22 15:55:49,766:INFO:[LightGBM] [Warning] No further splits with positive gain, best gain: -inf
2026-04-22 15:55:49,771:INFO:[LightGBM] [Warning] No further splits with positive gain, best gain: -inf
2026-04-22 15:55:49,776:INFO:[LightGBM] [Warning] No further splits with positive gain, best gain: -inf
2026-04-22 15:55:49,778:INFO:[LightGBM] [Warning] No further splits with positive gain, best gain: -inf
2026-04-22 15:55:49,781:INFO:[LightGBM] [Warning] No further splits with positive gain, best gain: -inf
2026-04-22 15:55:49,783:INFO:[LightGBM] [Warning] No further splits with positive gain, best gain: -inf
2026-04-22 15:55:49,786:INFO:[LightGBM] [Warning] No further splits with positive gain, best gain: -inf
2026-04-22 15:55:49,787:INFO:[LightGBM] [Warning] No further splits with positive gain, best gain: -inf
2026-04-22 15:55:49,790:INFO:[LightGBM] [Warning] No further splits with positive gain, best gain: -inf
2026-04-22 15:55:49,792:INFO:[LightGBM] [Warning] No further splits with positive gain, best gain: -inf
2026-04-22 15:55:49,795:INFO:[LightGBM] [Warning] No further splits with positive gain, best gain: -inf
2026-04-22 15:55:49,797:INFO:[LightGBM] [Warning] No further splits with positive gain, best gain: -inf
2026-04-22 15:55:49,799:INFO:[LightGBM] [Warning] No further splits with positive gain, best gain: -inf
2026-04-22 15:55:49,802:INFO:[LightGBM] [Warning] No further splits with positive gain, best gain: -inf
2026-04-22 15:55:49,805:INFO:[LightGBM] [Warning] No further splits with positive gain, best gain: -inf
2026-04-22 15:55:49,807:INFO:[LightGBM] [Warning] No further splits with positive gain, best gain: -inf
2026-04-22 15:55:49,810:INFO:[LightGBM] [Warning] No further splits with positive gain, best gain: -inf
2026-04-22 15:55:49,813:INFO:[LightGBM] [Warning] No further splits with positive gain, best gain: -inf
2026-04-22 15:55:49,815:INFO:[LightGBM] [Warning] No further splits with positive gain, best gain: -inf
2026-04-22 15:55:49,817:INFO:[LightGBM] [Warning] No further splits with positive gain, best gain: -inf
2026-04-22 15:55:49,819:INFO:[LightGBM] [Warning] No further splits with positive gain, best gain: -inf
2026-04-22 15:55:49,822:INFO:[LightGBM] [Warning] No further splits with positive gain, best gain: -inf
2026-04-22 15:55:49,824:INFO:[LightGBM] [Warning] No further splits with positive gain, best gain: -inf
2026-04-22 15:55:49,827:INFO:[LightGBM] [Warning] No further splits with positive gain, best gain: -inf
2026-04-22 15:55:49,829:INFO:[LightGBM] [Warning] No further splits with positive gain, best gain: -inf
2026-04-22 15:55:49,832:INFO:[LightGBM] [Warning] No further splits with positive gain, best gain: -inf
2026-04-22 15:55:49,834:INFO:[LightGBM] [Warning] No further splits with positive gain, best gain: -inf
2026-04-22 15:55:49,837:INFO:[LightGBM] [Warning] No further splits with positive gain, best gain: -inf
2026-04-22 15:55:49,839:INFO:[LightGBM] [Warning] No further splits with positive gain, best gain: -inf
2026-04-22 15:55:49,841:INFO:[LightGBM] [Warning] No further splits with positive gain, best gain: -inf
2026-04-22 15:55:49,843:INFO:[LightGBM] [Warning] No further splits with positive gain, best gain: -inf
2026-04-22 15:55:49,845:INFO:[LightGBM] [Warning] No further splits with positive gain, best gain: -inf
2026-04-22 15:55:49,848:INFO:[LightGBM] [Warning] No further splits with positive gain, best gain: -inf
2026-04-22 15:55:49,850:INFO:[LightGBM] [Warning] No further splits with positive gain, best gain: -inf
2026-04-22 15:55:49,854:INFO:[LightGBM] [Warning] No further splits with positive gain, best gain: -inf
2026-04-22 15:55:49,856:INFO:[LightGBM] [Warning] No further splits with positive gain, best gain: -inf
2026-04-22 15:55:49,859:INFO:[LightGBM] [Warning] No further splits with positive gain, best gain: -inf
2026-04-22 15:55:49,861:INFO:[LightGBM] [Warning] No further splits with positive gain, best gain: -inf
2026-04-22 15:55:49,864:INFO:[LightGBM] [Warning] No further splits with positive gain, best gain: -inf
2026-04-22 15:55:49,867:INFO:[LightGBM] [Warning] No further splits with positive gain, best gain: -inf
2026-04-22 15:55:49,870:INFO:[LightGBM] [Warning] No further splits with positive gain, best gain: -inf
2026-04-22 15:55:49,872:INFO:[LightGBM] [Warning] No further splits with positive gain, best gain: -inf
2026-04-22 15:55:49,874:INFO:[LightGBM] [Warning] No further splits with positive gain, best gain: -inf
2026-04-22 15:55:49,877:INFO:[LightGBM] [Warning] No further splits with positive gain, best gain: -inf
2026-04-22 15:55:49,879:INFO:[LightGBM] [Warning] No further splits with positive gain, best gain: -inf
2026-04-22 15:55:49,882:INFO:[LightGBM] [Warning] No further splits with positive gain, best gain: -inf
2026-04-22 15:55:49,884:INFO:[LightGBM] [Warning] No further splits with positive gain, best gain: -inf
2026-04-22 15:55:49,886:INFO:[LightGBM] [Warning] No further splits with positive gain, best gain: -inf
2026-04-22 15:55:49,888:INFO:[LightGBM] [Warning] No further splits with positive gain, best gain: -inf
2026-04-22 15:55:49,891:INFO:[LightGBM] [Warning] No further splits with positive gain, best gain: -inf
2026-04-22 15:55:49,893:INFO:[LightGBM] [Warning] No further splits with positive gain, best gain: -inf
2026-04-22 15:55:49,899:INFO:[LightGBM] [Warning] No further splits with positive gain, best gain: -inf
2026-04-22 15:55:49,901:INFO:[LightGBM] [Warning] No further splits with positive gain, best gain: -inf
2026-04-22 15:55:49,906:INFO:[LightGBM] [Warning] No further splits with positive gain, best gain: -inf
2026-04-22 15:55:49,909:INFO:[LightGBM] [Warning] No further splits with positive gain, best gain: -inf
2026-04-22 15:55:49,912:INFO:[LightGBM] [Warning] No further splits with positive gain, best gain: -inf
2026-04-22 15:55:49,915:INFO:[LightGBM] [Warning] No further splits with positive gain, best gain: -inf
2026-04-22 15:55:49,917:INFO:[LightGBM] [Warning] No further splits with positive gain, best gain: -inf
2026-04-22 15:55:49,919:INFO:[LightGBM] [Warning] No further splits with positive gain, best gain: -inf
2026-04-22 15:55:49,922:INFO:[LightGBM] [Warning] No further splits with positive gain, best gain: -inf
2026-04-22 15:55:49,924:INFO:[LightGBM] [Warning] No further splits with positive gain, best gain: -inf
2026-04-22 15:55:49,926:INFO:[LightGBM] [Warning] No further splits with positive gain, best gain: -inf
2026-04-22 15:55:49,928:INFO:[LightGBM] [Warning] No further splits with positive gain, best gain: -inf
2026-04-22 15:55:49,930:INFO:[LightGBM] [Warning] No further splits with positive gain, best gain: -inf
2026-04-22 15:55:49,933:INFO:[LightGBM] [Warning] No further splits with positive gain, best gain: -inf
2026-04-22 15:55:49,935:INFO:[LightGBM] [Warning] No further splits with positive gain, best gain: -inf
2026-04-22 15:55:49,937:INFO:[LightGBM] [Warning] No further splits with positive gain, best gain: -inf
2026-04-22 15:55:49,940:INFO:[LightGBM] [Warning] No further splits with positive gain, best gain: -inf
2026-04-22 15:55:49,942:INFO:[LightGBM] [Warning] No further splits with positive gain, best gain: -inf
2026-04-22 15:55:49,944:INFO:[LightGBM] [Warning] No further splits with positive gain, best gain: -inf
2026-04-22 15:55:49,946:INFO:[LightGBM] [Warning] No further splits with positive gain, best gain: -inf
2026-04-22 15:55:49,949:INFO:[LightGBM] [Warning] No further splits with positive gain, best gain: -inf
2026-04-22 15:55:49,951:INFO:[LightGBM] [Warning] No further splits with positive gain, best gain: -inf
2026-04-22 15:55:49,953:INFO:[LightGBM] [Warning] No further splits with positive gain, best gain: -inf
2026-04-22 15:55:49,955:INFO:[LightGBM] [Warning] No further splits with positive gain, best gain: -inf
2026-04-22 15:55:49,957:INFO:[LightGBM] [Warning] No further splits with positive gain, best gain: -inf
2026-04-22 15:55:49,963:INFO:[LightGBM] [Warning] No further splits with positive gain, best gain: -inf
2026-04-22 15:55:49,968:INFO:[LightGBM] [Warning] No further splits with positive gain, best gain: -inf
2026-04-22 15:55:49,971:INFO:[LightGBM] [Warning] No further splits with positive gain, best gain: -inf
2026-04-22 15:55:49,976:INFO:[LightGBM] [Warning] No further splits with positive gain, best gain: -inf
2026-04-22 15:55:49,982:INFO:[LightGBM] [Warning] No further splits with positive gain, best gain: -inf
2026-04-22 15:55:49,988:INFO:[LightGBM] [Warning] No further splits with positive gain, best gain: -inf
2026-04-22 15:55:49,990:INFO:[LightGBM] [Warning] No further splits with positive gain, best gain: -inf
2026-04-22 15:55:50,002:INFO:[LightGBM] [Warning] No further splits with positive gain, best gain: -inf
2026-04-22 15:55:50,013:INFO:[LightGBM] [Warning] No further splits with positive gain, best gain: -inf
2026-04-22 15:55:50,015:INFO:[LightGBM] [Warning] No further splits with positive gain, best gain: -inf
2026-04-22 15:55:50,024:INFO:[LightGBM] [Warning] No further splits with positive gain, best gain: -inf
2026-04-22 15:55:50,027:INFO:[LightGBM] [Warning] No further splits with positive gain, best gain: -inf
2026-04-22 15:55:50,032:INFO:[LightGBM] [Warning] No further splits with positive gain, best gain: -inf
2026-04-22 15:55:50,038:INFO:[LightGBM] [Warning] No further splits with positive gain, best gain: -inf
2026-04-22 15:55:50,044:INFO:[LightGBM] [Warning] No further splits with positive gain, best gain: -inf
2026-04-22 15:55:50,050:INFO:[LightGBM] [Warning] No further splits with positive gain, best gain: -inf
2026-04-22 15:55:50,055:INFO:[LightGBM] [Warning] No further splits with positive gain, best gain: -inf
2026-04-22 15:55:50,061:INFO:[LightGBM] [Warning] No further splits with positive gain, best gain: -inf
2026-04-22 15:55:50,063:INFO:[LightGBM] [Warning] No further splits with positive gain, best gain: -inf
2026-04-22 15:55:50,068:INFO:[LightGBM] [Warning] No further splits with positive gain, best gain: -inf
2026-04-22 15:55:50,072:INFO:[LightGBM] [Warning] No further splits with positive gain, best gain: -inf
2026-04-22 15:55:50,075:INFO:[LightGBM] [Warning] No further splits with positive gain, best gain: -inf
2026-04-22 15:55:50,080:INFO:[LightGBM] [Warning] No further splits with positive gain, best gain: -inf
2026-04-22 15:55:50,121:INFO:[LightGBM] [Warning] No further splits with positive gain, best gain: -inf
2026-04-22 15:55:50,124:INFO:[LightGBM] [Warning] No further splits with positive gain, best gain: -inf
2026-04-22 15:55:50,126:INFO:[LightGBM] [Warning] No further splits with positive gain, best gain: -inf
2026-04-22 15:55:50,128:INFO:[LightGBM] [Warning] No further splits with positive gain, best gain: -inf
2026-04-22 15:55:50,131:INFO:[LightGBM] [Warning] No further splits with positive gain, best gain: -inf
2026-04-22 15:55:50,133:INFO:[LightGBM] [Warning] No further splits with positive gain, best gain: -inf
2026-04-22 15:55:50,135:INFO:[LightGBM] [Warning] No further splits with positive gain, best gain: -inf
2026-04-22 15:55:50,138:INFO:[LightGBM] [Warning] No further splits with positive gain, best gain: -inf
2026-04-22 15:55:50,139:INFO:[LightGBM] [Warning] No further splits with positive gain, best gain: -inf
2026-04-22 15:55:50,142:INFO:[LightGBM] [Warning] No further splits with positive gain, best gain: -inf
2026-04-22 15:55:50,144:INFO:[LightGBM] [Warning] No further splits with positive gain, best gain: -inf
2026-04-22 15:55:50,151:INFO:[LightGBM] [Warning] No further splits with positive gain, best gain: -inf
2026-04-22 15:55:50,154:INFO:[LightGBM] [Warning] No further splits with positive gain, best gain: -inf
2026-04-22 15:55:50,156:INFO:[LightGBM] [Warning] No further splits with positive gain, best gain: -inf
2026-04-22 15:55:50,161:INFO:[LightGBM] [Warning] No further splits with positive gain, best gain: -inf
2026-04-22 15:55:50,163:INFO:[LightGBM] [Warning] No further splits with positive gain, best gain: -inf
2026-04-22 15:55:50,166:INFO:[LightGBM] [Warning] No further splits with positive gain, best gain: -inf
2026-04-22 15:55:50,169:INFO:[LightGBM] [Warning] No further splits with positive gain, best gain: -inf
2026-04-22 15:55:50,171:INFO:[LightGBM] [Warning] No further splits with positive gain, best gain: -inf
2026-04-22 15:55:50,174:INFO:[LightGBM] [Warning] No further splits with positive gain, best gain: -inf
2026-04-22 15:55:50,176:INFO:[LightGBM] [Warning] No further splits with positive gain, best gain: -inf
2026-04-22 15:55:50,178:INFO:[LightGBM] [Warning] No further splits with positive gain, best gain: -inf
2026-04-22 15:55:50,181:INFO:[LightGBM] [Warning] No further splits with positive gain, best gain: -inf
2026-04-22 15:55:50,184:INFO:[LightGBM] [Warning] No further splits with positive gain, best gain: -inf
2026-04-22 15:55:50,186:INFO:[LightGBM] [Warning] No further splits with positive gain, best gain: -inf
2026-04-22 15:55:50,189:INFO:[LightGBM] [Warning] No further splits with positive gain, best gain: -inf
2026-04-22 15:55:50,192:INFO:[LightGBM] [Warning] No further splits with positive gain, best gain: -inf
2026-04-22 15:55:50,194:INFO:[LightGBM] [Warning] No further splits with positive gain, best gain: -inf
2026-04-22 15:55:50,196:INFO:[LightGBM] [Warning] No further splits with positive gain, best gain: -inf
2026-04-22 15:55:50,199:INFO:[LightGBM] [Warning] No further splits with positive gain, best gain: -inf
2026-04-22 15:55:50,201:INFO:[LightGBM] [Warning] No further splits with positive gain, best gain: -inf
2026-04-22 15:55:50,203:INFO:[LightGBM] [Warning] No further splits with positive gain, best gain: -inf
2026-04-22 15:55:50,205:INFO:[LightGBM] [Warning] No further splits with positive gain, best gain: -inf
2026-04-22 15:55:50,208:INFO:[LightGBM] [Warning] No further splits with positive gain, best gain: -inf
2026-04-22 15:55:50,210:INFO:[LightGBM] [Warning] No further splits with positive gain, best gain: -inf
2026-04-22 15:55:50,213:INFO:[LightGBM] [Warning] No further splits with positive gain, best gain: -inf
2026-04-22 15:55:50,215:INFO:[LightGBM] [Warning] No further splits with positive gain, best gain: -inf
2026-04-22 15:55:50,218:INFO:[LightGBM] [Warning] No further splits with positive gain, best gain: -inf
2026-04-22 15:55:50,220:INFO:[LightGBM] [Warning] No further splits with positive gain, best gain: -inf
2026-04-22 15:55:50,222:INFO:[LightGBM] [Warning] No further splits with positive gain, best gain: -inf
2026-04-22 15:55:50,225:INFO:[LightGBM] [Warning] No further splits with positive gain, best gain: -inf
2026-04-22 15:55:50,226:INFO:[LightGBM] [Warning] No further splits with positive gain, best gain: -inf
2026-04-22 15:55:50,229:INFO:[LightGBM] [Warning] No further splits with positive gain, best gain: -inf
2026-04-22 15:55:50,235:INFO:[LightGBM] [Warning] No further splits with positive gain, best gain: -inf
2026-04-22 15:55:50,238:INFO:[LightGBM] [Warning] No further splits with positive gain, best gain: -inf
2026-04-22 15:55:50,240:INFO:[LightGBM] [Warning] No further splits with positive gain, best gain: -inf
2026-04-22 15:55:50,243:INFO:[LightGBM] [Warning] No further splits with positive gain, best gain: -inf
2026-04-22 15:55:50,248:INFO:[LightGBM] [Warning] No further splits with positive gain, best gain: -inf
2026-04-22 15:55:50,250:INFO:[LightGBM] [Warning] No further splits with positive gain, best gain: -inf
2026-04-22 15:55:50,257:INFO:[LightGBM] [Warning] No further splits with positive gain, best gain: -inf
2026-04-22 15:55:50,258:INFO:[LightGBM] [Warning] No further splits with positive gain, best gain: -inf
2026-04-22 15:55:50,261:INFO:[LightGBM] [Warning] No further splits with positive gain, best gain: -inf
2026-04-22 15:55:50,267:INFO:[LightGBM] [Warning] No further splits with positive gain, best gain: -inf
2026-04-22 15:55:50,270:INFO:[LightGBM] [Warning] No further splits with positive gain, best gain: -inf
2026-04-22 15:55:50,272:INFO:[LightGBM] [Warning] No further splits with positive gain, best gain: -inf
2026-04-22 15:55:50,278:INFO:[LightGBM] [Warning] No further splits with positive gain, best gain: -inf
2026-04-22 15:55:50,281:INFO:[LightGBM] [Warning] No further splits with positive gain, best gain: -inf
2026-04-22 15:55:50,286:INFO:[LightGBM] [Warning] No further splits with positive gain, best gain: -inf
2026-04-22 15:55:50,288:INFO:[LightGBM] [Warning] No further splits with positive gain, best gain: -inf
2026-04-22 15:55:50,290:INFO:[LightGBM] [Warning] No further splits with positive gain, best gain: -inf
2026-04-22 15:55:50,293:INFO:[LightGBM] [Warning] No further splits with positive gain, best gain: -inf
2026-04-22 15:55:50,298:INFO:[LightGBM] [Warning] No further splits with positive gain, best gain: -inf
2026-04-22 15:55:50,301:INFO:[LightGBM] [Warning] No further splits with positive gain, best gain: -inf
2026-04-22 15:55:50,303:INFO:[LightGBM] [Warning] No further splits with positive gain, best gain: -inf
2026-04-22 15:55:50,306:INFO:[LightGBM] [Warning] No further splits with positive gain, best gain: -inf
2026-04-22 15:55:50,308:INFO:[LightGBM] [Warning] No further splits with positive gain, best gain: -inf
2026-04-22 15:55:50,311:INFO:[LightGBM] [Warning] No further splits with positive gain, best gain: -inf
2026-04-22 15:55:50,313:INFO:[LightGBM] [Warning] No further splits with positive gain, best gain: -inf
2026-04-22 15:55:50,316:INFO:[LightGBM] [Warning] No further splits with positive gain, best gain: -inf
2026-04-22 15:55:50,318:INFO:[LightGBM] [Warning] No further splits with positive gain, best gain: -inf
2026-04-22 15:55:50,321:INFO:[LightGBM] [Warning] No further splits with positive gain, best gain: -inf
2026-04-22 15:55:50,326:INFO:[LightGBM] [Warning] No further splits with positive gain, best gain: -inf
2026-04-22 15:55:50,329:INFO:[LightGBM] [Warning] No further splits with positive gain, best gain: -inf
2026-04-22 15:55:50,331:INFO:[LightGBM] [Warning] No further splits with positive gain, best gain: -inf
2026-04-22 15:55:50,333:INFO:[LightGBM] [Warning] No further splits with positive gain, best gain: -inf
2026-04-22 15:55:50,336:INFO:[LightGBM] [Warning] No further splits with positive gain, best gain: -inf
2026-04-22 15:55:50,338:INFO:[LightGBM] [Warning] No further splits with positive gain, best gain: -inf
2026-04-22 15:55:50,341:INFO:[LightGBM] [Warning] No further splits with positive gain, best gain: -inf
2026-04-22 15:55:50,343:INFO:[LightGBM] [Warning] No further splits with positive gain, best gain: -inf
2026-04-22 15:55:50,345:INFO:[LightGBM] [Warning] No further splits with positive gain, best gain: -inf
2026-04-22 15:55:50,347:INFO:[LightGBM] [Warning] No further splits with positive gain, best gain: -inf
2026-04-22 15:55:50,351:INFO:[LightGBM] [Warning] No further splits with positive gain, best gain: -inf
2026-04-22 15:55:50,354:INFO:[LightGBM] [Warning] No further splits with positive gain, best gain: -inf
2026-04-22 15:55:50,362:INFO:[LightGBM] [Warning] No further splits with positive gain, best gain: -inf
2026-04-22 15:55:50,364:INFO:[LightGBM] [Warning] No further splits with positive gain, best gain: -inf
2026-04-22 15:55:50,366:INFO:[LightGBM] [Warning] No further splits with positive gain, best gain: -inf
2026-04-22 15:55:50,369:INFO:[LightGBM] [Warning] No further splits with positive gain, best gain: -inf
2026-04-22 15:55:50,372:INFO:[LightGBM] [Warning] No further splits with positive gain, best gain: -inf
2026-04-22 15:55:50,374:INFO:[LightGBM] [Warning] No further splits with positive gain, best gain: -inf
2026-04-22 15:55:50,376:INFO:[LightGBM] [Warning] No further splits with positive gain, best gain: -inf
2026-04-22 15:55:50,378:INFO:[LightGBM] [Warning] No further splits with positive gain, best gain: -inf
2026-04-22 15:55:50,381:INFO:[LightGBM] [Warning] No further splits with positive gain, best gain: -inf
2026-04-22 15:55:50,383:INFO:[LightGBM] [Warning] No further splits with positive gain, best gain: -inf
2026-04-22 15:55:50,386:INFO:[LightGBM] [Warning] No further splits with positive gain, best gain: -inf
2026-04-22 15:55:50,388:INFO:[LightGBM] [Warning] No further splits with positive gain, best gain: -inf
2026-04-22 15:55:50,391:INFO:[LightGBM] [Warning] No further splits with positive gain, best gain: -inf
2026-04-22 15:55:50,393:INFO:[LightGBM] [Warning] No further splits with positive gain, best gain: -inf
2026-04-22 15:55:50,396:INFO:[LightGBM] [Warning] No further splits with positive gain, best gain: -inf
2026-04-22 15:55:50,398:INFO:[LightGBM] [Warning] No further splits with positive gain, best gain: -inf
2026-04-22 15:55:50,403:INFO:[LightGBM] [Warning] No further splits with positive gain, best gain: -inf
2026-04-22 15:55:50,407:INFO:[LightGBM] [Warning] No further splits with positive gain, best gain: -inf
2026-04-22 15:55:50,408:INFO:[LightGBM] [Warning] No further splits with positive gain, best gain: -inf
2026-04-22 15:55:50,421:INFO:[LightGBM] [Warning] No further splits with positive gain, best gain: -inf
2026-04-22 15:55:50,423:INFO:[LightGBM] [Warning] No further splits with positive gain, best gain: -inf
2026-04-22 15:55:50,426:INFO:[LightGBM] [Warning] No further splits with positive gain, best gain: -inf
2026-04-22 15:55:50,428:INFO:[LightGBM] [Warning] No further splits with positive gain, best gain: -inf
2026-04-22 15:55:50,430:INFO:[LightGBM] [Warning] No further splits with positive gain, best gain: -inf
2026-04-22 15:55:50,433:INFO:[LightGBM] [Warning] No further splits with positive gain, best gain: -inf
2026-04-22 15:55:50,435:INFO:[LightGBM] [Warning] No further splits with positive gain, best gain: -inf
2026-04-22 15:55:50,437:INFO:[LightGBM] [Warning] No further splits with positive gain, best gain: -inf
2026-04-22 15:55:50,440:INFO:[LightGBM] [Warning] No further splits with positive gain, best gain: -inf
2026-04-22 15:55:50,442:INFO:[LightGBM] [Warning] No further splits with positive gain, best gain: -inf
2026-04-22 15:55:50,445:INFO:[LightGBM] [Warning] No further splits with positive gain, best gain: -inf
2026-04-22 15:55:50,447:INFO:[LightGBM] [Warning] No further splits with positive gain, best gain: -inf
2026-04-22 15:55:50,451:INFO:[LightGBM] [Warning] No further splits with positive gain, best gain: -inf
2026-04-22 15:55:50,454:INFO:[LightGBM] [Warning] No further splits with positive gain, best gain: -inf
2026-04-22 15:55:50,456:INFO:[LightGBM] [Warning] No further splits with positive gain, best gain: -inf
2026-04-22 15:55:50,459:INFO:[LightGBM] [Warning] No further splits with positive gain, best gain: -inf
2026-04-22 15:55:50,462:INFO:[LightGBM] [Warning] No further splits with positive gain, best gain: -inf
2026-04-22 15:55:50,465:INFO:[LightGBM] [Warning] No further splits with positive gain, best gain: -inf
2026-04-22 15:55:50,467:INFO:[LightGBM] [Warning] No further splits with positive gain, best gain: -inf
2026-04-22 15:55:50,469:INFO:[LightGBM] [Warning] No further splits with positive gain, best gain: -inf
2026-04-22 15:55:50,472:INFO:[LightGBM] [Warning] No further splits with positive gain, best gain: -inf
2026-04-22 15:55:50,474:INFO:[LightGBM] [Warning] No further splits with positive gain, best gain: -inf
2026-04-22 15:55:50,477:INFO:[LightGBM] [Warning] No further splits with positive gain, best gain: -inf
2026-04-22 15:55:50,479:INFO:[LightGBM] [Warning] No further splits with positive gain, best gain: -inf
2026-04-22 15:55:50,485:INFO:[LightGBM] [Warning] No further splits with positive gain, best gain: -inf
2026-04-22 15:55:50,489:INFO:[LightGBM] [Warning] No further splits with positive gain, best gain: -inf
2026-04-22 15:55:50,494:INFO:[LightGBM] [Warning] No further splits with positive gain, best gain: -inf
2026-04-22 15:55:50,496:INFO:[LightGBM] [Warning] No further splits with positive gain, best gain: -inf
2026-04-22 15:55:50,499:INFO:[LightGBM] [Warning] No further splits with positive gain, best gain: -inf
2026-04-22 15:55:50,502:INFO:[LightGBM] [Warning] No further splits with positive gain, best gain: -inf
2026-04-22 15:55:50,504:INFO:[LightGBM] [Warning] No further splits with positive gain, best gain: -inf
2026-04-22 15:55:50,506:INFO:[LightGBM] [Warning] No further splits with positive gain, best gain: -inf
2026-04-22 15:55:50,509:INFO:[LightGBM] [Warning] No further splits with positive gain, best gain: -inf
2026-04-22 15:55:50,511:INFO:[LightGBM] [Warning] No further splits with positive gain, best gain: -inf
2026-04-22 15:55:50,514:INFO:[LightGBM] [Warning] No further splits with positive gain, best gain: -inf
2026-04-22 15:55:50,519:INFO:[LightGBM] [Warning] No further splits with positive gain, best gain: -inf
2026-04-22 15:55:50,522:INFO:[LightGBM] [Warning] No further splits with positive gain, best gain: -inf
2026-04-22 15:55:50,524:INFO:[LightGBM] [Warning] No further splits with positive gain, best gain: -inf
2026-04-22 15:55:50,529:INFO:[LightGBM] [Warning] No further splits with positive gain, best gain: -inf
2026-04-22 15:55:50,532:INFO:[LightGBM] [Warning] No further splits with positive gain, best gain: -inf
2026-04-22 15:55:50,538:INFO:[LightGBM] [Warning] No further splits with positive gain, best gain: -inf
2026-04-22 15:55:50,541:INFO:[LightGBM] [Warning] No further splits with positive gain, best gain: -inf
2026-04-22 15:55:50,544:INFO:[LightGBM] [Warning] No further splits with positive gain, best gain: -inf
2026-04-22 15:55:50,546:INFO:[LightGBM] [Warning] No further splits with positive gain, best gain: -inf
2026-04-22 15:55:50,549:INFO:[LightGBM] [Warning] No further splits with positive gain, best gain: -inf
2026-04-22 15:55:50,554:INFO:[LightGBM] [Warning] No further splits with positive gain, best gain: -inf
2026-04-22 15:55:50,557:INFO:[LightGBM] [Warning] No further splits with positive gain, best gain: -inf
2026-04-22 15:55:50,559:INFO:[LightGBM] [Warning] No further splits with positive gain, best gain: -inf
2026-04-22 15:55:50,565:INFO:[LightGBM] [Warning] No further splits with positive gain, best gain: -inf
2026-04-22 15:55:50,568:INFO:[LightGBM] [Warning] No further splits with positive gain, best gain: -inf
2026-04-22 15:55:50,570:INFO:[LightGBM] [Warning] No further splits with positive gain, best gain: -inf
2026-04-22 15:55:50,573:INFO:[LightGBM] [Warning] No further splits with positive gain, best gain: -inf
2026-04-22 15:55:50,575:INFO:[LightGBM] [Warning] No further splits with positive gain, best gain: -inf
2026-04-22 15:55:50,578:INFO:[LightGBM] [Warning] No further splits with positive gain, best gain: -inf
2026-04-22 15:55:50,580:INFO:[LightGBM] [Warning] No further splits with positive gain, best gain: -inf
2026-04-22 15:55:50,582:INFO:[LightGBM] [Warning] No further splits with positive gain, best gain: -inf
2026-04-22 15:55:50,585:INFO:[LightGBM] [Warning] No further splits with positive gain, best gain: -inf
2026-04-22 15:55:50,587:INFO:[LightGBM] [Warning] No further splits with positive gain, best gain: -inf
2026-04-22 15:55:50,589:INFO:[LightGBM] [Warning] No further splits with positive gain, best gain: -inf
2026-04-22 15:55:50,591:INFO:[LightGBM] [Warning] No further splits with positive gain, best gain: -inf
2026-04-22 15:55:50,594:INFO:[LightGBM] [Warning] No further splits with positive gain, best gain: -inf
2026-04-22 15:55:50,597:INFO:[LightGBM] [Warning] No further splits with positive gain, best gain: -inf
2026-04-22 15:55:50,599:INFO:[LightGBM] [Warning] No further splits with positive gain, best gain: -inf
2026-04-22 15:55:50,601:INFO:[LightGBM] [Warning] No further splits with positive gain, best gain: -inf
2026-04-22 15:55:50,603:INFO:[LightGBM] [Warning] No further splits with positive gain, best gain: -inf
2026-04-22 15:55:50,612:INFO:[LightGBM] [Warning] No further splits with positive gain, best gain: -inf
2026-04-22 15:55:50,615:INFO:[LightGBM] [Warning] No further splits with positive gain, best gain: -inf
2026-04-22 15:55:50,624:INFO:[LightGBM] [Warning] No further splits with positive gain, best gain: -inf
2026-04-22 15:55:50,626:INFO:[LightGBM] [Warning] No further splits with positive gain, best gain: -inf
2026-04-22 15:55:50,628:INFO:[LightGBM] [Warning] No further splits with positive gain, best gain: -inf
2026-04-22 15:55:50,631:INFO:[LightGBM] [Warning] No further splits with positive gain, best gain: -inf
2026-04-22 15:55:50,633:INFO:[LightGBM] [Warning] No further splits with positive gain, best gain: -inf
2026-04-22 15:55:50,635:INFO:[LightGBM] [Warning] No further splits with positive gain, best gain: -inf
2026-04-22 15:55:50,638:INFO:[LightGBM] [Warning] No further splits with positive gain, best gain: -inf
2026-04-22 15:55:50,640:INFO:[LightGBM] [Warning] No further splits with positive gain, best gain: -inf
2026-04-22 15:55:50,642:INFO:[LightGBM] [Warning] No further splits with positive gain, best gain: -inf
2026-04-22 15:55:50,648:INFO:[LightGBM] [Warning] No further splits with positive gain, best gain: -inf
2026-04-22 15:55:50,650:INFO:[LightGBM] [Warning] No further splits with positive gain, best gain: -inf
2026-04-22 15:55:50,655:INFO:[LightGBM] [Warning] No further splits with positive gain, best gain: -inf
2026-04-22 15:55:50,659:INFO:[LightGBM] [Warning] No further splits with positive gain, best gain: -inf
2026-04-22 15:55:50,663:INFO:[LightGBM] [Warning] No further splits with positive gain, best gain: -inf
2026-04-22 15:55:50,666:INFO:[LightGBM] [Warning] No further splits with positive gain, best gain: -inf
2026-04-22 15:55:50,668:INFO:[LightGBM] [Warning] No further splits with positive gain, best gain: -inf
2026-04-22 15:55:50,671:INFO:[LightGBM] [Warning] No further splits with positive gain, best gain: -inf
2026-04-22 15:55:50,673:INFO:[LightGBM] [Warning] No further splits with positive gain, best gain: -inf
2026-04-22 15:55:50,675:INFO:[LightGBM] [Warning] No further splits with positive gain, best gain: -inf
2026-04-22 15:55:50,680:INFO:[LightGBM] [Warning] No further splits with positive gain, best gain: -inf
2026-04-22 15:55:50,683:INFO:[LightGBM] [Warning] No further splits with positive gain, best gain: -inf
2026-04-22 15:55:50,685:INFO:[LightGBM] [Warning] No further splits with positive gain, best gain: -inf
2026-04-22 15:55:50,687:INFO:[LightGBM] [Warning] No further splits with positive gain, best gain: -inf
2026-04-22 15:55:50,690:INFO:[LightGBM] [Warning] No further splits with positive gain, best gain: -inf
2026-04-22 15:55:50,692:INFO:[LightGBM] [Warning] No further splits with positive gain, best gain: -inf
2026-04-22 15:55:50,694:INFO:[LightGBM] [Warning] No further splits with positive gain, best gain: -inf
2026-04-22 15:55:50,697:INFO:[LightGBM] [Warning] No further splits with positive gain, best gain: -inf
2026-04-22 15:55:50,701:INFO:[LightGBM] [Warning] No further splits with positive gain, best gain: -inf
2026-04-22 15:55:50,704:INFO:[LightGBM] [Warning] No further splits with positive gain, best gain: -inf
2026-04-22 15:55:50,709:INFO:[LightGBM] [Warning] No further splits with positive gain, best gain: -inf
2026-04-22 15:55:50,711:INFO:[LightGBM] [Warning] No further splits with positive gain, best gain: -inf
2026-04-22 15:55:50,713:INFO:[LightGBM] [Warning] No further splits with positive gain, best gain: -inf
2026-04-22 15:55:50,716:INFO:[LightGBM] [Warning] No further splits with positive gain, best gain: -inf
2026-04-22 15:55:50,720:INFO:[LightGBM] [Warning] No further splits with positive gain, best gain: -inf
2026-04-22 15:55:50,724:INFO:[LightGBM] [Warning] No further splits with positive gain, best gain: -inf
2026-04-22 15:55:50,726:INFO:[LightGBM] [Warning] No further splits with positive gain, best gain: -inf
2026-04-22 15:55:50,728:INFO:[LightGBM] [Warning] No further splits with positive gain, best gain: -inf
2026-04-22 15:55:50,729:INFO:[LightGBM] [Warning] No further splits with positive gain, best gain: -inf
2026-04-22 15:55:50,732:INFO:[LightGBM] [Warning] No further splits with positive gain, best gain: -inf
2026-04-22 15:55:50,735:INFO:[LightGBM] [Warning] No further splits with positive gain, best gain: -inf
2026-04-22 15:55:50,740:INFO:[LightGBM] [Warning] No further splits with positive gain, best gain: -inf
2026-04-22 15:55:50,744:INFO:[LightGBM] [Warning] No further splits with positive gain, best gain: -inf
2026-04-22 15:55:50,746:INFO:[LightGBM] [Warning] No further splits with positive gain, best gain: -inf
2026-04-22 15:55:50,749:INFO:[LightGBM] [Warning] No further splits with positive gain, best gain: -inf
2026-04-22 15:55:50,751:INFO:[LightGBM] [Warning] No further splits with positive gain, best gain: -inf
2026-04-22 15:55:50,757:INFO:[LightGBM] [Warning] No further splits with positive gain, best gain: -inf
2026-04-22 15:55:50,759:INFO:[LightGBM] [Warning] No further splits with positive gain, best gain: -inf
2026-04-22 15:55:50,761:INFO:[LightGBM] [Warning] No further splits with positive gain, best gain: -inf
2026-04-22 15:55:50,767:INFO:[LightGBM] [Warning] No further splits with positive gain, best gain: -inf
2026-04-22 15:55:50,770:INFO:[LightGBM] [Warning] No further splits with positive gain, best gain: -inf
2026-04-22 15:55:50,772:INFO:[LightGBM] [Warning] No further splits with positive gain, best gain: -inf
2026-04-22 15:55:50,774:INFO:[LightGBM] [Warning] No further splits with positive gain, best gain: -inf
2026-04-22 15:55:50,778:INFO:[LightGBM] [Warning] No further splits with positive gain, best gain: -inf
2026-04-22 15:55:50,780:INFO:[LightGBM] [Warning] No further splits with positive gain, best gain: -inf
2026-04-22 15:55:50,784:INFO:[LightGBM] [Warning] No further splits with positive gain, best gain: -inf
2026-04-22 15:55:50,786:INFO:[LightGBM] [Warning] No further splits with positive gain, best gain: -inf
2026-04-22 15:55:50,789:INFO:[LightGBM] [Warning] No further splits with positive gain, best gain: -inf
2026-04-22 15:55:50,791:INFO:[LightGBM] [Warning] No further splits with positive gain, best gain: -inf
2026-04-22 15:55:50,793:INFO:[LightGBM] [Warning] No further splits with positive gain, best gain: -inf
2026-04-22 15:55:50,795:INFO:[LightGBM] [Warning] No further splits with positive gain, best gain: -inf
2026-04-22 15:55:50,798:INFO:[LightGBM] [Warning] No further splits with positive gain, best gain: -inf
2026-04-22 15:55:50,800:INFO:[LightGBM] [Warning] No further splits with positive gain, best gain: -inf
2026-04-22 15:55:50,802:INFO:[LightGBM] [Warning] No further splits with positive gain, best gain: -inf
2026-04-22 15:55:50,804:INFO:[LightGBM] [Warning] No further splits with positive gain, best gain: -inf
2026-04-22 15:55:50,807:INFO:[LightGBM] [Warning] No further splits with positive gain, best gain: -inf
2026-04-22 15:55:50,809:INFO:[LightGBM] [Warning] No further splits with positive gain, best gain: -inf
2026-04-22 15:55:50,811:INFO:[LightGBM] [Warning] No further splits with positive gain, best gain: -inf
2026-04-22 15:55:50,814:INFO:[LightGBM] [Warning] No further splits with positive gain, best gain: -inf
2026-04-22 15:55:50,816:INFO:[LightGBM] [Warning] No further splits with positive gain, best gain: -inf
2026-04-22 15:55:50,819:INFO:[LightGBM] [Warning] No further splits with positive gain, best gain: -inf
2026-04-22 15:55:50,822:INFO:[LightGBM] [Warning] No further splits with positive gain, best gain: -inf
2026-04-22 15:55:50,827:INFO:[LightGBM] [Warning] No further splits with positive gain, best gain: -inf
2026-04-22 15:55:50,829:INFO:[LightGBM] [Warning] No further splits with positive gain, best gain: -inf
2026-04-22 15:55:50,836:INFO:[LightGBM] [Warning] No further splits with positive gain, best gain: -inf
2026-04-22 15:55:50,838:INFO:[LightGBM] [Warning] No further splits with positive gain, best gain: -inf
2026-04-22 15:55:50,841:INFO:[LightGBM] [Warning] No further splits with positive gain, best gain: -inf
2026-04-22 15:55:50,843:INFO:[LightGBM] [Warning] No further splits with positive gain, best gain: -inf
2026-04-22 15:55:50,845:INFO:[LightGBM] [Warning] No further splits with positive gain, best gain: -inf
2026-04-22 15:55:50,851:INFO:[LightGBM] [Warning] No further splits with positive gain, best gain: -inf
2026-04-22 15:55:50,855:INFO:[LightGBM] [Warning] No further splits with positive gain, best gain: -inf
2026-04-22 15:55:50,857:INFO:[LightGBM] [Warning] No further splits with positive gain, best gain: -inf
2026-04-22 15:55:50,860:INFO:[LightGBM] [Warning] No further splits with positive gain, best gain: -inf
2026-04-22 15:55:50,863:INFO:[LightGBM] [Warning] No further splits with positive gain, best gain: -inf
2026-04-22 15:55:50,865:INFO:[LightGBM] [Warning] No further splits with positive gain, best gain: -inf
2026-04-22 15:55:50,869:INFO:[LightGBM] [Warning] No further splits with positive gain, best gain: -inf
2026-04-22 15:55:50,871:INFO:[LightGBM] [Warning] No further splits with positive gain, best gain: -inf
2026-04-22 15:55:50,873:INFO:[LightGBM] [Warning] No further splits with positive gain, best gain: -inf
2026-04-22 15:55:50,878:INFO:[LightGBM] [Warning] No further splits with positive gain, best gain: -inf
2026-04-22 15:55:50,880:INFO:[LightGBM] [Warning] No further splits with positive gain, best gain: -inf
2026-04-22 15:55:50,883:INFO:[LightGBM] [Warning] No further splits with positive gain, best gain: -inf
2026-04-22 15:55:50,885:INFO:[LightGBM] [Warning] No further splits with positive gain, best gain: -inf
2026-04-22 15:55:50,888:INFO:[LightGBM] [Warning] No further splits with positive gain, best gain: -inf
2026-04-22 15:55:50,890:INFO:[LightGBM] [Warning] No further splits with positive gain, best gain: -inf
2026-04-22 15:55:50,892:INFO:[LightGBM] [Warning] No further splits with positive gain, best gain: -inf
2026-04-22 15:55:50,895:INFO:[LightGBM] [Warning] No further splits with positive gain, best gain: -inf
2026-04-22 15:55:50,898:INFO:[LightGBM] [Warning] No further splits with positive gain, best gain: -inf
2026-04-22 15:55:50,899:INFO:[LightGBM] [Warning] No further splits with positive gain, best gain: -inf
2026-04-22 15:55:50,902:INFO:[LightGBM] [Warning] No further splits with positive gain, best gain: -inf
2026-04-22 15:55:50,905:INFO:[LightGBM] [Warning] No further splits with positive gain, best gain: -inf
2026-04-22 15:55:50,910:INFO:[LightGBM] [Warning] No further splits with positive gain, best gain: -inf
2026-04-22 15:55:50,912:INFO:[LightGBM] [Warning] No further splits with positive gain, best gain: -inf
2026-04-22 15:55:50,915:INFO:[LightGBM] [Warning] No further splits with positive gain, best gain: -inf
2026-04-22 15:55:50,919:INFO:[LightGBM] [Warning] No further splits with positive gain, best gain: -inf
2026-04-22 15:55:50,921:INFO:[LightGBM] [Warning] No further splits with positive gain, best gain: -inf
2026-04-22 15:55:50,924:INFO:[LightGBM] [Warning] No further splits with positive gain, best gain: -inf
2026-04-22 15:55:50,927:INFO:[LightGBM] [Warning] No further splits with positive gain, best gain: -inf
2026-04-22 15:55:50,928:INFO:[LightGBM] [Warning] No further splits with positive gain, best gain: -inf
2026-04-22 15:55:50,931:INFO:[LightGBM] [Warning] No further splits with positive gain, best gain: -inf
2026-04-22 15:55:50,936:INFO:[LightGBM] [Warning] No further splits with positive gain, best gain: -inf
2026-04-22 15:55:50,938:INFO:[LightGBM] [Warning] No further splits with positive gain, best gain: -inf
2026-04-22 15:55:50,940:INFO:[LightGBM] [Warning] No further splits with positive gain, best gain: -inf
2026-04-22 15:55:50,943:INFO:[LightGBM] [Warning] No further splits with positive gain, best gain: -inf
2026-04-22 15:55:50,945:INFO:[LightGBM] [Warning] No further splits with positive gain, best gain: -inf
2026-04-22 15:55:50,948:INFO:[LightGBM] [Warning] No further splits with positive gain, best gain: -inf
2026-04-22 15:55:50,950:INFO:[LightGBM] [Warning] No further splits with positive gain, best gain: -inf
2026-04-22 15:55:50,954:INFO:[LightGBM] [Warning] No further splits with positive gain, best gain: -inf
2026-04-22 15:55:50,959:INFO:[LightGBM] [Warning] No further splits with positive gain, best gain: -inf
2026-04-22 15:55:50,962:INFO:[LightGBM] [Warning] No further splits with positive gain, best gain: -inf
2026-04-22 15:55:50,964:INFO:[LightGBM] [Warning] No further splits with positive gain, best gain: -inf
2026-04-22 15:55:50,968:INFO:[LightGBM] [Warning] No further splits with positive gain, best gain: -inf
2026-04-22 15:55:50,970:INFO:[LightGBM] [Warning] No further splits with positive gain, best gain: -inf
2026-04-22 15:55:50,973:INFO:[LightGBM] [Warning] No further splits with positive gain, best gain: -inf
2026-04-22 15:55:50,975:INFO:[LightGBM] [Warning] No further splits with positive gain, best gain: -inf
2026-04-22 15:55:50,978:INFO:[LightGBM] [Warning] No further splits with positive gain, best gain: -inf
2026-04-22 15:55:50,982:INFO:[LightGBM] [Warning] No further splits with positive gain, best gain: -inf
2026-04-22 15:55:50,990:INFO:[LightGBM] [Warning] No further splits with positive gain, best gain: -inf
2026-04-22 15:55:50,993:INFO:[LightGBM] [Warning] No further splits with positive gain, best gain: -inf
2026-04-22 15:55:50,997:INFO:[LightGBM] [Warning] No further splits with positive gain, best gain: -inf
2026-04-22 15:55:50,999:INFO:[LightGBM] [Warning] No further splits with positive gain, best gain: -inf
2026-04-22 15:55:51,002:INFO:[LightGBM] [Warning] No further splits with positive gain, best gain: -inf
2026-04-22 15:55:51,005:INFO:[LightGBM] [Warning] No further splits with positive gain, best gain: -inf
2026-04-22 15:55:51,007:INFO:[LightGBM] [Warning] No further splits with positive gain, best gain: -inf
2026-04-22 15:55:51,009:INFO:[LightGBM] [Warning] No further splits with positive gain, best gain: -inf
2026-04-22 15:55:51,011:INFO:[LightGBM] [Warning] No further splits with positive gain, best gain: -inf
2026-04-22 15:55:51,016:INFO:[LightGBM] [Warning] No further splits with positive gain, best gain: -inf
2026-04-22 15:55:51,024:INFO:[LightGBM] [Warning] No further splits with positive gain, best gain: -inf
2026-04-22 15:55:51,030:INFO:[LightGBM] [Warning] No further splits with positive gain, best gain: -inf
2026-04-22 15:55:51,033:INFO:[LightGBM] [Warning] No further splits with positive gain, best gain: -inf
2026-04-22 15:55:51,038:INFO:[LightGBM] [Warning] No further splits with positive gain, best gain: -inf
2026-04-22 15:55:51,040:INFO:[LightGBM] [Warning] No further splits with positive gain, best gain: -inf
2026-04-22 15:55:51,043:INFO:[LightGBM] [Warning] No further splits with positive gain, best gain: -inf
2026-04-22 15:55:51,045:INFO:[LightGBM] [Warning] No further splits with positive gain, best gain: -inf
2026-04-22 15:55:51,050:INFO:[LightGBM] [Warning] No further splits with positive gain, best gain: -inf
2026-04-22 15:55:51,053:INFO:[LightGBM] [Warning] No further splits with positive gain, best gain: -inf
2026-04-22 15:55:51,056:INFO:[LightGBM] [Warning] No further splits with positive gain, best gain: -inf
2026-04-22 15:55:51,059:INFO:[LightGBM] [Warning] No further splits with positive gain, best gain: -inf
2026-04-22 15:55:51,061:INFO:[LightGBM] [Warning] No further splits with positive gain, best gain: -inf
2026-04-22 15:55:51,063:INFO:[LightGBM] [Warning] No further splits with positive gain, best gain: -inf
2026-04-22 15:55:51,066:INFO:[LightGBM] [Warning] No further splits with positive gain, best gain: -inf
2026-04-22 15:55:51,068:INFO:[LightGBM] [Warning] No further splits with positive gain, best gain: -inf
2026-04-22 15:55:51,071:INFO:[LightGBM] [Warning] No further splits with positive gain, best gain: -inf
2026-04-22 15:55:51,072:INFO:[LightGBM] [Warning] No further splits with positive gain, best gain: -inf
2026-04-22 15:55:51,075:INFO:[LightGBM] [Warning] No further splits with positive gain, best gain: -inf
2026-04-22 15:55:51,077:INFO:[LightGBM] [Warning] No further splits with positive gain, best gain: -inf
2026-04-22 15:55:51,082:INFO:[LightGBM] [Warning] No further splits with positive gain, best gain: -inf
2026-04-22 15:55:51,085:INFO:[LightGBM] [Warning] No further splits with positive gain, best gain: -inf
2026-04-22 15:55:51,088:INFO:[LightGBM] [Warning] No further splits with positive gain, best gain: -inf
2026-04-22 15:55:51,091:INFO:[LightGBM] [Warning] No further splits with positive gain, best gain: -inf
2026-04-22 15:55:51,094:INFO:[LightGBM] [Warning] No further splits with positive gain, best gain: -inf
2026-04-22 15:55:51,097:INFO:[LightGBM] [Warning] No further splits with positive gain, best gain: -inf
2026-04-22 15:55:51,099:INFO:[LightGBM] [Warning] No further splits with positive gain, best gain: -inf
2026-04-22 15:55:51,101:INFO:[LightGBM] [Warning] No further splits with positive gain, best gain: -inf
2026-04-22 15:55:51,102:INFO:[LightGBM] [Warning] No further splits with positive gain, best gain: -inf
2026-04-22 15:55:51,105:INFO:[LightGBM] [Warning] No further splits with positive gain, best gain: -inf
2026-04-22 15:55:51,110:INFO:[LightGBM] [Warning] No further splits with positive gain, best gain: -inf
2026-04-22 15:55:51,112:INFO:[LightGBM] [Warning] No further splits with positive gain, best gain: -inf
2026-04-22 15:55:51,114:INFO:[LightGBM] [Warning] No further splits with positive gain, best gain: -inf
2026-04-22 15:55:51,117:INFO:[LightGBM] [Warning] No further splits with positive gain, best gain: -inf
2026-04-22 15:55:51,119:INFO:[LightGBM] [Warning] No further splits with positive gain, best gain: -inf
2026-04-22 15:55:51,124:INFO:[LightGBM] [Warning] No further splits with positive gain, best gain: -inf
2026-04-22 15:55:51,126:INFO:[LightGBM] [Warning] No further splits with positive gain, best gain: -inf
2026-04-22 15:55:51,129:INFO:[LightGBM] [Warning] No further splits with positive gain, best gain: -inf
2026-04-22 15:55:51,130:INFO:[LightGBM] [Warning] No further splits with positive gain, best gain: -inf
2026-04-22 15:55:51,132:INFO:[LightGBM] [Warning] No further splits with positive gain, best gain: -inf
2026-04-22 15:55:51,135:INFO:[LightGBM] [Warning] No further splits with positive gain, best gain: -inf
2026-04-22 15:55:51,137:INFO:[LightGBM] [Warning] No further splits with positive gain, best gain: -inf
2026-04-22 15:55:51,148:INFO:[LightGBM] [Warning] No further splits with positive gain, best gain: -inf
2026-04-22 15:55:51,151:INFO:[LightGBM] [Warning] No further splits with positive gain, best gain: -inf
2026-04-22 15:55:51,155:INFO:[LightGBM] [Warning] No further splits with positive gain, best gain: -inf
2026-04-22 15:55:51,157:INFO:[LightGBM] [Warning] No further splits with positive gain, best gain: -inf
2026-04-22 15:55:51,159:INFO:[LightGBM] [Warning] No further splits with positive gain, best gain: -inf
2026-04-22 15:55:51,162:INFO:[LightGBM] [Warning] No further splits with positive gain, best gain: -inf
2026-04-22 15:55:51,165:INFO:[LightGBM] [Warning] No further splits with positive gain, best gain: -inf
2026-04-22 15:55:51,166:INFO:[LightGBM] [Warning] No further splits with positive gain, best gain: -inf
2026-04-22 15:55:51,169:INFO:[LightGBM] [Warning] No further splits with positive gain, best gain: -inf
2026-04-22 15:55:51,172:INFO:[LightGBM] [Warning] No further splits with positive gain, best gain: -inf
2026-04-22 15:55:51,174:INFO:[LightGBM] [Warning] No further splits with positive gain, best gain: -inf
2026-04-22 15:55:51,176:INFO:[LightGBM] [Warning] No further splits with positive gain, best gain: -inf
2026-04-22 15:55:51,178:INFO:[LightGBM] [Warning] No further splits with positive gain, best gain: -inf
2026-04-22 15:55:51,181:INFO:[LightGBM] [Warning] No further splits with positive gain, best gain: -inf
2026-04-22 15:55:51,183:INFO:[LightGBM] [Warning] No further splits with positive gain, best gain: -inf
2026-04-22 15:55:51,185:INFO:[LightGBM] [Warning] No further splits with positive gain, best gain: -inf
2026-04-22 15:55:51,188:INFO:[LightGBM] [Warning] No further splits with positive gain, best gain: -inf
2026-04-22 15:55:51,190:INFO:[LightGBM] [Warning] No further splits with positive gain, best gain: -inf
2026-04-22 15:55:51,190:INFO:[LightGBM] [Warning] No further splits with positive gain, best gain: -inf
2026-04-22 15:55:51,193:INFO:[LightGBM] [Warning] No further splits with positive gain, best gain: -inf
2026-04-22 15:55:51,196:INFO:[LightGBM] [Warning] No further splits with positive gain, best gain: -inf
2026-04-22 15:55:51,199:INFO:[LightGBM] [Warning] No further splits with positive gain, best gain: -inf
2026-04-22 15:55:51,202:INFO:[LightGBM] [Warning] No further splits with positive gain, best gain: -inf
2026-04-22 15:55:51,204:INFO:[LightGBM] [Warning] No further splits with positive gain, best gain: -inf
2026-04-22 15:55:51,206:INFO:[LightGBM] [Warning] No further splits with positive gain, best gain: -inf
2026-04-22 15:55:51,209:INFO:[LightGBM] [Warning] No further splits with positive gain, best gain: -inf
2026-04-22 15:55:51,211:INFO:[LightGBM] [Warning] No further splits with positive gain, best gain: -inf
2026-04-22 15:55:51,213:INFO:[LightGBM] [Warning] No further splits with positive gain, best gain: -inf
2026-04-22 15:55:51,215:INFO:[LightGBM] [Warning] No further splits with positive gain, best gain: -inf
2026-04-22 15:55:51,216:INFO:[LightGBM] [Warning] No further splits with positive gain, best gain: -inf
2026-04-22 15:55:51,218:INFO:[LightGBM] [Warning] No further splits with positive gain, best gain: -inf
2026-04-22 15:55:51,221:INFO:[LightGBM] [Warning] No further splits with positive gain, best gain: -inf
2026-04-22 15:55:51,225:INFO:[LightGBM] [Warning] No further splits with positive gain, best gain: -inf
2026-04-22 15:55:51,228:INFO:[LightGBM] [Warning] No further splits with positive gain, best gain: -inf
2026-04-22 15:55:51,230:INFO:[LightGBM] [Warning] No further splits with positive gain, best gain: -inf
2026-04-22 15:55:51,235:INFO:[LightGBM] [Warning] No further splits with positive gain, best gain: -inf
2026-04-22 15:55:51,238:INFO:[LightGBM] [Warning] No further splits with positive gain, best gain: -inf
2026-04-22 15:55:51,240:INFO:[LightGBM] [Warning] No further splits with positive gain, best gain: -inf
2026-04-22 15:55:51,242:INFO:[LightGBM] [Warning] No further splits with positive gain, best gain: -inf
2026-04-22 15:55:51,243:INFO:[LightGBM] [Warning] No further splits with positive gain, best gain: -inf
2026-04-22 15:55:51,245:INFO:[LightGBM] [Warning] No further splits with positive gain, best gain: -inf
2026-04-22 15:55:51,252:INFO:[LightGBM] [Warning] No further splits with positive gain, best gain: -inf
2026-04-22 15:55:51,254:INFO:[LightGBM] [Warning] No further splits with positive gain, best gain: -inf
2026-04-22 15:55:51,257:INFO:[LightGBM] [Warning] No further splits with positive gain, best gain: -inf
2026-04-22 15:55:51,260:INFO:[LightGBM] [Warning] No further splits with positive gain, best gain: -inf
2026-04-22 15:55:51,263:INFO:[LightGBM] [Warning] No further splits with positive gain, best gain: -inf
2026-04-22 15:55:51,265:INFO:[LightGBM] [Warning] No further splits with positive gain, best gain: -inf
2026-04-22 15:55:51,268:INFO:[LightGBM] [Warning] No further splits with positive gain, best gain: -inf
2026-04-22 15:55:51,271:INFO:[LightGBM] [Warning] No further splits with positive gain, best gain: -inf
2026-04-22 15:55:51,272:INFO:[LightGBM] [Warning] No further splits with positive gain, best gain: -inf
2026-04-22 15:55:51,273:INFO:[LightGBM] [Warning] No further splits with positive gain, best gain: -inf
2026-04-22 15:55:51,275:INFO:[LightGBM] [Warning] No further splits with positive gain, best gain: -inf
2026-04-22 15:55:51,278:INFO:[LightGBM] [Warning] No further splits with positive gain, best gain: -inf
2026-04-22 15:55:51,280:INFO:[LightGBM] [Warning] No further splits with positive gain, best gain: -inf
2026-04-22 15:55:51,284:INFO:[LightGBM] [Warning] No further splits with positive gain, best gain: -inf
2026-04-22 15:55:51,286:INFO:[LightGBM] [Warning] No further splits with positive gain, best gain: -inf
2026-04-22 15:55:51,289:INFO:[LightGBM] [Warning] No further splits with positive gain, best gain: -inf
2026-04-22 15:55:51,291:INFO:[LightGBM] [Warning] No further splits with positive gain, best gain: -inf
2026-04-22 15:55:51,292:INFO:[LightGBM] [Warning] No further splits with positive gain, best gain: -inf

2026-04-22 15:55:51,294:INFO:[LightGBM] [Warning] No further splits with positive gain, best gain: -inf
2026-04-22 15:55:51,296:INFO:[LightGBM] [Warning] No further splits with positive gain, best gain: -inf
2026-04-22 15:55:51,299:INFO:[LightGBM] [Warning] No further splits with positive gain, best gain: -inf
2026-04-22 15:55:51,299:INFO:[LightGBM] [Warning] No further splits with positive gain, best gain: -inf
2026-04-22 15:55:51,302:INFO:[LightGBM] [Warning] No further splits with positive gain, best gain: -inf
2026-04-22 15:55:51,304:INFO:[LightGBM] [Warning] No further splits with positive gain, best gain: -inf
2026-04-22 15:55:51,306:INFO:[LightGBM] [Warning] No further splits with positive gain, best gain: -inf
2026-04-22 15:55:51,309:INFO:[LightGBM] [Warning] No further splits with positive gain, best gain: -inf
2026-04-22 15:55:51,311:INFO:[LightGBM] [Warning] No further splits with positive gain, best gain: -inf
2026-04-22 15:55:51,313:INFO:[LightGBM] [Warning] No further splits with positive gain, best gain: -inf
2026-04-22 15:55:51,315:INFO:[LightGBM] [Warning] No further splits with positive gain, best gain: -inf
2026-04-22 15:55:51,317:INFO:[LightGBM] [Warning] No further splits with positive gain, best gain: -inf
2026-04-22 15:55:51,321:INFO:[LightGBM] [Warning] No further splits with positive gain, best gain: -inf
2026-04-22 15:55:51,322:INFO:[LightGBM] [Warning] No further splits with positive gain, best gain: -inf
2026-04-22 15:55:51,323:INFO:[LightGBM] [Warning] No further splits with positive gain, best gain: -inf
2026-04-22 15:55:51,326:INFO:[LightGBM] [Warning] No further splits with positive gain, best gain: -inf
2026-04-22 15:55:51,328:INFO:[LightGBM] [Warning] No further splits with positive gain, best gain: -inf
2026-04-22 15:55:51,330:INFO:[LightGBM] [Warning] No further splits with positive gain, best gain: -inf
2026-04-22 15:55:51,333:INFO:[LightGBM] [Warning] No further splits with positive gain, best gain: -inf
2026-04-22 15:55:51,336:INFO:[LightGBM] [Warning] No further splits with positive gain, best gain: -inf
2026-04-22 15:55:51,338:INFO:[LightGBM] [Warning] No further splits with positive gain, best gain: -inf
2026-04-22 15:55:51,340:INFO:[LightGBM] [Warning] No further splits with positive gain, best gain: -inf
2026-04-22 15:55:51,342:INFO:[LightGBM] [Warning] No further splits with positive gain, best gain: -inf
2026-04-22 15:55:51,345:INFO:[LightGBM] [Warning] No further splits with positive gain, best gain: -inf
2026-04-22 15:55:51,346:INFO:[LightGBM] [Warning] No further splits with positive gain, best gain: -inf
2026-04-22 15:55:51,347:INFO:[LightGBM] [Warning] No further splits with positive gain, best gain: -inf
2026-04-22 15:55:51,349:INFO:[LightGBM] [Warning] No further splits with positive gain, best gain: -inf
2026-04-22 15:55:51,352:INFO:[LightGBM] [Warning] No further splits with positive gain, best gain: -inf
2026-04-22 15:55:51,354:INFO:[LightGBM] [Warning] No further splits with positive gain, best gain: -inf
2026-04-22 15:55:51,355:INFO:[LightGBM] [Warning] No further splits with positive gain, best gain: -inf
2026-04-22 15:55:51,358:INFO:[LightGBM] [Warning] No further splits with positive gain, best gain: -inf
2026-04-22 15:55:51,360:INFO:[LightGBM] [Warning] No further splits with positive gain, best gain: -inf
2026-04-22 15:55:51,365:INFO:[LightGBM] [Warning] No further splits with positive gain, best gain: -inf
2026-04-22 15:55:51,367:INFO:[LightGBM] [Warning] No further splits with positive gain, best gain: -inf
2026-04-22 15:55:51,370:INFO:[LightGBM] [Warning] No further splits with positive gain, best gain: -inf
2026-04-22 15:55:51,371:INFO:[LightGBM] [Warning] No further splits with positive gain, best gain: -inf
2026-04-22 15:55:51,372:INFO:[LightGBM] [Warning] No further splits with positive gain, best gain: -inf
2026-04-22 15:55:51,376:INFO:[LightGBM] [Warning] No further splits with positive gain, best gain: -inf
2026-04-22 15:55:51,378:INFO:[LightGBM] [Warning] No further splits with positive gain, best gain: -inf
2026-04-22 15:55:51,380:INFO:[LightGBM] [Warning] No further splits with positive gain, best gain: -inf
2026-04-22 15:55:51,382:INFO:[LightGBM] [Warning] No further splits with positive gain, best gain: -inf
2026-04-22 15:55:51,384:INFO:[LightGBM] [Warning] No further splits with positive gain, best gain: -inf
2026-04-22 15:55:51,387:INFO:[LightGBM] [Warning] No further splits with positive gain, best gain: -inf
2026-04-22 15:55:51,389:INFO:[LightGBM] [Warning] No further splits with positive gain, best gain: -inf
2026-04-22 15:55:51,391:INFO:[LightGBM] [Warning] No further splits with positive gain, best gain: -inf
2026-04-22 15:55:51,394:INFO:[LightGBM] [Warning] No further splits with positive gain, best gain: -inf
2026-04-22 15:55:51,395:INFO:[LightGBM] [Warning] No further splits with positive gain, best gain: -inf
2026-04-22 15:55:51,396:INFO:[LightGBM] [Warning] No further splits with positive gain, best gain: -inf
2026-04-22 15:55:51,398:INFO:[LightGBM] [Warning] No further splits with positive gain, best gain: -inf
2026-04-22 15:55:51,400:INFO:[LightGBM] [Warning] No further splits with positive gain, best gain: -inf
2026-04-22 15:55:51,401:INFO:[LightGBM] [Warning] No further splits with positive gain, best gain: -inf
2026-04-22 15:55:51,404:INFO:[LightGBM] [Warning] No further splits with positive gain, best gain: -inf
2026-04-22 15:55:51,406:INFO:[LightGBM] [Warning] No further splits with positive gain, best gain: -inf
2026-04-22 15:55:51,409:INFO:[LightGBM] [Warning] No further splits with positive gain, best gain: -inf
2026-04-22 15:55:51,411:INFO:[LightGBM] [Warning] No further splits with positive gain, best gain: -inf
2026-04-22 15:55:51,414:INFO:[LightGBM] [Warning] No further splits with positive gain, best gain: -inf
2026-04-22 15:55:51,416:INFO:[LightGBM] [Warning] No further splits with positive gain, best gain: -inf
2026-04-22 15:55:51,418:INFO:[LightGBM] [Warning] No further splits with positive gain, best gain: -inf
2026-04-22 15:55:51,419:INFO:[LightGBM] [Warning] No further splits with positive gain, best gain: -inf
2026-04-22 15:55:51,421:INFO:[LightGBM] [Warning] No further splits with positive gain, best gain: -inf
2026-04-22 15:55:51,423:INFO:[LightGBM] [Warning] No further splits with positive gain, best gain: -inf
2026-04-22 15:55:51,426:INFO:[LightGBM] [Warning] No further splits with positive gain, best gain: -inf
2026-04-22 15:55:51,428:INFO:[LightGBM] [Warning] No further splits with positive gain, best gain: -inf
2026-04-22 15:55:51,430:INFO:[LightGBM] [Warning] No further splits with positive gain, best gain: -inf
2026-04-22 15:55:51,432:INFO:[LightGBM] [Warning] No further splits with positive gain, best gain: -inf
2026-04-22 15:55:51,434:INFO:[LightGBM] [Warning] No further splits with positive gain, best gain: -inf
2026-04-22 15:55:51,436:INFO:[LightGBM] [Warning] No further splits with positive gain, best gain: -inf
2026-04-22 15:55:51,439:INFO:[LightGBM] [Warning] No further splits with positive gain, best gain: -inf
2026-04-22 15:55:51,440:INFO:[LightGBM] [Warning] No further splits with positive gain, best gain: -inf
2026-04-22 15:55:51,441:INFO:[LightGBM] [Warning] No further splits with positive gain, best gain: -inf
2026-04-22 15:55:51,443:INFO:[LightGBM] [Warning] No further splits with positive gain, best gain: -inf
2026-04-22 15:55:51,444:INFO:[LightGBM] [Warning] No further splits with positive gain, best gain: -inf
2026-04-22 15:55:51,446:INFO:[LightGBM] [Warning] No further splits with positive gain, best gain: -inf
2026-04-22 15:55:51,448:INFO:[LightGBM] [Warning] No further splits with positive gain, best gain: -inf
2026-04-22 15:55:51,450:INFO:[LightGBM] [Warning] No further splits with positive gain, best gain: -inf
2026-04-22 15:55:51,452:INFO:[LightGBM] [Warning] No further splits with positive gain, best gain: -inf
2026-04-22 15:55:51,454:INFO:[LightGBM] [Warning] No further splits with positive gain, best gain: -inf
2026-04-22 15:55:51,455:INFO:[LightGBM] [Warning] No further splits with positive gain, best gain: -inf
2026-04-22 15:55:51,458:INFO:[LightGBM] [Warning] No further splits with positive gain, best gain: -inf
2026-04-22 15:55:51,459:INFO:[LightGBM] [Warning] No further splits with positive gain, best gain: -inf
2026-04-22 15:55:51,459:INFO:[LightGBM] [Warning] No further splits with positive gain, best gain: -inf
2026-04-22 15:55:51,461:INFO:[LightGBM] [Warning] No further splits with positive gain, best gain: -inf
2026-04-22 15:55:51,463:INFO:[LightGBM] [Warning] No further splits with positive gain, best gain: -inf
2026-04-22 15:55:51,464:INFO:[LightGBM] [Warning] No further splits with positive gain, best gain: -inf
2026-04-22 15:55:51,466:INFO:[LightGBM] [Warning] No further splits with positive gain, best gain: -inf
2026-04-22 15:55:51,468:INFO:[LightGBM] [Warning] No further splits with positive gain, best gain: -inf
2026-04-22 15:55:51,470:INFO:[LightGBM] [Warning] No further splits with positive gain, best gain: -inf
2026-04-22 15:55:51,472:INFO:[LightGBM] [Warning] No further splits with positive gain, best gain: -inf
2026-04-22 15:55:51,474:INFO:[LightGBM] [Warning] No further splits with positive gain, best gain: -inf
2026-04-22 15:55:51,476:INFO:[LightGBM] [Warning] No further splits with positive gain, best gain: -inf
2026-04-22 15:55:51,478:INFO:[LightGBM] [Warning] No further splits with positive gain, best gain: -inf
2026-04-22 15:55:51,478:INFO:[LightGBM] [Warning] No further splits with positive gain, best gain: -inf
2026-04-22 15:55:51,480:INFO:[LightGBM] [Warning] No further splits with positive gain, best gain: -inf
2026-04-22 15:55:51,481:INFO:[LightGBM] [Warning] No further splits with positive gain, best gain: -inf
2026-04-22 15:55:51,483:INFO:[LightGBM] [Warning] No further splits with positive gain, best gain: -inf
2026-04-22 15:55:51,485:INFO:[LightGBM] [Warning] No further splits with positive gain, best gain: -inf
2026-04-22 15:55:51,486:INFO:[LightGBM] [Warning] No further splits with positive gain, best gain: -inf
2026-04-22 15:55:51,488:INFO:[LightGBM] [Warning] No further splits with positive gain, best gain: -inf
2026-04-22 15:55:51,490:INFO:[LightGBM] [Warning] No further splits with positive gain, best gain: -inf
2026-04-22 15:55:51,492:INFO:[LightGBM] [Warning] No further splits with positive gain, best gain: -inf
2026-04-22 15:55:51,492:INFO:[LightGBM] [Warning] No further splits with positive gain, best gain: -inf

2026-04-22 15:55:51,494:INFO:[LightGBM] [Warning] No further splits with positive gain, best gain: -inf
2026-04-22 15:55:51,495:INFO:[LightGBM] [Warning] No further splits with positive gain, best gain: -inf
2026-04-22 15:55:51,496:INFO:[LightGBM] [Warning] No further splits with positive gain, best gain: -inf
2026-04-22 15:55:51,497:INFO:[LightGBM] [Warning] No further splits with positive gain, best gain: -inf
2026-04-22 15:55:51,499:INFO:[LightGBM] [Warning] No further splits with positive gain, best gain: -inf
2026-04-22 15:55:51,501:INFO:[LightGBM] [Warning] No further splits with positive gain, best gain: -inf
2026-04-22 15:55:51,504:INFO:[LightGBM] [Warning] No further splits with positive gain, best gain: -inf
2026-04-22 15:55:51,506:INFO:[LightGBM] [Warning] No further splits with positive gain, best gain: -inf
2026-04-22 15:55:51,507:INFO:[LightGBM] [Warning] No further splits with positive gain, best gain: -inf
2026-04-22 15:55:51,509:INFO:[LightGBM] [Warning] No further splits with positive gain, best gain: -inf
2026-04-22 15:55:51,511:INFO:[LightGBM] [Warning] No further splits with positive gain, best gain: -inf
2026-04-22 15:55:51,513:INFO:[LightGBM] [Warning] No further splits with positive gain, best gain: -inf
2026-04-22 15:55:51,514:INFO:[LightGBM] [Warning] No further splits with positive gain, best gain: -inf
2026-04-22 15:55:51,514:INFO:[LightGBM] [Warning] No further splits with positive gain, best gain: -inf
2026-04-22 15:55:51,516:INFO:[LightGBM] [Warning] No further splits with positive gain, best gain: -inf
2026-04-22 15:55:51,517:INFO:[LightGBM] [Warning] No further splits with positive gain, best gain: -inf
2026-04-22 15:55:51,518:INFO:[LightGBM] [Warning] No further splits with positive gain, best gain: -inf
2026-04-22 15:55:51,520:INFO:[LightGBM] [Warning] No further splits with positive gain, best gain: -inf
2026-04-22 15:55:51,522:INFO:[LightGBM] [Warning] No further splits with positive gain, best gain: -inf
2026-04-22 15:55:51,524:INFO:[LightGBM] [Warning] No further splits with positive gain, best gain: -inf
2026-04-22 15:55:51,526:INFO:[LightGBM] [Warning] No further splits with positive gain, best gain: -inf
2026-04-22 15:55:51,528:INFO:[LightGBM] [Warning] No further splits with positive gain, best gain: -inf
2026-04-22 15:55:51,530:INFO:[LightGBM] [Warning] No further splits with positive gain, best gain: -inf
2026-04-22 15:55:51,531:INFO:[LightGBM] [Warning] No further splits with positive gain, best gain: -inf
2026-04-22 15:55:51,531:INFO:[LightGBM] [Warning] No further splits with positive gain, best gain: -inf
2026-04-22 15:55:51,538:INFO:[LightGBM] [Warning] No further splits with positive gain, best gain: -inf
2026-04-22 15:55:51,540:INFO:[LightGBM] [Warning] No further splits with positive gain, best gain: -inf
2026-04-22 15:55:51,541:INFO:[LightGBM] [Warning] No further splits with positive gain, best gain: -inf
2026-04-22 15:55:51,543:INFO:[LightGBM] [Warning] No further splits with positive gain, best gain: -inf
2026-04-22 15:55:51,545:INFO:[LightGBM] [Warning] No further splits with positive gain, best gain: -inf
2026-04-22 15:55:51,547:INFO:[LightGBM] [Warning] No further splits with positive gain, best gain: -inf
2026-04-22 15:55:51,549:INFO:[LightGBM] [Warning] No further splits with positive gain, best gain: -inf
2026-04-22 15:55:51,551:INFO:[LightGBM] [Warning] No further splits with positive gain, best gain: -inf
2026-04-22 15:55:51,552:INFO:[LightGBM] [Warning] No further splits with positive gain, best gain: -inf
2026-04-22 15:55:51,554:INFO:[LightGBM] [Warning] No further splits with positive gain, best gain: -inf
2026-04-22 15:55:51,555:INFO:[LightGBM] [Warning] No further splits with positive gain, best gain: -inf
2026-04-22 15:55:51,556:INFO:[LightGBM] [Warning] No further splits with positive gain, best gain: -inf
2026-04-22 15:55:51,557:INFO:[LightGBM] [Warning] No further splits with positive gain, best gain: -inf
2026-04-22 15:55:51,559:INFO:[LightGBM] [Warning] No further splits with positive gain, best gain: -inf
2026-04-22 15:55:51,560:INFO:[LightGBM] [Warning] No further splits with positive gain, best gain: -inf
2026-04-22 15:55:51,562:INFO:[LightGBM] [Warning] No further splits with positive gain, best gain: -inf
2026-04-22 15:55:51,564:INFO:[LightGBM] [Warning] No further splits with positive gain, best gain: -inf
2026-04-22 15:55:51,566:INFO:[LightGBM] [Warning] No further splits with positive gain, best gain: -inf
2026-04-22 15:55:51,567:INFO:[LightGBM] [Warning] No further splits with positive gain, best gain: -inf
2026-04-22 15:55:51,569:INFO:[LightGBM] [Warning] No further splits with positive gain, best gain: -inf
2026-04-22 15:55:51,570:INFO:[LightGBM] [Warning] No further splits with positive gain, best gain: -inf
2026-04-22 15:55:51,570:INFO:[LightGBM] [Warning] No further splits with positive gain, best gain: -inf
2026-04-22 15:55:51,571:INFO:[LightGBM] [Warning] No further splits with positive gain, best gain: -inf
2026-04-22 15:55:51,573:INFO:[LightGBM] [Warning] No further splits with positive gain, best gain: -inf
2026-04-22 15:55:51,574:INFO:[LightGBM] [Warning] No further splits with positive gain, best gain: -inf
2026-04-22 15:55:51,576:INFO:[LightGBM] [Warning] No further splits with positive gain, best gain: -inf
2026-04-22 15:55:51,577:INFO:[LightGBM] [Warning] No further splits with positive gain, best gain: -inf
2026-04-22 15:55:51,579:INFO:[LightGBM] [Warning] No further splits with positive gain, best gain: -inf
2026-04-22 15:55:51,581:INFO:[LightGBM] [Warning] No further splits with positive gain, best gain: -inf
2026-04-22 15:55:51,582:INFO:[LightGBM] [Warning] No further splits with positive gain, best gain: -inf
2026-04-22 15:55:51,585:INFO:[LightGBM] [Warning] No further splits with positive gain, best gain: -inf
2026-04-22 15:55:51,586:INFO:[LightGBM] [Warning] No further splits with positive gain, best gain: -inf
2026-04-22 15:55:51,587:INFO:[LightGBM] [Warning] No further splits with positive gain, best gain: -inf
2026-04-22 15:55:51,590:INFO:[LightGBM] [Warning] No further splits with positive gain, best gain: -inf
2026-04-22 15:55:51,591:INFO:[LightGBM] [Warning] No further splits with positive gain, best gain: -inf
2026-04-22 15:55:51,592:INFO:[LightGBM] [Warning] No further splits with positive gain, best gain: -inf
2026-04-22 15:55:51,594:INFO:[LightGBM] [Warning] No further splits with positive gain, best gain: -inf
2026-04-22 15:55:51,595:INFO:[LightGBM] [Warning] No further splits with positive gain, best gain: -inf
2026-04-22 15:55:51,596:INFO:[LightGBM] [Warning] No further splits with positive gain, best gain: -inf
2026-04-22 15:55:51,598:INFO:[LightGBM] [Warning] No further splits with positive gain, best gain: -inf
2026-04-22 15:55:51,599:INFO:[LightGBM] [Warning] No further splits with positive gain, best gain: -inf
2026-04-22 15:55:51,601:INFO:[LightGBM] [Warning] No further splits with positive gain, best gain: -inf
2026-04-22 15:55:51,602:INFO:[LightGBM] [Warning] No further splits with positive gain, best gain: -inf
2026-04-22 15:55:51,602:INFO:[LightGBM] [Warning] No further splits with positive gain, best gain: -inf
2026-04-22 15:55:51,604:INFO:[LightGBM] [Warning] No further splits with positive gain, best gain: -inf
2026-04-22 15:55:51,605:INFO:[LightGBM] [Warning] No further splits with positive gain, best gain: -inf
2026-04-22 15:55:51,606:INFO:[LightGBM] [Warning] No further splits with positive gain, best gain: -inf
2026-04-22 15:55:51,607:INFO:[LightGBM] [Warning] No further splits with positive gain, best gain: -inf
2026-04-22 15:55:51,609:INFO:[LightGBM] [Warning] No further splits with positive gain, best gain: -inf
2026-04-22 15:55:51,610:INFO:[LightGBM] [Warning] No further splits with positive gain, best gain: -inf
2026-04-22 15:55:51,611:INFO:[LightGBM] [Warning] No further splits with positive gain, best gain: -inf
2026-04-22 15:55:51,612:INFO:[LightGBM] [Warning] No further splits with positive gain, best gain: -inf
2026-04-22 15:55:51,614:INFO:[LightGBM] [Warning] No further splits with positive gain, best gain: -inf
2026-04-22 15:55:51,615:INFO:[LightGBM] [Warning] No further splits with positive gain, best gain: -inf
2026-04-22 15:55:51,615:INFO:[LightGBM] [Warning] No further splits with positive gain, best gain: -inf
2026-04-22 15:55:51,616:INFO:[LightGBM] [Warning] No further splits with positive gain, best gain: -inf
2026-04-22 15:55:51,617:INFO:[LightGBM] [Warning] No further splits with positive gain, best gain: -inf
2026-04-22 15:55:51,619:INFO:[LightGBM] [Warning] No further splits with positive gain, best gain: -inf
2026-04-22 15:55:51,620:INFO:[LightGBM] [Warning] No further splits with positive gain, best gain: -inf
2026-04-22 15:55:51,621:INFO:[LightGBM] [Warning] No further splits with positive gain, best gain: -inf
2026-04-22 15:55:51,622:INFO:[LightGBM] [Warning] No further splits with positive gain, best gain: -inf
2026-04-22 15:55:51,624:INFO:[LightGBM] [Warning] No further splits with positive gain, best gain: -inf
2026-04-22 15:55:51,626:INFO:[LightGBM] [Warning] No further splits with positive gain, best gain: -inf
2026-04-22 15:55:51,627:INFO:[LightGBM] [Warning] No further splits with positive gain, best gain: -inf
2026-04-22 15:55:51,630:INFO:[LightGBM] [Warning] No further splits with positive gain, best gain: -inf
2026-04-22 15:55:51,630:INFO:[LightGBM] [Warning] No further splits with positive gain, best gain: -inf
2026-04-22 15:55:51,631:INFO:[LightGBM] [Warning] No further splits with positive gain, best gain: -inf
2026-04-22 15:55:51,632:INFO:[LightGBM] [Warning] No further splits with positive gain, best gain: -inf
2026-04-22 15:55:51,634:INFO:[LightGBM] [Warning] No further splits with positive gain, best gain: -inf
2026-04-22 15:55:51,635:INFO:[LightGBM] [Warning] No further splits with positive gain, best gain: -inf
2026-04-22 15:55:51,636:INFO:[LightGBM] [Warning] No further splits with positive gain, best gain: -inf
2026-04-22 15:55:51,637:INFO:[LightGBM] [Warning] No further splits with positive gain, best gain: -inf
2026-04-22 15:55:51,638:INFO:[LightGBM] [Warning] No further splits with positive gain, best gain: -inf
2026-04-22 15:55:51,639:INFO:[LightGBM] [Warning] No further splits with positive gain, best gain: -inf
2026-04-22 15:55:51,641:INFO:[LightGBM] [Warning] No further splits with positive gain, best gain: -inf
2026-04-22 15:55:51,642:INFO:[LightGBM] [Warning] No further splits with positive gain, best gain: -inf
2026-04-22 15:55:51,642:INFO:[LightGBM] [Warning] No further splits with positive gain, best gain: -inf
2026-04-22 15:55:51,643:INFO:[LightGBM] [Warning] No further splits with positive gain, best gain: -inf
2026-04-22 15:55:51,644:INFO:[LightGBM] [Warning] No further splits with positive gain, best gain: -inf
2026-04-22 15:55:51,645:INFO:[LightGBM] [Warning] No further splits with positive gain, best gain: -inf
2026-04-22 15:55:51,646:INFO:[LightGBM] [Warning] No further splits with positive gain, best gain: -inf
2026-04-22 15:55:51,647:INFO:[LightGBM] [Warning] No further splits with positive gain, best gain: -inf
2026-04-22 15:55:51,648:INFO:[LightGBM] [Warning] No further splits with positive gain, best gain: -inf
2026-04-22 15:55:51,650:INFO:[LightGBM] [Warning] No further splits with positive gain, best gain: -inf
2026-04-22 15:55:51,651:INFO:[LightGBM] [Warning] No further splits with positive gain, best gain: -inf
2026-04-22 15:55:51,652:INFO:[LightGBM] [Warning] No further splits with positive gain, best gain: -inf
2026-04-22 15:55:51,653:INFO:[LightGBM] [Warning] No further splits with positive gain, best gain: -inf
2026-04-22 15:55:51,653:INFO:[LightGBM] [Warning] No further splits with positive gain, best gain: -inf
2026-04-22 15:55:51,654:INFO:[LightGBM] [Warning] No further splits with positive gain, best gain: -inf
2026-04-22 15:55:51,655:INFO:[LightGBM] [Warning] No further splits with positive gain, best gain: -inf
2026-04-22 15:55:51,656:INFO:[LightGBM] [Warning] No further splits with positive gain, best gain: -inf
2026-04-22 15:55:51,657:INFO:[LightGBM] [Warning] No further splits with positive gain, best gain: -inf
2026-04-22 15:55:51,659:INFO:[LightGBM] [Warning] No further splits with positive gain, best gain: -inf
2026-04-22 15:55:51,661:INFO:[LightGBM] [Warning] No further splits with positive gain, best gain: -inf
2026-04-22 15:55:51,667:INFO:[LightGBM] [Warning] No further splits with positive gain, best gain: -inf
2026-04-22 15:55:51,669:INFO:[LightGBM] [Warning] No further splits with positive gain, best gain: -inf
2026-04-22 15:55:51,670:INFO:[LightGBM] [Warning] No further splits with positive gain, best gain: -inf
2026-04-22 15:55:51,672:INFO:[LightGBM] [Warning] No further splits with positive gain, best gain: -inf
2026-04-22 15:55:51,672:INFO:[LightGBM] [Warning] No further splits with positive gain, best gain: -inf
2026-04-22 15:55:51,673:INFO:[LightGBM] [Warning] No further splits with positive gain, best gain: -inf
2026-04-22 15:55:51,674:INFO:[LightGBM] [Warning] No further splits with positive gain, best gain: -inf
2026-04-22 15:55:51,675:INFO:[LightGBM] [Warning] No further splits with positive gain, best gain: -inf
2026-04-22 15:55:51,676:INFO:[LightGBM] [Warning] No further splits with positive gain, best gain: -inf
2026-04-22 15:55:51,677:INFO:[LightGBM] [Warning] No further splits with positive gain, best gain: -inf
2026-04-22 15:55:51,679:INFO:[LightGBM] [Warning] No further splits with positive gain, best gain: -inf
2026-04-22 15:55:51,680:INFO:[LightGBM] [Warning] No further splits with positive gain, best gain: -inf
2026-04-22 15:55:51,681:INFO:[LightGBM] [Warning] No further splits with positive gain, best gain: -inf
2026-04-22 15:55:51,682:INFO:[LightGBM] [Warning] No further splits with positive gain, best gain: -inf
2026-04-22 15:55:51,683:INFO:[LightGBM] [Warning] No further splits with positive gain, best gain: -inf
2026-04-22 15:55:51,683:INFO:[LightGBM] [Warning] No further splits with positive gain, best gain: -inf
2026-04-22 15:55:51,684:INFO:[LightGBM] [Warning] No further splits with positive gain, best gain: -inf
2026-04-22 15:55:51,685:INFO:[LightGBM] [Warning] No further splits with positive gain, best gain: -inf
2026-04-22 15:55:51,686:INFO:[LightGBM] [Warning] No further splits with positive gain, best gain: -inf
2026-04-22 15:55:51,686:INFO:[LightGBM] [Warning] No further splits with positive gain, best gain: -inf
2026-04-22 15:55:51,687:INFO:[LightGBM] [Warning] No further splits with positive gain, best gain: -inf
2026-04-22 15:55:51,688:INFO:[LightGBM] [Warning] No further splits with positive gain, best gain: -inf
2026-04-22 15:55:51,689:INFO:[LightGBM] [Warning] No further splits with positive gain, best gain: -inf
2026-04-22 15:55:51,690:INFO:[LightGBM] [Warning] No further splits with positive gain, best gain: -inf
2026-04-22 15:55:51,691:INFO:[LightGBM] [Warning] No further splits with positive gain, best gain: -inf
2026-04-22 15:55:51,692:INFO:[LightGBM] [Warning] No further splits with positive gain, best gain: -inf
2026-04-22 15:55:51,693:INFO:[LightGBM] [Warning] No further splits with positive gain, best gain: -inf
2026-04-22 15:55:51,693:INFO:[LightGBM] [Warning] No further splits with positive gain, best gain: -inf
2026-04-22 15:55:51,694:INFO:[LightGBM] [Warning] No further splits with positive gain, best gain: -inf
2026-04-22 15:55:51,695:INFO:[LightGBM] [Warning] No further splits with positive gain, best gain: -inf
2026-04-22 15:55:51,696:INFO:[LightGBM] [Warning] No further splits with positive gain, best gain: -inf
2026-04-22 15:55:51,697:INFO:[LightGBM] [Warning] No further splits with positive gain, best gain: -inf
2026-04-22 15:55:51,698:INFO:[LightGBM] [Warning] No further splits with positive gain, best gain: -inf
2026-04-22 15:55:51,699:INFO:[LightGBM] [Warning] No further splits with positive gain, best gain: -inf
2026-04-22 15:55:51,700:INFO:[LightGBM] [Warning] No further splits with positive gain, best gain: -inf
2026-04-22 15:55:51,701:INFO:[LightGBM] [Warning] No further splits with positive gain, best gain: -inf
2026-04-22 15:55:51,702:INFO:[LightGBM] [Warning] No further splits with positive gain, best gain: -inf
2026-04-22 15:55:51,702:INFO:[LightGBM] [Warning] No further splits with positive gain, best gain: -inf
2026-04-22 15:55:51,703:INFO:[LightGBM] [Warning] No further splits with positive gain, best gain: -inf
2026-04-22 15:55:51,704:INFO:[LightGBM] [Warning] No further splits with positive gain, best gain: -inf
2026-04-22 15:55:51,705:INFO:[LightGBM] [Warning] No further splits with positive gain, best gain: -inf
2026-04-22 15:55:51,705:INFO:[LightGBM] [Warning] No further splits with positive gain, best gain: -inf
2026-04-22 15:55:51,706:INFO:[LightGBM] [Warning] No further splits with positive gain, best gain: -inf
2026-04-22 15:55:51,707:INFO:[LightGBM] [Warning] No further splits with positive gain, best gain: -inf
2026-04-22 15:55:51,708:INFO:[LightGBM] [Warning] No further splits with positive gain, best gain: -inf
2026-04-22 15:55:51,709:INFO:[LightGBM] [Warning] No further splits with positive gain, best gain: -inf
2026-04-22 15:55:51,710:INFO:[LightGBM] [Warning] No further splits with positive gain, best gain: -inf
2026-04-22 15:55:51,711:INFO:[LightGBM] [Warning] No further splits with positive gain, best gain: -inf
2026-04-22 15:55:51,711:INFO:[LightGBM] [Warning] No further splits with positive gain, best gain: -inf
2026-04-22 15:55:51,712:INFO:[LightGBM] [Warning] No further splits with positive gain, best gain: -inf
2026-04-22 15:55:51,713:INFO:[LightGBM] [Warning] No further splits with positive gain, best gain: -inf
2026-04-22 15:55:51,714:INFO:[LightGBM] [Warning] No further splits with positive gain, best gain: -inf
2026-04-22 15:55:51,715:INFO:[LightGBM] [Warning] No further splits with positive gain, best gain: -inf
2026-04-22 15:55:51,715:INFO:[LightGBM] [Warning] No further splits with positive gain, best gain: -inf
2026-04-22 15:55:51,718:INFO:[LightGBM] [Warning] No further splits with positive gain, best gain: -inf
2026-04-22 15:55:51,719:INFO:[LightGBM] [Warning] No further splits with positive gain, best gain: -inf
2026-04-22 15:55:51,720:INFO:[LightGBM] [Warning] No further splits with positive gain, best gain: -inf
2026-04-22 15:55:51,721:INFO:[LightGBM] [Warning] No further splits with positive gain, best gain: -inf
2026-04-22 15:55:51,722:INFO:[LightGBM] [Warning] No further splits with positive gain, best gain: -inf
2026-04-22 15:55:51,722:INFO:[LightGBM] [Warning] No further splits with positive gain, best gain: -inf
2026-04-22 15:55:51,723:INFO:[LightGBM] [Warning] No further splits with positive gain, best gain: -inf
2026-04-22 15:55:51,725:INFO:[LightGBM] [Warning] No further splits with positive gain, best gain: -inf
2026-04-22 15:55:51,726:INFO:[LightGBM] [Warning] No further splits with positive gain, best gain: -inf
2026-04-22 15:55:51,727:INFO:[LightGBM] [Warning] No further splits with positive gain, best gain: -inf
2026-04-22 15:55:51,727:INFO:[LightGBM] [Warning] No further splits with positive gain, best gain: -inf
2026-04-22 15:55:51,728:INFO:[LightGBM] [Warning] No further splits with positive gain, best gain: -inf
2026-04-22 15:55:51,729:INFO:[LightGBM] [Warning] No further splits with positive gain, best gain: -inf
2026-04-22 15:55:51,730:INFO:[LightGBM] [Warning] No further splits with positive gain, best gain: -inf
2026-04-22 15:55:51,731:INFO:[LightGBM] [Warning] No further splits with positive gain, best gain: -inf
2026-04-22 15:55:51,732:INFO:[LightGBM] [Warning] No further splits with positive gain, best gain: -inf
2026-04-22 15:55:51,732:INFO:[LightGBM] [Warning] No further splits with positive gain, best gain: -inf
2026-04-22 15:55:51,733:INFO:[LightGBM] [Warning] No further splits with positive gain, best gain: -inf
2026-04-22 15:55:51,733:INFO:[LightGBM] [Warning] No further splits with positive gain, best gain: -inf
2026-04-22 15:55:51,734:INFO:[LightGBM] [Warning] No further splits with positive gain, best gain: -inf
2026-04-22 15:55:51,735:INFO:[LightGBM] [Warning] No further splits with positive gain, best gain: -inf
2026-04-22 15:55:51,736:INFO:[LightGBM] [Warning] No further splits with positive gain, best gain: -inf
2026-04-22 15:55:51,736:INFO:[LightGBM] [Warning] No further splits with positive gain, best gain: -inf
2026-04-22 15:55:51,737:INFO:[LightGBM] [Warning] No further splits with positive gain, best gain: -inf
2026-04-22 15:55:51,738:INFO:[LightGBM] [Warning] No further splits with positive gain, best gain: -inf
2026-04-22 15:55:51,739:INFO:[LightGBM] [Warning] No further splits with positive gain, best gain: -inf
2026-04-22 15:55:51,739:INFO:[LightGBM] [Warning] No further splits with positive gain, best gain: -inf
2026-04-22 15:55:51,740:INFO:[LightGBM] [Warning] No further splits with positive gain, best gain: -inf
2026-04-22 15:55:51,740:INFO:[LightGBM] [Warning] No further splits with positive gain, best gain: -inf
2026-04-22 15:55:51,741:INFO:[LightGBM] [Warning] No further splits with positive gain, best gain: -inf
2026-04-22 15:55:51,742:INFO:[LightGBM] [Warning] No further splits with positive gain, best gain: -inf
2026-04-22 15:55:51,742:INFO:[LightGBM] [Warning] No further splits with positive gain, best gain: -inf
2026-04-22 15:55:51,743:INFO:[LightGBM] [Warning] No further splits with positive gain, best gain: -inf
2026-04-22 15:55:51,744:INFO:[LightGBM] [Warning] No further splits with positive gain, best gain: -inf
2026-04-22 15:55:51,745:INFO:[LightGBM] [Warning] No further splits with positive gain, best gain: -inf
2026-04-22 15:55:51,746:INFO:[LightGBM] [Warning] No further splits with positive gain, best gain: -inf
2026-04-22 15:55:51,747:INFO:[LightGBM] [Warning] No further splits with positive gain, best gain: -inf
2026-04-22 15:55:51,748:INFO:[LightGBM] [Warning] No further splits with positive gain, best gain: -inf
2026-04-22 15:55:51,748:INFO:[LightGBM] [Warning] No further splits with positive gain, best gain: -inf
2026-04-22 15:55:51,749:INFO:[LightGBM] [Warning] No further splits with positive gain, best gain: -inf
2026-04-22 15:55:51,750:INFO:[LightGBM] [Warning] No further splits with positive gain, best gain: -inf
2026-04-22 15:55:51,751:INFO:[LightGBM] [Warning] No further splits with positive gain, best gain: -inf
2026-04-22 15:55:51,751:INFO:[LightGBM] [Warning] No further splits with positive gain, best gain: -inf
2026-04-22 15:55:51,752:INFO:[LightGBM] [Warning] No further splits with positive gain, best gain: -inf
2026-04-22 15:55:51,753:INFO:[LightGBM] [Warning] No further splits with positive gain, best gain: -inf
2026-04-22 15:55:51,754:INFO:[LightGBM] [Warning] No further splits with positive gain, best gain: -inf
2026-04-22 15:55:51,756:INFO:[LightGBM] [Warning] No further splits with positive gain, best gain: -inf
2026-04-22 15:55:51,757:INFO:[LightGBM] [Warning] No further splits with positive gain, best gain: -inf
2026-04-22 15:55:51,758:INFO:[LightGBM] [Warning] No further splits with positive gain, best gain: -inf
2026-04-22 15:55:51,759:INFO:[LightGBM] [Warning] No further splits with positive gain, best gain: -inf
2026-04-22 15:55:51,759:INFO:[LightGBM] [Warning] No further splits with positive gain, best gain: -inf
2026-04-22 15:55:51,760:INFO:[LightGBM] [Warning] No further splits with positive gain, best gain: -inf
2026-04-22 15:55:51,761:INFO:[LightGBM] [Warning] No further splits with positive gain, best gain: -inf
2026-04-22 15:55:51,761:INFO:[LightGBM] [Warning] No further splits with positive gain, best gain: -inf
2026-04-22 15:55:51,762:INFO:[LightGBM] [Warning] No further splits with positive gain, best gain: -inf
2026-04-22 15:55:51,763:INFO:[LightGBM] [Warning] No further splits with positive gain, best gain: -inf
2026-04-22 15:55:51,763:INFO:[LightGBM] [Warning] No further splits with positive gain, best gain: -inf
2026-04-22 15:55:51,764:INFO:[LightGBM] [Warning] No further splits with positive gain, best gain: -inf
2026-04-22 15:55:51,765:INFO:[LightGBM] [Warning] No further splits with positive gain, best gain: -inf
2026-04-22 15:55:51,766:INFO:[LightGBM] [Warning] No further splits with positive gain, best gain: -inf
2026-04-22 15:55:51,992:INFO:[LightGBM] [Info] Auto-choosing col-wise multi-threading, the overhead of testing was 0.005401 seconds.
2026-04-22 15:55:51,992:INFO:You can set `force_col_wise=true` to remove the overhead.
2026-04-22 15:55:51,996:INFO:[LightGBM] [Info] Total Bins 11935
2026-04-22 15:55:51,997:INFO:[LightGBM] [Info] Number of data points in the train set: 503, number of used features: 498
2026-04-22 15:55:51,998:INFO:[LightGBM] [Info] Start training from score -2.482921
2026-04-22 15:55:51,998:INFO:[LightGBM] [Info] Start training from score -2.370443
2026-04-22 15:55:51,999:INFO:[LightGBM] [Info] Start training from score -2.507018
2026-04-22 15:55:51,999:INFO:[LightGBM] [Info] Start training from score -2.413928
2026-04-22 15:55:51,999:INFO:[LightGBM] [Info] Start training from score -2.328770
2026-04-22 15:55:51,999:INFO:[LightGBM] [Info] Start training from score -2.349389
2026-04-22 15:55:51,999:INFO:[LightGBM] [Info] Start training from score -2.370443
2026-04-22 15:55:51,999:INFO:[LightGBM] [Info] Start training from score -2.459390
2026-04-22 15:55:51,999:INFO:[LightGBM] [Info] Start training from score -2.436401
2026-04-22 15:55:51,999:INFO:[LightGBM] [Info] Start training from score -2.328770
2026-04-22 15:55:51,999:INFO:[LightGBM] [Info] Start training from score -2.349389
2026-04-22 15:55:52,000:INFO:[LightGBM] [Warning] No further splits with positive gain, best gain: -inf
2026-04-22 15:55:52,002:INFO:[LightGBM] [Warning] No further splits with positive gain, best gain: -inf
2026-04-22 15:55:52,003:INFO:[LightGBM] [Warning] No further splits with positive gain, best gain: -inf
2026-04-22 15:55:52,004:INFO:[LightGBM] [Warning] No further splits with positive gain, best gain: -inf
2026-04-22 15:55:52,005:INFO:[LightGBM] [Warning] No further splits with positive gain, best gain: -inf
2026-04-22 15:55:52,007:INFO:[LightGBM] [Warning] No further splits with positive gain, best gain: -inf
2026-04-22 15:55:52,008:INFO:[LightGBM] [Warning] No further splits with positive gain, best gain: -inf
2026-04-22 15:55:52,010:INFO:[LightGBM] [Warning] No further splits with positive gain, best gain: -inf
2026-04-22 15:55:52,012:INFO:[LightGBM] [Warning] No further splits with positive gain, best gain: -inf
2026-04-22 15:55:52,013:INFO:[LightGBM] [Warning] No further splits with positive gain, best gain: -inf
2026-04-22 15:55:52,014:INFO:[LightGBM] [Warning] No further splits with positive gain, best gain: -inf
2026-04-22 15:55:52,016:INFO:[LightGBM] [Warning] No further splits with positive gain, best gain: -inf
2026-04-22 15:55:52,018:INFO:[LightGBM] [Warning] No further splits with positive gain, best gain: -inf
2026-04-22 15:55:52,020:INFO:[LightGBM] [Warning] No further splits with positive gain, best gain: -inf
2026-04-22 15:55:52,022:INFO:[LightGBM] [Warning] No further splits with positive gain, best gain: -inf
2026-04-22 15:55:52,024:INFO:[LightGBM] [Warning] No further splits with positive gain, best gain: -inf
2026-04-22 15:55:52,029:INFO:[LightGBM] [Warning] No further splits with positive gain, best gain: -inf
2026-04-22 15:55:52,032:INFO:[LightGBM] [Warning] No further splits with positive gain, best gain: -inf
2026-04-22 15:55:52,034:INFO:[LightGBM] [Warning] No further splits with positive gain, best gain: -inf
2026-04-22 15:55:52,036:INFO:[LightGBM] [Warning] No further splits with positive gain, best gain: -inf
2026-04-22 15:55:52,039:INFO:[LightGBM] [Warning] No further splits with positive gain, best gain: -inf
2026-04-22 15:55:52,041:INFO:[LightGBM] [Warning] No further splits with positive gain, best gain: -inf
2026-04-22 15:55:52,043:INFO:[LightGBM] [Warning] No further splits with positive gain, best gain: -inf
2026-04-22 15:55:52,046:INFO:[LightGBM] [Warning] No further splits with positive gain, best gain: -inf
2026-04-22 15:55:52,048:INFO:[LightGBM] [Warning] No further splits with positive gain, best gain: -inf
2026-04-22 15:55:52,050:INFO:[LightGBM] [Warning] No further splits with positive gain, best gain: -inf
2026-04-22 15:55:52,052:INFO:[LightGBM] [Warning] No further splits with positive gain, best gain: -inf
2026-04-22 15:55:52,054:INFO:[LightGBM] [Warning] No further splits with positive gain, best gain: -inf
2026-04-22 15:55:52,056:INFO:[LightGBM] [Warning] No further splits with positive gain, best gain: -inf
2026-04-22 15:55:52,058:INFO:[LightGBM] [Warning] No further splits with positive gain, best gain: -inf
2026-04-22 15:55:52,060:INFO:[LightGBM] [Warning] No further splits with positive gain, best gain: -inf
2026-04-22 15:55:52,062:INFO:[LightGBM] [Warning] No further splits with positive gain, best gain: -inf
2026-04-22 15:55:52,063:INFO:[LightGBM] [Warning] No further splits with positive gain, best gain: -inf
2026-04-22 15:55:52,066:INFO:[LightGBM] [Warning] No further splits with positive gain, best gain: -inf
2026-04-22 15:55:52,068:INFO:[LightGBM] [Warning] No further splits with positive gain, best gain: -inf
2026-04-22 15:55:52,069:INFO:[LightGBM] [Warning] No further splits with positive gain, best gain: -inf
2026-04-22 15:55:52,071:INFO:[LightGBM] [Warning] No further splits with positive gain, best gain: -inf
2026-04-22 15:55:52,074:INFO:[LightGBM] [Warning] No further splits with positive gain, best gain: -inf
2026-04-22 15:55:52,076:INFO:[LightGBM] [Warning] No further splits with positive gain, best gain: -inf
2026-04-22 15:55:52,078:INFO:[LightGBM] [Warning] No further splits with positive gain, best gain: -inf
2026-04-22 15:55:52,080:INFO:[LightGBM] [Warning] No further splits with positive gain, best gain: -inf
2026-04-22 15:55:52,082:INFO:[LightGBM] [Warning] No further splits with positive gain, best gain: -inf
2026-04-22 15:55:52,084:INFO:[LightGBM] [Warning] No further splits with positive gain, best gain: -inf
2026-04-22 15:55:52,086:INFO:[LightGBM] [Warning] No further splits with positive gain, best gain: -inf
2026-04-22 15:55:52,088:INFO:[LightGBM] [Warning] No further splits with positive gain, best gain: -inf
2026-04-22 15:55:52,090:INFO:[LightGBM] [Warning] No further splits with positive gain, best gain: -inf
2026-04-22 15:55:52,091:INFO:[LightGBM] [Warning] No further splits with positive gain, best gain: -inf
2026-04-22 15:55:52,094:INFO:[LightGBM] [Warning] No further splits with positive gain, best gain: -inf
2026-04-22 15:55:52,096:INFO:[LightGBM] [Warning] No further splits with positive gain, best gain: -inf
2026-04-22 15:55:52,098:INFO:[LightGBM] [Warning] No further splits with positive gain, best gain: -inf
2026-04-22 15:55:52,100:INFO:[LightGBM] [Warning] No further splits with positive gain, best gain: -inf
2026-04-22 15:55:52,102:INFO:[LightGBM] [Warning] No further splits with positive gain, best gain: -inf
2026-04-22 15:55:52,104:INFO:[LightGBM] [Warning] No further splits with positive gain, best gain: -inf
2026-04-22 15:55:52,105:INFO:[LightGBM] [Warning] No further splits with positive gain, best gain: -inf
2026-04-22 15:55:52,107:INFO:[LightGBM] [Warning] No further splits with positive gain, best gain: -inf
2026-04-22 15:55:52,109:INFO:[LightGBM] [Warning] No further splits with positive gain, best gain: -inf
2026-04-22 15:55:52,111:INFO:[LightGBM] [Warning] No further splits with positive gain, best gain: -inf
2026-04-22 15:55:52,113:INFO:[LightGBM] [Warning] No further splits with positive gain, best gain: -inf
2026-04-22 15:55:52,116:INFO:[LightGBM] [Warning] No further splits with positive gain, best gain: -inf
2026-04-22 15:55:52,117:INFO:[LightGBM] [Warning] No further splits with positive gain, best gain: -inf
2026-04-22 15:55:52,119:INFO:[LightGBM] [Warning] No further splits with positive gain, best gain: -inf
2026-04-22 15:55:52,122:INFO:[LightGBM] [Warning] No further splits with positive gain, best gain: -inf
2026-04-22 15:55:52,124:INFO:[LightGBM] [Warning] No further splits with positive gain, best gain: -inf
2026-04-22 15:55:52,126:INFO:[LightGBM] [Warning] No further splits with positive gain, best gain: -inf
2026-04-22 15:55:52,128:INFO:[LightGBM] [Warning] No further splits with positive gain, best gain: -inf
2026-04-22 15:55:52,131:INFO:[LightGBM] [Warning] No further splits with positive gain, best gain: -inf
2026-04-22 15:55:52,133:INFO:[LightGBM] [Warning] No further splits with positive gain, best gain: -inf
2026-04-22 15:55:52,135:INFO:[LightGBM] [Warning] No further splits with positive gain, best gain: -inf
2026-04-22 15:55:52,138:INFO:[LightGBM] [Warning] No further splits with positive gain, best gain: -inf
2026-04-22 15:55:52,140:INFO:[LightGBM] [Warning] No further splits with positive gain, best gain: -inf
2026-04-22 15:55:52,142:INFO:[LightGBM] [Warning] No further splits with positive gain, best gain: -inf
2026-04-22 15:55:52,144:INFO:[LightGBM] [Warning] No further splits with positive gain, best gain: -inf
2026-04-22 15:55:52,146:INFO:[LightGBM] [Warning] No further splits with positive gain, best gain: -inf
2026-04-22 15:55:52,148:INFO:[LightGBM] [Warning] No further splits with positive gain, best gain: -inf
2026-04-22 15:55:52,150:INFO:[LightGBM] [Warning] No further splits with positive gain, best gain: -inf
2026-04-22 15:55:52,152:INFO:[LightGBM] [Warning] No further splits with positive gain, best gain: -inf
2026-04-22 15:55:52,154:INFO:[LightGBM] [Warning] No further splits with positive gain, best gain: -inf
2026-04-22 15:55:52,156:INFO:[LightGBM] [Warning] No further splits with positive gain, best gain: -inf
2026-04-22 15:55:52,158:INFO:[LightGBM] [Warning] No further splits with positive gain, best gain: -inf
2026-04-22 15:55:52,165:INFO:[LightGBM] [Warning] No further splits with positive gain, best gain: -inf
2026-04-22 15:55:52,168:INFO:[LightGBM] [Warning] No further splits with positive gain, best gain: -inf
2026-04-22 15:55:52,171:INFO:[LightGBM] [Warning] No further splits with positive gain, best gain: -inf
2026-04-22 15:55:52,173:INFO:[LightGBM] [Warning] No further splits with positive gain, best gain: -inf
2026-04-22 15:55:52,176:INFO:[LightGBM] [Warning] No further splits with positive gain, best gain: -inf
2026-04-22 15:55:52,178:INFO:[LightGBM] [Warning] No further splits with positive gain, best gain: -inf
2026-04-22 15:55:52,180:INFO:[LightGBM] [Warning] No further splits with positive gain, best gain: -inf
2026-04-22 15:55:52,182:INFO:[LightGBM] [Warning] No further splits with positive gain, best gain: -inf
2026-04-22 15:55:52,184:INFO:[LightGBM] [Warning] No further splits with positive gain, best gain: -inf
2026-04-22 15:55:52,186:INFO:[LightGBM] [Warning] No further splits with positive gain, best gain: -inf
2026-04-22 15:55:52,188:INFO:[LightGBM] [Warning] No further splits with positive gain, best gain: -inf
2026-04-22 15:55:52,190:INFO:[LightGBM] [Warning] No further splits with positive gain, best gain: -inf
2026-04-22 15:55:52,191:INFO:[LightGBM] [Warning] No further splits with positive gain, best gain: -inf
2026-04-22 15:55:52,195:INFO:[LightGBM] [Warning] No further splits with positive gain, best gain: -inf
2026-04-22 15:55:52,196:INFO:[LightGBM] [Warning] No further splits with positive gain, best gain: -inf
2026-04-22 15:55:52,199:INFO:[LightGBM] [Warning] No further splits with positive gain, best gain: -inf
2026-04-22 15:55:52,201:INFO:[LightGBM] [Warning] No further splits with positive gain, best gain: -inf
2026-04-22 15:55:52,203:INFO:[LightGBM] [Warning] No further splits with positive gain, best gain: -inf
2026-04-22 15:55:52,205:INFO:[LightGBM] [Warning] No further splits with positive gain, best gain: -inf
2026-04-22 15:55:52,207:INFO:[LightGBM] [Warning] No further splits with positive gain, best gain: -inf
2026-04-22 15:55:52,208:INFO:[LightGBM] [Warning] No further splits with positive gain, best gain: -inf
2026-04-22 15:55:52,211:INFO:[LightGBM] [Warning] No further splits with positive gain, best gain: -inf
2026-04-22 15:55:52,212:INFO:[LightGBM] [Warning] No further splits with positive gain, best gain: -inf
2026-04-22 15:55:52,214:INFO:[LightGBM] [Warning] No further splits with positive gain, best gain: -inf
2026-04-22 15:55:52,217:INFO:[LightGBM] [Warning] No further splits with positive gain, best gain: -inf
2026-04-22 15:55:52,219:INFO:[LightGBM] [Warning] No further splits with positive gain, best gain: -inf
2026-04-22 15:55:52,221:INFO:[LightGBM] [Warning] No further splits with positive gain, best gain: -inf
2026-04-22 15:55:52,223:INFO:[LightGBM] [Warning] No further splits with positive gain, best gain: -inf
2026-04-22 15:55:52,226:INFO:[LightGBM] [Warning] No further splits with positive gain, best gain: -inf
2026-04-22 15:55:52,229:INFO:[LightGBM] [Warning] No further splits with positive gain, best gain: -inf
2026-04-22 15:55:52,231:INFO:[LightGBM] [Warning] No further splits with positive gain, best gain: -inf
2026-04-22 15:55:52,233:INFO:[LightGBM] [Warning] No further splits with positive gain, best gain: -inf
2026-04-22 15:55:52,235:INFO:[LightGBM] [Warning] No further splits with positive gain, best gain: -inf
2026-04-22 15:55:52,237:INFO:[LightGBM] [Warning] No further splits with positive gain, best gain: -inf
2026-04-22 15:55:52,239:INFO:[LightGBM] [Warning] No further splits with positive gain, best gain: -inf
2026-04-22 15:55:52,240:INFO:[LightGBM] [Warning] No further splits with positive gain, best gain: -inf
2026-04-22 15:55:52,243:INFO:[LightGBM] [Warning] No further splits with positive gain, best gain: -inf
2026-04-22 15:55:52,244:INFO:[LightGBM] [Warning] No further splits with positive gain, best gain: -inf
2026-04-22 15:55:52,247:INFO:[LightGBM] [Warning] No further splits with positive gain, best gain: -inf
2026-04-22 15:55:52,249:INFO:[LightGBM] [Warning] No further splits with positive gain, best gain: -inf
2026-04-22 15:55:52,251:INFO:[LightGBM] [Warning] No further splits with positive gain, best gain: -inf
2026-04-22 15:55:52,253:INFO:[LightGBM] [Warning] No further splits with positive gain, best gain: -inf
2026-04-22 15:55:52,254:INFO:[LightGBM] [Warning] No further splits with positive gain, best gain: -inf
2026-04-22 15:55:52,257:INFO:[LightGBM] [Warning] No further splits with positive gain, best gain: -inf
2026-04-22 15:55:52,259:INFO:[LightGBM] [Warning] No further splits with positive gain, best gain: -inf
2026-04-22 15:55:52,262:INFO:[LightGBM] [Warning] No further splits with positive gain, best gain: -inf
2026-04-22 15:55:52,266:INFO:[LightGBM] [Warning] No further splits with positive gain, best gain: -inf
2026-04-22 15:55:52,268:INFO:[LightGBM] [Warning] No further splits with positive gain, best gain: -inf
2026-04-22 15:55:52,271:INFO:[LightGBM] [Warning] No further splits with positive gain, best gain: -inf
2026-04-22 15:55:52,273:INFO:[LightGBM] [Warning] No further splits with positive gain, best gain: -inf
2026-04-22 15:55:52,275:INFO:[LightGBM] [Warning] No further splits with positive gain, best gain: -inf
2026-04-22 15:55:52,277:INFO:[LightGBM] [Warning] No further splits with positive gain, best gain: -inf
2026-04-22 15:55:52,279:INFO:[LightGBM] [Warning] No further splits with positive gain, best gain: -inf
2026-04-22 15:55:52,281:INFO:[LightGBM] [Warning] No further splits with positive gain, best gain: -inf
2026-04-22 15:55:52,283:INFO:[LightGBM] [Warning] No further splits with positive gain, best gain: -inf
2026-04-22 15:55:52,286:INFO:[LightGBM] [Warning] No further splits with positive gain, best gain: -inf
2026-04-22 15:55:52,288:INFO:[LightGBM] [Warning] No further splits with positive gain, best gain: -inf
2026-04-22 15:55:52,295:INFO:[LightGBM] [Warning] No further splits with positive gain, best gain: -inf
2026-04-22 15:55:52,297:INFO:[LightGBM] [Warning] No further splits with positive gain, best gain: -inf
2026-04-22 15:55:52,299:INFO:[LightGBM] [Warning] No further splits with positive gain, best gain: -inf
2026-04-22 15:55:52,302:INFO:[LightGBM] [Warning] No further splits with positive gain, best gain: -inf
2026-04-22 15:55:52,304:INFO:[LightGBM] [Warning] No further splits with positive gain, best gain: -inf
2026-04-22 15:55:52,306:INFO:[LightGBM] [Warning] No further splits with positive gain, best gain: -inf
2026-04-22 15:55:52,309:INFO:[LightGBM] [Warning] No further splits with positive gain, best gain: -inf
2026-04-22 15:55:52,311:INFO:[LightGBM] [Warning] No further splits with positive gain, best gain: -inf
2026-04-22 15:55:52,313:INFO:[LightGBM] [Warning] No further splits with positive gain, best gain: -inf
2026-04-22 15:55:52,315:INFO:[LightGBM] [Warning] No further splits with positive gain, best gain: -inf
2026-04-22 15:55:52,317:INFO:[LightGBM] [Warning] No further splits with positive gain, best gain: -inf
2026-04-22 15:55:52,320:INFO:[LightGBM] [Warning] No further splits with positive gain, best gain: -inf
2026-04-22 15:55:52,322:INFO:[LightGBM] [Warning] No further splits with positive gain, best gain: -inf
2026-04-22 15:55:52,324:INFO:[LightGBM] [Warning] No further splits with positive gain, best gain: -inf
2026-04-22 15:55:52,326:INFO:[LightGBM] [Warning] No further splits with positive gain, best gain: -inf
2026-04-22 15:55:52,329:INFO:[LightGBM] [Warning] No further splits with positive gain, best gain: -inf
2026-04-22 15:55:52,331:INFO:[LightGBM] [Warning] No further splits with positive gain, best gain: -inf
2026-04-22 15:55:52,334:INFO:[LightGBM] [Warning] No further splits with positive gain, best gain: -inf
2026-04-22 15:55:52,336:INFO:[LightGBM] [Warning] No further splits with positive gain, best gain: -inf
2026-04-22 15:55:52,338:INFO:[LightGBM] [Warning] No further splits with positive gain, best gain: -inf
2026-04-22 15:55:52,340:INFO:[LightGBM] [Warning] No further splits with positive gain, best gain: -inf
2026-04-22 15:55:52,342:INFO:[LightGBM] [Warning] No further splits with positive gain, best gain: -inf
2026-04-22 15:55:52,344:INFO:[LightGBM] [Warning] No further splits with positive gain, best gain: -inf
2026-04-22 15:55:52,346:INFO:[LightGBM] [Warning] No further splits with positive gain, best gain: -inf
2026-04-22 15:55:52,348:INFO:[LightGBM] [Warning] No further splits with positive gain, best gain: -inf
2026-04-22 15:55:52,350:INFO:[LightGBM] [Warning] No further splits with positive gain, best gain: -inf
2026-04-22 15:55:52,352:INFO:[LightGBM] [Warning] No further splits with positive gain, best gain: -inf
2026-04-22 15:55:52,355:INFO:[LightGBM] [Warning] No further splits with positive gain, best gain: -inf
2026-04-22 15:55:52,357:INFO:[LightGBM] [Warning] No further splits with positive gain, best gain: -inf
2026-04-22 15:55:52,358:INFO:[LightGBM] [Warning] No further splits with positive gain, best gain: -inf
2026-04-22 15:55:52,361:INFO:[LightGBM] [Warning] No further splits with positive gain, best gain: -inf
2026-04-22 15:55:52,363:INFO:[LightGBM] [Warning] No further splits with positive gain, best gain: -inf
2026-04-22 15:55:52,365:INFO:[LightGBM] [Warning] No further splits with positive gain, best gain: -inf
2026-04-22 15:55:52,367:INFO:[LightGBM] [Warning] No further splits with positive gain, best gain: -inf
2026-04-22 15:55:52,369:INFO:[LightGBM] [Warning] No further splits with positive gain, best gain: -inf
2026-04-22 15:55:52,371:INFO:[LightGBM] [Warning] No further splits with positive gain, best gain: -inf
2026-04-22 15:55:52,374:INFO:[LightGBM] [Warning] No further splits with positive gain, best gain: -inf
2026-04-22 15:55:52,376:INFO:[LightGBM] [Warning] No further splits with positive gain, best gain: -inf
2026-04-22 15:55:52,378:INFO:[LightGBM] [Warning] No further splits with positive gain, best gain: -inf
2026-04-22 15:55:52,380:INFO:[LightGBM] [Warning] No further splits with positive gain, best gain: -inf
2026-04-22 15:55:52,382:INFO:[LightGBM] [Warning] No further splits with positive gain, best gain: -inf
2026-04-22 15:55:52,384:INFO:[LightGBM] [Warning] No further splits with positive gain, best gain: -inf
2026-04-22 15:55:52,387:INFO:[LightGBM] [Warning] No further splits with positive gain, best gain: -inf
2026-04-22 15:55:52,391:INFO:[LightGBM] [Warning] No further splits with positive gain, best gain: -inf
2026-04-22 15:55:52,392:INFO:[LightGBM] [Warning] No further splits with positive gain, best gain: -inf
2026-04-22 15:55:52,395:INFO:[LightGBM] [Warning] No further splits with positive gain, best gain: -inf
2026-04-22 15:55:52,397:INFO:[LightGBM] [Warning] No further splits with positive gain, best gain: -inf
2026-04-22 15:55:52,400:INFO:[LightGBM] [Warning] No further splits with positive gain, best gain: -inf
2026-04-22 15:55:52,402:INFO:[LightGBM] [Warning] No further splits with positive gain, best gain: -inf
2026-04-22 15:55:52,404:INFO:[LightGBM] [Warning] No further splits with positive gain, best gain: -inf
2026-04-22 15:55:52,406:INFO:[LightGBM] [Warning] No further splits with positive gain, best gain: -inf
2026-04-22 15:55:52,408:INFO:[LightGBM] [Warning] No further splits with positive gain, best gain: -inf
2026-04-22 15:55:52,410:INFO:[LightGBM] [Warning] No further splits with positive gain, best gain: -inf
2026-04-22 15:55:52,412:INFO:[LightGBM] [Warning] No further splits with positive gain, best gain: -inf
2026-04-22 15:55:52,415:INFO:[LightGBM] [Warning] No further splits with positive gain, best gain: -inf
2026-04-22 15:55:52,418:INFO:[LightGBM] [Warning] No further splits with positive gain, best gain: -inf
2026-04-22 15:55:52,420:INFO:[LightGBM] [Warning] No further splits with positive gain, best gain: -inf
2026-04-22 15:55:52,423:INFO:[LightGBM] [Warning] No further splits with positive gain, best gain: -inf
2026-04-22 15:55:52,425:INFO:[LightGBM] [Warning] No further splits with positive gain, best gain: -inf
2026-04-22 15:55:52,427:INFO:[LightGBM] [Warning] No further splits with positive gain, best gain: -inf
2026-04-22 15:55:52,431:INFO:[LightGBM] [Warning] No further splits with positive gain, best gain: -inf
2026-04-22 15:55:52,433:INFO:[LightGBM] [Warning] No further splits with positive gain, best gain: -inf
2026-04-22 15:55:52,435:INFO:[LightGBM] [Warning] No further splits with positive gain, best gain: -inf
2026-04-22 15:55:52,437:INFO:[LightGBM] [Warning] No further splits with positive gain, best gain: -inf
2026-04-22 15:55:52,440:INFO:[LightGBM] [Warning] No further splits with positive gain, best gain: -inf
2026-04-22 15:55:52,442:INFO:[LightGBM] [Warning] No further splits with positive gain, best gain: -inf
2026-04-22 15:55:52,445:INFO:[LightGBM] [Warning] No further splits with positive gain, best gain: -inf
2026-04-22 15:55:52,447:INFO:[LightGBM] [Warning] No further splits with positive gain, best gain: -inf
2026-04-22 15:55:52,450:INFO:[LightGBM] [Warning] No further splits with positive gain, best gain: -inf
2026-04-22 15:55:52,452:INFO:[LightGBM] [Warning] No further splits with positive gain, best gain: -inf
2026-04-22 15:55:52,454:INFO:[LightGBM] [Warning] No further splits with positive gain, best gain: -inf
2026-04-22 15:55:52,456:INFO:[LightGBM] [Warning] No further splits with positive gain, best gain: -inf
2026-04-22 15:55:52,457:INFO:[LightGBM] [Warning] No further splits with positive gain, best gain: -inf
2026-04-22 15:55:52,459:INFO:[LightGBM] [Warning] No further splits with positive gain, best gain: -inf
2026-04-22 15:55:52,461:INFO:[LightGBM] [Warning] No further splits with positive gain, best gain: -inf
2026-04-22 15:55:52,463:INFO:[LightGBM] [Warning] No further splits with positive gain, best gain: -inf
2026-04-22 15:55:52,465:INFO:[LightGBM] [Warning] No further splits with positive gain, best gain: -inf
2026-04-22 15:55:52,467:INFO:[LightGBM] [Warning] No further splits with positive gain, best gain: -inf
2026-04-22 15:55:52,473:INFO:[LightGBM] [Warning] No further splits with positive gain, best gain: -inf
2026-04-22 15:55:52,476:INFO:[LightGBM] [Warning] No further splits with positive gain, best gain: -inf
2026-04-22 15:55:52,482:INFO:[LightGBM] [Warning] No further splits with positive gain, best gain: -inf
2026-04-22 15:55:52,486:INFO:[LightGBM] [Warning] No further splits with positive gain, best gain: -inf
2026-04-22 15:55:52,488:INFO:[LightGBM] [Warning] No further splits with positive gain, best gain: -inf
2026-04-22 15:55:52,490:INFO:[LightGBM] [Warning] No further splits with positive gain, best gain: -inf
2026-04-22 15:55:52,492:INFO:[LightGBM] [Warning] No further splits with positive gain, best gain: -inf
2026-04-22 15:55:52,494:INFO:[LightGBM] [Warning] No further splits with positive gain, best gain: -inf
2026-04-22 15:55:52,498:INFO:[LightGBM] [Warning] No further splits with positive gain, best gain: -inf
2026-04-22 15:55:52,500:INFO:[LightGBM] [Warning] No further splits with positive gain, best gain: -inf
2026-04-22 15:55:52,502:INFO:[LightGBM] [Warning] No further splits with positive gain, best gain: -inf
2026-04-22 15:55:52,504:INFO:[LightGBM] [Warning] No further splits with positive gain, best gain: -inf
2026-04-22 15:55:52,507:INFO:[LightGBM] [Warning] No further splits with positive gain, best gain: -inf
2026-04-22 15:55:52,509:INFO:[LightGBM] [Warning] No further splits with positive gain, best gain: -inf
2026-04-22 15:55:52,511:INFO:[LightGBM] [Warning] No further splits with positive gain, best gain: -inf
2026-04-22 15:55:52,514:INFO:[LightGBM] [Warning] No further splits with positive gain, best gain: -inf
2026-04-22 15:55:52,522:INFO:[LightGBM] [Warning] No further splits with positive gain, best gain: -inf
2026-04-22 15:55:52,524:INFO:[LightGBM] [Warning] No further splits with positive gain, best gain: -inf
2026-04-22 15:55:52,527:INFO:[LightGBM] [Warning] No further splits with positive gain, best gain: -inf
2026-04-22 15:55:52,531:INFO:[LightGBM] [Warning] No further splits with positive gain, best gain: -inf
2026-04-22 15:55:52,533:INFO:[LightGBM] [Warning] No further splits with positive gain, best gain: -inf
2026-04-22 15:55:52,536:INFO:[LightGBM] [Warning] No further splits with positive gain, best gain: -inf
2026-04-22 15:55:52,538:INFO:[LightGBM] [Warning] No further splits with positive gain, best gain: -inf
2026-04-22 15:55:52,540:INFO:[LightGBM] [Warning] No further splits with positive gain, best gain: -inf
2026-04-22 15:55:52,544:INFO:[LightGBM] [Warning] No further splits with positive gain, best gain: -inf
2026-04-22 15:55:52,546:INFO:[LightGBM] [Warning] No further splits with positive gain, best gain: -inf
2026-04-22 15:55:52,549:INFO:[LightGBM] [Warning] No further splits with positive gain, best gain: -inf
2026-04-22 15:55:52,551:INFO:[LightGBM] [Warning] No further splits with positive gain, best gain: -inf
2026-04-22 15:55:52,553:INFO:[LightGBM] [Warning] No further splits with positive gain, best gain: -inf
2026-04-22 15:55:52,555:INFO:[LightGBM] [Warning] No further splits with positive gain, best gain: -inf
2026-04-22 15:55:52,557:INFO:[LightGBM] [Warning] No further splits with positive gain, best gain: -inf
2026-04-22 15:55:52,559:INFO:[LightGBM] [Warning] No further splits with positive gain, best gain: -inf
2026-04-22 15:55:52,561:INFO:[LightGBM] [Warning] No further splits with positive gain, best gain: -inf
2026-04-22 15:55:52,563:INFO:[LightGBM] [Warning] No further splits with positive gain, best gain: -inf
2026-04-22 15:55:52,566:INFO:[LightGBM] [Warning] No further splits with positive gain, best gain: -inf
2026-04-22 15:55:52,568:INFO:[LightGBM] [Warning] No further splits with positive gain, best gain: -inf
2026-04-22 15:55:52,571:INFO:[LightGBM] [Warning] No further splits with positive gain, best gain: -inf
2026-04-22 15:55:52,573:INFO:[LightGBM] [Warning] No further splits with positive gain, best gain: -inf
2026-04-22 15:55:52,575:INFO:[LightGBM] [Warning] No further splits with positive gain, best gain: -inf
2026-04-22 15:55:52,577:INFO:[LightGBM] [Warning] No further splits with positive gain, best gain: -inf
2026-04-22 15:55:52,580:INFO:[LightGBM] [Warning] No further splits with positive gain, best gain: -inf
2026-04-22 15:55:52,582:INFO:[LightGBM] [Warning] No further splits with positive gain, best gain: -inf
2026-04-22 15:55:52,584:INFO:[LightGBM] [Warning] No further splits with positive gain, best gain: -inf
2026-04-22 15:55:52,587:INFO:[LightGBM] [Warning] No further splits with positive gain, best gain: -inf
2026-04-22 15:55:52,589:INFO:[LightGBM] [Warning] No further splits with positive gain, best gain: -inf
2026-04-22 15:55:52,594:INFO:[LightGBM] [Warning] No further splits with positive gain, best gain: -inf
2026-04-22 15:55:52,597:INFO:[LightGBM] [Warning] No further splits with positive gain, best gain: -inf
2026-04-22 15:55:52,599:INFO:[LightGBM] [Warning] No further splits with positive gain, best gain: -inf
2026-04-22 15:55:52,602:INFO:[LightGBM] [Warning] No further splits with positive gain, best gain: -inf
2026-04-22 15:55:52,603:INFO:[LightGBM] [Warning] No further splits with positive gain, best gain: -inf
2026-04-22 15:55:52,605:INFO:[LightGBM] [Warning] No further splits with positive gain, best gain: -inf
2026-04-22 15:55:52,608:INFO:[LightGBM] [Warning] No further splits with positive gain, best gain: -inf
2026-04-22 15:55:52,611:INFO:[LightGBM] [Warning] No further splits with positive gain, best gain: -inf
2026-04-22 15:55:52,614:INFO:[LightGBM] [Warning] No further splits with positive gain, best gain: -inf
2026-04-22 15:55:52,616:INFO:[LightGBM] [Warning] No further splits with positive gain, best gain: -inf
2026-04-22 15:55:52,618:INFO:[LightGBM] [Warning] No further splits with positive gain, best gain: -inf
2026-04-22 15:55:52,621:INFO:[LightGBM] [Warning] No further splits with positive gain, best gain: -inf
2026-04-22 15:55:52,623:INFO:[LightGBM] [Warning] No further splits with positive gain, best gain: -inf
2026-04-22 15:55:52,626:INFO:[LightGBM] [Warning] No further splits with positive gain, best gain: -inf
2026-04-22 15:55:52,629:INFO:[LightGBM] [Warning] No further splits with positive gain, best gain: -inf
2026-04-22 15:55:52,632:INFO:[LightGBM] [Warning] No further splits with positive gain, best gain: -inf
2026-04-22 15:55:52,634:INFO:[LightGBM] [Warning] No further splits with positive gain, best gain: -inf
2026-04-22 15:55:52,639:INFO:[LightGBM] [Warning] No further splits with positive gain, best gain: -inf
2026-04-22 15:55:52,641:INFO:[LightGBM] [Warning] No further splits with positive gain, best gain: -inf
2026-04-22 15:55:52,645:INFO:[LightGBM] [Warning] No further splits with positive gain, best gain: -inf
2026-04-22 15:55:52,647:INFO:[LightGBM] [Warning] No further splits with positive gain, best gain: -inf
2026-04-22 15:55:52,649:INFO:[LightGBM] [Warning] No further splits with positive gain, best gain: -inf
2026-04-22 15:55:52,651:INFO:[LightGBM] [Warning] No further splits with positive gain, best gain: -inf
2026-04-22 15:55:52,654:INFO:[LightGBM] [Warning] No further splits with positive gain, best gain: -inf
2026-04-22 15:55:52,656:INFO:[LightGBM] [Warning] No further splits with positive gain, best gain: -inf
2026-04-22 15:55:52,658:INFO:[LightGBM] [Warning] No further splits with positive gain, best gain: -inf
2026-04-22 15:55:52,662:INFO:[LightGBM] [Warning] No further splits with positive gain, best gain: -inf
2026-04-22 15:55:52,671:INFO:[LightGBM] [Warning] No further splits with positive gain, best gain: -inf
2026-04-22 15:55:52,674:INFO:[LightGBM] [Warning] No further splits with positive gain, best gain: -inf
2026-04-22 15:55:52,677:INFO:[LightGBM] [Warning] No further splits with positive gain, best gain: -inf
2026-04-22 15:55:52,679:INFO:[LightGBM] [Warning] No further splits with positive gain, best gain: -inf
2026-04-22 15:55:52,681:INFO:[LightGBM] [Warning] No further splits with positive gain, best gain: -inf
2026-04-22 15:55:52,684:INFO:[LightGBM] [Warning] No further splits with positive gain, best gain: -inf
2026-04-22 15:55:52,686:INFO:[LightGBM] [Warning] No further splits with positive gain, best gain: -inf
2026-04-22 15:55:52,688:INFO:[LightGBM] [Warning] No further splits with positive gain, best gain: -inf
2026-04-22 15:55:52,690:INFO:[LightGBM] [Warning] No further splits with positive gain, best gain: -inf
2026-04-22 15:55:52,692:INFO:[LightGBM] [Warning] No further splits with positive gain, best gain: -inf
2026-04-22 15:55:52,694:INFO:[LightGBM] [Warning] No further splits with positive gain, best gain: -inf
2026-04-22 15:55:52,697:INFO:[LightGBM] [Warning] No further splits with positive gain, best gain: -inf
2026-04-22 15:55:52,700:INFO:[LightGBM] [Warning] No further splits with positive gain, best gain: -inf
2026-04-22 15:55:52,702:INFO:[LightGBM] [Warning] No further splits with positive gain, best gain: -inf
2026-04-22 15:55:52,704:INFO:[LightGBM] [Warning] No further splits with positive gain, best gain: -inf
2026-04-22 15:55:52,707:INFO:[LightGBM] [Warning] No further splits with positive gain, best gain: -inf
2026-04-22 15:55:52,709:INFO:[LightGBM] [Warning] No further splits with positive gain, best gain: -inf
2026-04-22 15:55:52,712:INFO:[LightGBM] [Warning] No further splits with positive gain, best gain: -inf
2026-04-22 15:55:52,714:INFO:[LightGBM] [Warning] No further splits with positive gain, best gain: -inf
2026-04-22 15:55:52,716:INFO:[LightGBM] [Warning] No further splits with positive gain, best gain: -inf
2026-04-22 15:55:52,718:INFO:[LightGBM] [Warning] No further splits with positive gain, best gain: -inf
2026-04-22 15:55:52,721:INFO:[LightGBM] [Warning] No further splits with positive gain, best gain: -inf
2026-04-22 15:55:52,723:INFO:[LightGBM] [Warning] No further splits with positive gain, best gain: -inf
2026-04-22 15:55:52,726:INFO:[LightGBM] [Warning] No further splits with positive gain, best gain: -inf
2026-04-22 15:55:52,729:INFO:[LightGBM] [Warning] No further splits with positive gain, best gain: -inf
2026-04-22 15:55:52,732:INFO:[LightGBM] [Warning] No further splits with positive gain, best gain: -inf
2026-04-22 15:55:52,734:INFO:[LightGBM] [Warning] No further splits with positive gain, best gain: -inf
2026-04-22 15:55:52,736:INFO:[LightGBM] [Warning] No further splits with positive gain, best gain: -inf
2026-04-22 15:55:52,739:INFO:[LightGBM] [Warning] No further splits with positive gain, best gain: -inf
2026-04-22 15:55:52,744:INFO:[LightGBM] [Warning] No further splits with positive gain, best gain: -inf
2026-04-22 15:55:52,746:INFO:[LightGBM] [Warning] No further splits with positive gain, best gain: -inf
2026-04-22 15:55:52,750:INFO:[LightGBM] [Warning] No further splits with positive gain, best gain: -inf
2026-04-22 15:55:52,752:INFO:[LightGBM] [Warning] No further splits with positive gain, best gain: -inf
2026-04-22 15:55:52,754:INFO:[LightGBM] [Warning] No further splits with positive gain, best gain: -inf
2026-04-22 15:55:52,756:INFO:[LightGBM] [Warning] No further splits with positive gain, best gain: -inf
2026-04-22 15:55:52,758:INFO:[LightGBM] [Warning] No further splits with positive gain, best gain: -inf
2026-04-22 15:55:52,761:INFO:[LightGBM] [Warning] No further splits with positive gain, best gain: -inf
2026-04-22 15:55:52,763:INFO:[LightGBM] [Warning] No further splits with positive gain, best gain: -inf
2026-04-22 15:55:52,765:INFO:[LightGBM] [Warning] No further splits with positive gain, best gain: -inf
2026-04-22 15:55:52,768:INFO:[LightGBM] [Warning] No further splits with positive gain, best gain: -inf
2026-04-22 15:55:52,771:INFO:[LightGBM] [Warning] No further splits with positive gain, best gain: -inf
2026-04-22 15:55:52,774:INFO:[LightGBM] [Warning] No further splits with positive gain, best gain: -inf
2026-04-22 15:55:52,777:INFO:[LightGBM] [Warning] No further splits with positive gain, best gain: -inf
2026-04-22 15:55:52,780:INFO:[LightGBM] [Warning] No further splits with positive gain, best gain: -inf
2026-04-22 15:55:52,783:INFO:[LightGBM] [Warning] No further splits with positive gain, best gain: -inf
2026-04-22 15:55:52,785:INFO:[LightGBM] [Warning] No further splits with positive gain, best gain: -inf
2026-04-22 15:55:52,788:INFO:[LightGBM] [Warning] No further splits with positive gain, best gain: -inf
2026-04-22 15:55:52,790:INFO:[LightGBM] [Warning] No further splits with positive gain, best gain: -inf
2026-04-22 15:55:52,793:INFO:[LightGBM] [Warning] No further splits with positive gain, best gain: -inf
2026-04-22 15:55:52,800:INFO:[LightGBM] [Warning] No further splits with positive gain, best gain: -inf
2026-04-22 15:55:52,803:INFO:[LightGBM] [Warning] No further splits with positive gain, best gain: -inf
2026-04-22 15:55:52,805:INFO:[LightGBM] [Warning] No further splits with positive gain, best gain: -inf
2026-04-22 15:55:52,808:INFO:[LightGBM] [Warning] No further splits with positive gain, best gain: -inf
2026-04-22 15:55:52,811:INFO:[LightGBM] [Warning] No further splits with positive gain, best gain: -inf
2026-04-22 15:55:52,814:INFO:[LightGBM] [Warning] No further splits with positive gain, best gain: -inf
2026-04-22 15:55:52,816:INFO:[LightGBM] [Warning] No further splits with positive gain, best gain: -inf
2026-04-22 15:55:52,818:INFO:[LightGBM] [Warning] No further splits with positive gain, best gain: -inf
2026-04-22 15:55:52,821:INFO:[LightGBM] [Warning] No further splits with positive gain, best gain: -inf
2026-04-22 15:55:52,823:INFO:[LightGBM] [Warning] No further splits with positive gain, best gain: -inf
2026-04-22 15:55:52,825:INFO:[LightGBM] [Warning] No further splits with positive gain, best gain: -inf
2026-04-22 15:55:52,829:INFO:[LightGBM] [Warning] No further splits with positive gain, best gain: -inf
2026-04-22 15:55:52,832:INFO:[LightGBM] [Warning] No further splits with positive gain, best gain: -inf
2026-04-22 15:55:52,834:INFO:[LightGBM] [Warning] No further splits with positive gain, best gain: -inf
2026-04-22 15:55:52,837:INFO:[LightGBM] [Warning] No further splits with positive gain, best gain: -inf
2026-04-22 15:55:52,840:INFO:[LightGBM] [Warning] No further splits with positive gain, best gain: -inf
2026-04-22 15:55:52,842:INFO:[LightGBM] [Warning] No further splits with positive gain, best gain: -inf
2026-04-22 15:55:52,844:INFO:[LightGBM] [Warning] No further splits with positive gain, best gain: -inf
2026-04-22 15:55:52,847:INFO:[LightGBM] [Warning] No further splits with positive gain, best gain: -inf
2026-04-22 15:55:52,850:INFO:[LightGBM] [Warning] No further splits with positive gain, best gain: -inf
2026-04-22 15:55:52,852:INFO:[LightGBM] [Warning] No further splits with positive gain, best gain: -inf
2026-04-22 15:55:52,854:INFO:[LightGBM] [Warning] No further splits with positive gain, best gain: -inf
2026-04-22 15:55:52,857:INFO:[LightGBM] [Warning] No further splits with positive gain, best gain: -inf
2026-04-22 15:55:52,860:INFO:[LightGBM] [Warning] No further splits with positive gain, best gain: -inf
2026-04-22 15:55:52,862:INFO:[LightGBM] [Warning] No further splits with positive gain, best gain: -inf
2026-04-22 15:55:52,864:INFO:[LightGBM] [Warning] No further splits with positive gain, best gain: -inf
2026-04-22 15:55:52,867:INFO:[LightGBM] [Warning] No further splits with positive gain, best gain: -inf
2026-04-22 15:55:52,869:INFO:[LightGBM] [Warning] No further splits with positive gain, best gain: -inf
2026-04-22 15:55:52,872:INFO:[LightGBM] [Warning] No further splits with positive gain, best gain: -inf
2026-04-22 15:55:52,873:INFO:[LightGBM] [Warning] No further splits with positive gain, best gain: -inf
2026-04-22 15:55:52,875:INFO:[LightGBM] [Warning] No further splits with positive gain, best gain: -inf
2026-04-22 15:55:52,878:INFO:[LightGBM] [Warning] No further splits with positive gain, best gain: -inf
2026-04-22 15:55:52,881:INFO:[LightGBM] [Warning] No further splits with positive gain, best gain: -inf
2026-04-22 15:55:52,883:INFO:[LightGBM] [Warning] No further splits with positive gain, best gain: -inf
2026-04-22 15:55:52,888:INFO:[LightGBM] [Warning] No further splits with positive gain, best gain: -inf
2026-04-22 15:55:52,890:INFO:[LightGBM] [Warning] No further splits with positive gain, best gain: -inf
2026-04-22 15:55:52,892:INFO:[LightGBM] [Warning] No further splits with positive gain, best gain: -inf
2026-04-22 15:55:52,896:INFO:[LightGBM] [Warning] No further splits with positive gain, best gain: -inf
2026-04-22 15:55:52,899:INFO:[LightGBM] [Warning] No further splits with positive gain, best gain: -inf
2026-04-22 15:55:52,901:INFO:[LightGBM] [Warning] No further splits with positive gain, best gain: -inf
2026-04-22 15:55:52,903:INFO:[LightGBM] [Warning] No further splits with positive gain, best gain: -inf
2026-04-22 15:55:52,906:INFO:[LightGBM] [Warning] No further splits with positive gain, best gain: -inf
2026-04-22 15:55:52,908:INFO:[LightGBM] [Warning] No further splits with positive gain, best gain: -inf
2026-04-22 15:55:52,911:INFO:[LightGBM] [Warning] No further splits with positive gain, best gain: -inf
2026-04-22 15:55:52,913:INFO:[LightGBM] [Warning] No further splits with positive gain, best gain: -inf
2026-04-22 15:55:52,915:INFO:[LightGBM] [Warning] No further splits with positive gain, best gain: -inf
2026-04-22 15:55:52,918:INFO:[LightGBM] [Warning] No further splits with positive gain, best gain: -inf
2026-04-22 15:55:52,925:INFO:[LightGBM] [Warning] No further splits with positive gain, best gain: -inf
2026-04-22 15:55:52,927:INFO:[LightGBM] [Warning] No further splits with positive gain, best gain: -inf
2026-04-22 15:55:52,931:INFO:[LightGBM] [Warning] No further splits with positive gain, best gain: -inf
2026-04-22 15:55:52,934:INFO:[LightGBM] [Warning] No further splits with positive gain, best gain: -inf
2026-04-22 15:55:52,936:INFO:[LightGBM] [Warning] No further splits with positive gain, best gain: -inf
2026-04-22 15:55:52,938:INFO:[LightGBM] [Warning] No further splits with positive gain, best gain: -inf
2026-04-22 15:55:52,941:INFO:[LightGBM] [Warning] No further splits with positive gain, best gain: -inf
2026-04-22 15:55:52,943:INFO:[LightGBM] [Warning] No further splits with positive gain, best gain: -inf
2026-04-22 15:55:52,944:INFO:[LightGBM] [Warning] No further splits with positive gain, best gain: -inf
2026-04-22 15:55:52,947:INFO:[LightGBM] [Warning] No further splits with positive gain, best gain: -inf
2026-04-22 15:55:52,949:INFO:[LightGBM] [Warning] No further splits with positive gain, best gain: -inf
2026-04-22 15:55:52,951:INFO:[LightGBM] [Warning] No further splits with positive gain, best gain: -inf
2026-04-22 15:55:52,954:INFO:[LightGBM] [Warning] No further splits with positive gain, best gain: -inf
2026-04-22 15:55:52,956:INFO:[LightGBM] [Warning] No further splits with positive gain, best gain: -inf
2026-04-22 15:55:52,962:INFO:[LightGBM] [Warning] No further splits with positive gain, best gain: -inf
2026-04-22 15:55:52,964:INFO:[LightGBM] [Warning] No further splits with positive gain, best gain: -inf
2026-04-22 15:55:52,966:INFO:[LightGBM] [Warning] No further splits with positive gain, best gain: -inf
2026-04-22 15:55:52,969:INFO:[LightGBM] [Warning] No further splits with positive gain, best gain: -inf
2026-04-22 15:55:52,971:INFO:[LightGBM] [Warning] No further splits with positive gain, best gain: -inf
2026-04-22 15:55:52,973:INFO:[LightGBM] [Warning] No further splits with positive gain, best gain: -inf
2026-04-22 15:55:52,979:INFO:[LightGBM] [Warning] No further splits with positive gain, best gain: -inf
2026-04-22 15:55:52,981:INFO:[LightGBM] [Warning] No further splits with positive gain, best gain: -inf
2026-04-22 15:55:52,983:INFO:[LightGBM] [Warning] No further splits with positive gain, best gain: -inf
2026-04-22 15:55:52,986:INFO:[LightGBM] [Warning] No further splits with positive gain, best gain: -inf
2026-04-22 15:55:52,988:INFO:[LightGBM] [Warning] No further splits with positive gain, best gain: -inf
2026-04-22 15:55:52,990:INFO:[LightGBM] [Warning] No further splits with positive gain, best gain: -inf
2026-04-22 15:55:52,993:INFO:[LightGBM] [Warning] No further splits with positive gain, best gain: -inf
2026-04-22 15:55:52,998:INFO:[LightGBM] [Warning] No further splits with positive gain, best gain: -inf
2026-04-22 15:55:53,001:INFO:[LightGBM] [Warning] No further splits with positive gain, best gain: -inf
2026-04-22 15:55:53,004:INFO:[LightGBM] [Warning] No further splits with positive gain, best gain: -inf
2026-04-22 15:55:53,007:INFO:[LightGBM] [Warning] No further splits with positive gain, best gain: -inf
2026-04-22 15:55:53,010:INFO:[LightGBM] [Warning] No further splits with positive gain, best gain: -inf
2026-04-22 15:55:53,012:INFO:[LightGBM] [Warning] No further splits with positive gain, best gain: -inf
2026-04-22 15:55:53,014:INFO:[LightGBM] [Warning] No further splits with positive gain, best gain: -inf
2026-04-22 15:55:53,017:INFO:[LightGBM] [Warning] No further splits with positive gain, best gain: -inf
2026-04-22 15:55:53,019:INFO:[LightGBM] [Warning] No further splits with positive gain, best gain: -inf
2026-04-22 15:55:53,027:INFO:[LightGBM] [Warning] No further splits with positive gain, best gain: -inf
2026-04-22 15:55:53,031:INFO:[LightGBM] [Warning] No further splits with positive gain, best gain: -inf
2026-04-22 15:55:53,035:INFO:[LightGBM] [Warning] No further splits with positive gain, best gain: -inf
2026-04-22 15:55:53,038:INFO:[LightGBM] [Warning] No further splits with positive gain, best gain: -inf
2026-04-22 15:55:53,041:INFO:[LightGBM] [Warning] No further splits with positive gain, best gain: -inf
2026-04-22 15:55:53,047:INFO:[LightGBM] [Warning] No further splits with positive gain, best gain: -inf
2026-04-22 15:55:53,050:INFO:[LightGBM] [Warning] No further splits with positive gain, best gain: -inf
2026-04-22 15:55:53,052:INFO:[LightGBM] [Warning] No further splits with positive gain, best gain: -inf
2026-04-22 15:55:53,054:INFO:[LightGBM] [Warning] No further splits with positive gain, best gain: -inf
2026-04-22 15:55:53,057:INFO:[LightGBM] [Warning] No further splits with positive gain, best gain: -inf
2026-04-22 15:55:53,060:INFO:[LightGBM] [Warning] No further splits with positive gain, best gain: -inf
2026-04-22 15:55:53,062:INFO:[LightGBM] [Warning] No further splits with positive gain, best gain: -inf
2026-04-22 15:55:53,067:INFO:[LightGBM] [Warning] No further splits with positive gain, best gain: -inf
2026-04-22 15:55:53,070:INFO:[LightGBM] [Warning] No further splits with positive gain, best gain: -inf
2026-04-22 15:55:53,073:INFO:[LightGBM] [Warning] No further splits with positive gain, best gain: -inf
2026-04-22 15:55:53,075:INFO:[LightGBM] [Warning] No further splits with positive gain, best gain: -inf
2026-04-22 15:55:53,077:INFO:[LightGBM] [Warning] No further splits with positive gain, best gain: -inf
2026-04-22 15:55:53,080:INFO:[LightGBM] [Warning] No further splits with positive gain, best gain: -inf
2026-04-22 15:55:53,082:INFO:[LightGBM] [Warning] No further splits with positive gain, best gain: -inf
2026-04-22 15:55:53,085:INFO:[LightGBM] [Warning] No further splits with positive gain, best gain: -inf
2026-04-22 15:55:53,087:INFO:[LightGBM] [Warning] No further splits with positive gain, best gain: -inf
2026-04-22 15:55:53,090:INFO:[LightGBM] [Warning] No further splits with positive gain, best gain: -inf
2026-04-22 15:55:53,092:INFO:[LightGBM] [Warning] No further splits with positive gain, best gain: -inf
2026-04-22 15:55:53,094:INFO:[LightGBM] [Warning] No further splits with positive gain, best gain: -inf
2026-04-22 15:55:53,096:INFO:[LightGBM] [Warning] No further splits with positive gain, best gain: -inf
2026-04-22 15:55:53,102:INFO:[LightGBM] [Warning] No further splits with positive gain, best gain: -inf
2026-04-22 15:55:53,105:INFO:[LightGBM] [Warning] No further splits with positive gain, best gain: -inf
2026-04-22 15:55:53,107:INFO:[LightGBM] [Warning] No further splits with positive gain, best gain: -inf
2026-04-22 15:55:53,110:INFO:[LightGBM] [Warning] No further splits with positive gain, best gain: -inf
2026-04-22 15:55:53,113:INFO:[LightGBM] [Warning] No further splits with positive gain, best gain: -inf
2026-04-22 15:55:53,115:INFO:[LightGBM] [Warning] No further splits with positive gain, best gain: -inf
2026-04-22 15:55:53,117:INFO:[LightGBM] [Warning] No further splits with positive gain, best gain: -inf
2026-04-22 15:55:53,122:INFO:[LightGBM] [Warning] No further splits with positive gain, best gain: -inf
2026-04-22 15:55:53,125:INFO:[LightGBM] [Warning] No further splits with positive gain, best gain: -inf
2026-04-22 15:55:53,128:INFO:[LightGBM] [Warning] No further splits with positive gain, best gain: -inf
2026-04-22 15:55:53,130:INFO:[LightGBM] [Warning] No further splits with positive gain, best gain: -inf
2026-04-22 15:55:53,133:INFO:[LightGBM] [Warning] No further splits with positive gain, best gain: -inf
2026-04-22 15:55:53,136:INFO:[LightGBM] [Warning] No further splits with positive gain, best gain: -inf
2026-04-22 15:55:53,139:INFO:[LightGBM] [Warning] No further splits with positive gain, best gain: -inf
2026-04-22 15:55:53,141:INFO:[LightGBM] [Warning] No further splits with positive gain, best gain: -inf
2026-04-22 15:55:53,144:INFO:[LightGBM] [Warning] No further splits with positive gain, best gain: -inf
2026-04-22 15:55:53,147:INFO:[LightGBM] [Warning] No further splits with positive gain, best gain: -inf
2026-04-22 15:55:53,152:INFO:[LightGBM] [Warning] No further splits with positive gain, best gain: -inf
2026-04-22 15:55:53,155:INFO:[LightGBM] [Warning] No further splits with positive gain, best gain: -inf
2026-04-22 15:55:53,157:INFO:[LightGBM] [Warning] No further splits with positive gain, best gain: -inf
2026-04-22 15:55:53,160:INFO:[LightGBM] [Warning] No further splits with positive gain, best gain: -inf
2026-04-22 15:55:53,167:INFO:[LightGBM] [Warning] No further splits with positive gain, best gain: -inf
2026-04-22 15:55:53,169:INFO:[LightGBM] [Warning] No further splits with positive gain, best gain: -inf
2026-04-22 15:55:53,176:INFO:[LightGBM] [Warning] No further splits with positive gain, best gain: -inf
2026-04-22 15:55:53,179:INFO:[LightGBM] [Warning] No further splits with positive gain, best gain: -inf
2026-04-22 15:55:53,181:INFO:[LightGBM] [Warning] No further splits with positive gain, best gain: -inf
2026-04-22 15:55:53,183:INFO:[LightGBM] [Warning] No further splits with positive gain, best gain: -inf
2026-04-22 15:55:53,186:INFO:[LightGBM] [Warning] No further splits with positive gain, best gain: -inf
2026-04-22 15:55:53,188:INFO:[LightGBM] [Warning] No further splits with positive gain, best gain: -inf
2026-04-22 15:55:53,193:INFO:[LightGBM] [Warning] No further splits with positive gain, best gain: -inf
2026-04-22 15:55:53,197:INFO:[LightGBM] [Warning] No further splits with positive gain, best gain: -inf
2026-04-22 15:55:53,199:INFO:[LightGBM] [Warning] No further splits with positive gain, best gain: -inf
2026-04-22 15:55:53,202:INFO:[LightGBM] [Warning] No further splits with positive gain, best gain: -inf
2026-04-22 15:55:53,204:INFO:[LightGBM] [Warning] No further splits with positive gain, best gain: -inf
2026-04-22 15:55:53,206:INFO:[LightGBM] [Warning] No further splits with positive gain, best gain: -inf
2026-04-22 15:55:53,209:INFO:[LightGBM] [Warning] No further splits with positive gain, best gain: -inf
2026-04-22 15:55:53,211:INFO:[LightGBM] [Warning] No further splits with positive gain, best gain: -inf
2026-04-22 15:55:53,213:INFO:[LightGBM] [Warning] No further splits with positive gain, best gain: -inf
2026-04-22 15:55:53,216:INFO:[LightGBM] [Warning] No further splits with positive gain, best gain: -inf
2026-04-22 15:55:53,221:INFO:[LightGBM] [Warning] No further splits with positive gain, best gain: -inf
2026-04-22 15:55:53,224:INFO:[LightGBM] [Warning] No further splits with positive gain, best gain: -inf
2026-04-22 15:55:53,225:INFO:[LightGBM] [Warning] No further splits with positive gain, best gain: -inf
2026-04-22 15:55:53,229:INFO:[LightGBM] [Warning] No further splits with positive gain, best gain: -inf
2026-04-22 15:55:53,232:INFO:[LightGBM] [Warning] No further splits with positive gain, best gain: -inf
2026-04-22 15:55:53,235:INFO:[LightGBM] [Warning] No further splits with positive gain, best gain: -inf
2026-04-22 15:55:53,238:INFO:[LightGBM] [Warning] No further splits with positive gain, best gain: -inf
2026-04-22 15:55:53,243:INFO:[LightGBM] [Warning] No further splits with positive gain, best gain: -inf
2026-04-22 15:55:53,246:INFO:[LightGBM] [Warning] No further splits with positive gain, best gain: -inf
2026-04-22 15:55:53,251:INFO:[LightGBM] [Warning] No further splits with positive gain, best gain: -inf
2026-04-22 15:55:53,253:INFO:[LightGBM] [Warning] No further splits with positive gain, best gain: -inf
2026-04-22 15:55:53,255:INFO:[LightGBM] [Warning] No further splits with positive gain, best gain: -inf
2026-04-22 15:55:53,258:INFO:[LightGBM] [Warning] No further splits with positive gain, best gain: -inf
2026-04-22 15:55:53,261:INFO:[LightGBM] [Warning] No further splits with positive gain, best gain: -inf
2026-04-22 15:55:53,264:INFO:[LightGBM] [Warning] No further splits with positive gain, best gain: -inf
2026-04-22 15:55:53,266:INFO:[LightGBM] [Warning] No further splits with positive gain, best gain: -inf
2026-04-22 15:55:53,269:INFO:[LightGBM] [Warning] No further splits with positive gain, best gain: -inf
2026-04-22 15:55:53,271:INFO:[LightGBM] [Warning] No further splits with positive gain, best gain: -inf
2026-04-22 15:55:53,275:INFO:[LightGBM] [Warning] No further splits with positive gain, best gain: -inf
2026-04-22 15:55:53,278:INFO:[LightGBM] [Warning] No further splits with positive gain, best gain: -inf
2026-04-22 15:55:53,280:INFO:[LightGBM] [Warning] No further splits with positive gain, best gain: -inf
2026-04-22 15:55:53,283:INFO:[LightGBM] [Warning] No further splits with positive gain, best gain: -inf
2026-04-22 15:55:53,285:INFO:[LightGBM] [Warning] No further splits with positive gain, best gain: -inf
2026-04-22 15:55:53,288:INFO:[LightGBM] [Warning] No further splits with positive gain, best gain: -inf
2026-04-22 15:55:53,290:INFO:[LightGBM] [Warning] No further splits with positive gain, best gain: -inf
2026-04-22 15:55:53,292:INFO:[LightGBM] [Warning] No further splits with positive gain, best gain: -inf
2026-04-22 15:55:53,295:INFO:[LightGBM] [Warning] No further splits with positive gain, best gain: -inf
2026-04-22 15:55:53,302:INFO:[LightGBM] [Warning] No further splits with positive gain, best gain: -inf
2026-04-22 15:55:53,304:INFO:[LightGBM] [Warning] No further splits with positive gain, best gain: -inf
2026-04-22 15:55:53,307:INFO:[LightGBM] [Warning] No further splits with positive gain, best gain: -inf
2026-04-22 15:55:53,313:INFO:[LightGBM] [Warning] No further splits with positive gain, best gain: -inf
2026-04-22 15:55:53,315:INFO:[LightGBM] [Warning] No further splits with positive gain, best gain: -inf
2026-04-22 15:55:53,318:INFO:[LightGBM] [Warning] No further splits with positive gain, best gain: -inf
2026-04-22 15:55:53,320:INFO:[LightGBM] [Warning] No further splits with positive gain, best gain: -inf
2026-04-22 15:55:53,323:INFO:[LightGBM] [Warning] No further splits with positive gain, best gain: -inf
2026-04-22 15:55:53,326:INFO:[LightGBM] [Warning] No further splits with positive gain, best gain: -inf
2026-04-22 15:55:53,328:INFO:[LightGBM] [Warning] No further splits with positive gain, best gain: -inf
2026-04-22 15:55:53,331:INFO:[LightGBM] [Warning] No further splits with positive gain, best gain: -inf
2026-04-22 15:55:53,335:INFO:[LightGBM] [Warning] No further splits with positive gain, best gain: -inf
2026-04-22 15:55:53,344:INFO:[LightGBM] [Warning] No further splits with positive gain, best gain: -inf
2026-04-22 15:55:53,346:INFO:[LightGBM] [Warning] No further splits with positive gain, best gain: -inf
2026-04-22 15:55:53,349:INFO:[LightGBM] [Warning] No further splits with positive gain, best gain: -inf
2026-04-22 15:55:53,351:INFO:[LightGBM] [Warning] No further splits with positive gain, best gain: -inf
2026-04-22 15:55:53,360:INFO:[LightGBM] [Warning] No further splits with positive gain, best gain: -inf
2026-04-22 15:55:53,362:INFO:[LightGBM] [Warning] No further splits with positive gain, best gain: -inf
2026-04-22 15:55:53,364:INFO:[LightGBM] [Warning] No further splits with positive gain, best gain: -inf
2026-04-22 15:55:53,370:INFO:[LightGBM] [Warning] No further splits with positive gain, best gain: -inf
2026-04-22 15:55:53,372:INFO:[LightGBM] [Warning] No further splits with positive gain, best gain: -inf
2026-04-22 15:55:53,374:INFO:[LightGBM] [Warning] No further splits with positive gain, best gain: -inf
2026-04-22 15:55:53,376:INFO:[LightGBM] [Warning] No further splits with positive gain, best gain: -inf
2026-04-22 15:55:53,379:INFO:[LightGBM] [Warning] No further splits with positive gain, best gain: -inf
2026-04-22 15:55:53,382:INFO:[LightGBM] [Warning] No further splits with positive gain, best gain: -inf
2026-04-22 15:55:53,384:INFO:[LightGBM] [Warning] No further splits with positive gain, best gain: -inf
2026-04-22 15:55:53,387:INFO:[LightGBM] [Warning] No further splits with positive gain, best gain: -inf
2026-04-22 15:55:53,390:INFO:[LightGBM] [Warning] No further splits with positive gain, best gain: -inf
2026-04-22 15:55:53,392:INFO:[LightGBM] [Warning] No further splits with positive gain, best gain: -inf
2026-04-22 15:55:53,400:INFO:[LightGBM] [Warning] No further splits with positive gain, best gain: -inf
2026-04-22 15:55:53,404:INFO:[LightGBM] [Warning] No further splits with positive gain, best gain: -inf
2026-04-22 15:55:53,406:INFO:[LightGBM] [Warning] No further splits with positive gain, best gain: -inf
2026-04-22 15:55:53,409:INFO:[LightGBM] [Warning] No further splits with positive gain, best gain: -inf
2026-04-22 15:55:53,411:INFO:[LightGBM] [Warning] No further splits with positive gain, best gain: -inf
2026-04-22 15:55:53,413:INFO:[LightGBM] [Warning] No further splits with positive gain, best gain: -inf
2026-04-22 15:55:53,416:INFO:[LightGBM] [Warning] No further splits with positive gain, best gain: -inf
2026-04-22 15:55:53,419:INFO:[LightGBM] [Warning] No further splits with positive gain, best gain: -inf
2026-04-22 15:55:53,421:INFO:[LightGBM] [Warning] No further splits with positive gain, best gain: -inf
2026-04-22 15:55:53,425:INFO:[LightGBM] [Warning] No further splits with positive gain, best gain: -inf
2026-04-22 15:55:53,429:INFO:[LightGBM] [Warning] No further splits with positive gain, best gain: -inf
2026-04-22 15:55:53,432:INFO:[LightGBM] [Warning] No further splits with positive gain, best gain: -inf
2026-04-22 15:55:53,435:INFO:[LightGBM] [Warning] No further splits with positive gain, best gain: -inf
2026-04-22 15:55:53,438:INFO:[LightGBM] [Warning] No further splits with positive gain, best gain: -inf
2026-04-22 15:55:53,441:INFO:[LightGBM] [Warning] No further splits with positive gain, best gain: -inf
2026-04-22 15:55:53,443:INFO:[LightGBM] [Warning] No further splits with positive gain, best gain: -inf
2026-04-22 15:55:53,446:INFO:[LightGBM] [Warning] No further splits with positive gain, best gain: -inf
2026-04-22 15:55:53,448:INFO:[LightGBM] [Warning] No further splits with positive gain, best gain: -inf
2026-04-22 15:55:53,450:INFO:[LightGBM] [Warning] No further splits with positive gain, best gain: -inf
2026-04-22 15:55:53,455:INFO:[LightGBM] [Warning] No further splits with positive gain, best gain: -inf
2026-04-22 15:55:53,457:INFO:[LightGBM] [Warning] No further splits with positive gain, best gain: -inf
2026-04-22 15:55:53,460:INFO:[LightGBM] [Warning] No further splits with positive gain, best gain: -inf
2026-04-22 15:55:53,462:INFO:[LightGBM] [Warning] No further splits with positive gain, best gain: -inf
2026-04-22 15:55:53,465:INFO:[LightGBM] [Warning] No further splits with positive gain, best gain: -inf
2026-04-22 15:55:53,468:INFO:[LightGBM] [Warning] No further splits with positive gain, best gain: -inf
2026-04-22 15:55:53,470:INFO:[LightGBM] [Warning] No further splits with positive gain, best gain: -inf
2026-04-22 15:55:53,473:INFO:[LightGBM] [Warning] No further splits with positive gain, best gain: -inf
2026-04-22 15:55:53,475:INFO:[LightGBM] [Warning] No further splits with positive gain, best gain: -inf
2026-04-22 15:55:53,477:INFO:[LightGBM] [Warning] No further splits with positive gain, best gain: -inf
2026-04-22 15:55:53,480:INFO:[LightGBM] [Warning] No further splits with positive gain, best gain: -inf
2026-04-22 15:55:53,482:INFO:[LightGBM] [Warning] No further splits with positive gain, best gain: -inf
2026-04-22 15:55:53,485:INFO:[LightGBM] [Warning] No further splits with positive gain, best gain: -inf
2026-04-22 15:55:53,487:INFO:[LightGBM] [Warning] No further splits with positive gain, best gain: -inf
2026-04-22 15:55:53,489:INFO:[LightGBM] [Warning] No further splits with positive gain, best gain: -inf
2026-04-22 15:55:53,492:INFO:[LightGBM] [Warning] No further splits with positive gain, best gain: -inf
2026-04-22 15:55:53,494:INFO:[LightGBM] [Warning] No further splits with positive gain, best gain: -inf
2026-04-22 15:55:53,497:INFO:[LightGBM] [Warning] No further splits with positive gain, best gain: -inf
2026-04-22 15:55:53,500:INFO:[LightGBM] [Warning] No further splits with positive gain, best gain: -inf
2026-04-22 15:55:53,502:INFO:[LightGBM] [Warning] No further splits with positive gain, best gain: -inf
2026-04-22 15:55:53,504:INFO:[LightGBM] [Warning] No further splits with positive gain, best gain: -inf
2026-04-22 15:55:53,507:INFO:[LightGBM] [Warning] No further splits with positive gain, best gain: -inf
2026-04-22 15:55:53,509:INFO:[LightGBM] [Warning] No further splits with positive gain, best gain: -inf
2026-04-22 15:55:53,512:INFO:[LightGBM] [Warning] No further splits with positive gain, best gain: -inf
2026-04-22 15:55:53,517:INFO:[LightGBM] [Warning] No further splits with positive gain, best gain: -inf
2026-04-22 15:55:53,523:INFO:[LightGBM] [Warning] No further splits with positive gain, best gain: -inf
2026-04-22 15:55:53,530:INFO:[LightGBM] [Warning] No further splits with positive gain, best gain: -inf
2026-04-22 15:55:53,533:INFO:[LightGBM] [Warning] No further splits with positive gain, best gain: -inf
2026-04-22 15:55:53,536:INFO:[LightGBM] [Warning] No further splits with positive gain, best gain: -inf
2026-04-22 15:55:53,539:INFO:[LightGBM] [Warning] No further splits with positive gain, best gain: -inf
2026-04-22 15:55:53,542:INFO:[LightGBM] [Warning] No further splits with positive gain, best gain: -inf
2026-04-22 15:55:53,545:INFO:[LightGBM] [Warning] No further splits with positive gain, best gain: -inf
2026-04-22 15:55:53,547:INFO:[LightGBM] [Warning] No further splits with positive gain, best gain: -inf
2026-04-22 15:55:53,551:INFO:[LightGBM] [Warning] No further splits with positive gain, best gain: -inf
2026-04-22 15:55:53,553:INFO:[LightGBM] [Warning] No further splits with positive gain, best gain: -inf
2026-04-22 15:55:53,555:INFO:[LightGBM] [Warning] No further splits with positive gain, best gain: -inf
2026-04-22 15:55:53,558:INFO:[LightGBM] [Warning] No further splits with positive gain, best gain: -inf
2026-04-22 15:55:53,560:INFO:[LightGBM] [Warning] No further splits with positive gain, best gain: -inf
2026-04-22 15:55:53,562:INFO:[LightGBM] [Warning] No further splits with positive gain, best gain: -inf
2026-04-22 15:55:53,565:INFO:[LightGBM] [Warning] No further splits with positive gain, best gain: -inf
2026-04-22 15:55:53,566:INFO:[LightGBM] [Warning] No further splits with positive gain, best gain: -inf
2026-04-22 15:55:53,568:INFO:[LightGBM] [Warning] No further splits with positive gain, best gain: -inf
2026-04-22 15:55:53,571:INFO:[LightGBM] [Warning] No further splits with positive gain, best gain: -inf
2026-04-22 15:55:53,573:INFO:[LightGBM] [Warning] No further splits with positive gain, best gain: -inf
2026-04-22 15:55:53,578:INFO:[LightGBM] [Warning] No further splits with positive gain, best gain: -inf
2026-04-22 15:55:53,581:INFO:[LightGBM] [Warning] No further splits with positive gain, best gain: -inf
2026-04-22 15:55:53,583:INFO:[LightGBM] [Warning] No further splits with positive gain, best gain: -inf
2026-04-22 15:55:53,586:INFO:[LightGBM] [Warning] No further splits with positive gain, best gain: -inf
2026-04-22 15:55:53,588:INFO:[LightGBM] [Warning] No further splits with positive gain, best gain: -inf
2026-04-22 15:55:53,591:INFO:[LightGBM] [Warning] No further splits with positive gain, best gain: -inf
2026-04-22 15:55:53,593:INFO:[LightGBM] [Warning] No further splits with positive gain, best gain: -inf
2026-04-22 15:55:53,596:INFO:[LightGBM] [Warning] No further splits with positive gain, best gain: -inf
2026-04-22 15:55:53,598:INFO:[LightGBM] [Warning] No further splits with positive gain, best gain: -inf
2026-04-22 15:55:53,600:INFO:[LightGBM] [Warning] No further splits with positive gain, best gain: -inf
2026-04-22 15:55:53,602:INFO:[LightGBM] [Warning] No further splits with positive gain, best gain: -inf
2026-04-22 15:55:53,604:INFO:[LightGBM] [Warning] No further splits with positive gain, best gain: -inf
2026-04-22 15:55:53,610:INFO:[LightGBM] [Warning] No further splits with positive gain, best gain: -inf
2026-04-22 15:55:53,613:INFO:[LightGBM] [Warning] No further splits with positive gain, best gain: -inf
2026-04-22 15:55:53,615:INFO:[LightGBM] [Warning] No further splits with positive gain, best gain: -inf
2026-04-22 15:55:53,618:INFO:[LightGBM] [Warning] No further splits with positive gain, best gain: -inf
2026-04-22 15:55:53,620:INFO:[LightGBM] [Warning] No further splits with positive gain, best gain: -inf
2026-04-22 15:55:53,622:INFO:[LightGBM] [Warning] No further splits with positive gain, best gain: -inf
2026-04-22 15:55:53,625:INFO:[LightGBM] [Warning] No further splits with positive gain, best gain: -inf
2026-04-22 15:55:53,627:INFO:[LightGBM] [Warning] No further splits with positive gain, best gain: -inf
2026-04-22 15:55:53,630:INFO:[LightGBM] [Warning] No further splits with positive gain, best gain: -inf
2026-04-22 15:55:53,632:INFO:[LightGBM] [Warning] No further splits with positive gain, best gain: -inf
2026-04-22 15:55:53,635:INFO:[LightGBM] [Warning] No further splits with positive gain, best gain: -inf
2026-04-22 15:55:53,641:INFO:[LightGBM] [Warning] No further splits with positive gain, best gain: -inf
2026-04-22 15:55:53,644:INFO:[LightGBM] [Warning] No further splits with positive gain, best gain: -inf
2026-04-22 15:55:53,647:INFO:[LightGBM] [Warning] No further splits with positive gain, best gain: -inf
2026-04-22 15:55:53,648:INFO:[LightGBM] [Warning] No further splits with positive gain, best gain: -inf
2026-04-22 15:55:53,655:INFO:[LightGBM] [Warning] No further splits with positive gain, best gain: -inf
2026-04-22 15:55:53,658:INFO:[LightGBM] [Warning] No further splits with positive gain, best gain: -inf
2026-04-22 15:55:53,660:INFO:[LightGBM] [Warning] No further splits with positive gain, best gain: -inf
2026-04-22 15:55:53,667:INFO:[LightGBM] [Warning] No further splits with positive gain, best gain: -inf
2026-04-22 15:55:53,671:INFO:[LightGBM] [Warning] No further splits with positive gain, best gain: -inf
2026-04-22 15:55:53,675:INFO:[LightGBM] [Warning] No further splits with positive gain, best gain: -inf
2026-04-22 15:55:53,678:INFO:[LightGBM] [Warning] No further splits with positive gain, best gain: -inf
2026-04-22 15:55:53,681:INFO:[LightGBM] [Warning] No further splits with positive gain, best gain: -inf
2026-04-22 15:55:53,683:INFO:[LightGBM] [Warning] No further splits with positive gain, best gain: -inf
2026-04-22 15:55:53,685:INFO:[LightGBM] [Warning] No further splits with positive gain, best gain: -inf
2026-04-22 15:55:53,690:INFO:[LightGBM] [Warning] No further splits with positive gain, best gain: -inf
2026-04-22 15:55:53,692:INFO:[LightGBM] [Warning] No further splits with positive gain, best gain: -inf
2026-04-22 15:55:53,694:INFO:[LightGBM] [Warning] No further splits with positive gain, best gain: -inf
2026-04-22 15:55:53,696:INFO:[LightGBM] [Warning] No further splits with positive gain, best gain: -inf
2026-04-22 15:55:53,699:INFO:[LightGBM] [Warning] No further splits with positive gain, best gain: -inf
2026-04-22 15:55:53,702:INFO:[LightGBM] [Warning] No further splits with positive gain, best gain: -inf
2026-04-22 15:55:53,704:INFO:[LightGBM] [Warning] No further splits with positive gain, best gain: -inf
2026-04-22 15:55:53,706:INFO:[LightGBM] [Warning] No further splits with positive gain, best gain: -inf
2026-04-22 15:55:53,708:INFO:[LightGBM] [Warning] No further splits with positive gain, best gain: -inf
2026-04-22 15:55:53,710:INFO:[LightGBM] [Warning] No further splits with positive gain, best gain: -inf
2026-04-22 15:55:53,712:INFO:[LightGBM] [Warning] No further splits with positive gain, best gain: -inf
2026-04-22 15:55:53,715:INFO:[LightGBM] [Warning] No further splits with positive gain, best gain: -inf
2026-04-22 15:55:53,716:INFO:[LightGBM] [Warning] No further splits with positive gain, best gain: -inf
2026-04-22 15:55:53,719:INFO:[LightGBM] [Warning] No further splits with positive gain, best gain: -inf
2026-04-22 15:55:53,721:INFO:[LightGBM] [Warning] No further splits with positive gain, best gain: -inf
2026-04-22 15:55:53,723:INFO:[LightGBM] [Warning] No further splits with positive gain, best gain: -inf
2026-04-22 15:55:53,725:INFO:[LightGBM] [Warning] No further splits with positive gain, best gain: -inf
2026-04-22 15:55:53,735:INFO:[LightGBM] [Warning] No further splits with positive gain, best gain: -inf
2026-04-22 15:55:53,742:INFO:[LightGBM] [Warning] No further splits with positive gain, best gain: -inf
2026-04-22 15:55:53,744:INFO:[LightGBM] [Warning] No further splits with positive gain, best gain: -inf
2026-04-22 15:55:53,747:INFO:[LightGBM] [Warning] No further splits with positive gain, best gain: -inf
2026-04-22 15:55:53,749:INFO:[LightGBM] [Warning] No further splits with positive gain, best gain: -inf
2026-04-22 15:55:53,755:INFO:[LightGBM] [Warning] No further splits with positive gain, best gain: -inf
2026-04-22 15:55:53,761:INFO:[LightGBM] [Warning] No further splits with positive gain, best gain: -inf
2026-04-22 15:55:53,763:INFO:[LightGBM] [Warning] No further splits with positive gain, best gain: -inf
2026-04-22 15:55:53,764:INFO:[LightGBM] [Warning] No further splits with positive gain, best gain: -inf
2026-04-22 15:55:53,769:INFO:[LightGBM] [Warning] No further splits with positive gain, best gain: -inf
2026-04-22 15:55:53,771:INFO:[LightGBM] [Warning] No further splits with positive gain, best gain: -inf
2026-04-22 15:55:53,774:INFO:[LightGBM] [Warning] No further splits with positive gain, best gain: -inf
2026-04-22 15:55:53,776:INFO:[LightGBM] [Warning] No further splits with positive gain, best gain: -inf
2026-04-22 15:55:53,781:INFO:[LightGBM] [Warning] No further splits with positive gain, best gain: -inf
2026-04-22 15:55:53,784:INFO:[LightGBM] [Warning] No further splits with positive gain, best gain: -inf
2026-04-22 15:55:53,786:INFO:[LightGBM] [Warning] No further splits with positive gain, best gain: -inf
2026-04-22 15:55:53,788:INFO:[LightGBM] [Warning] No further splits with positive gain, best gain: -inf
2026-04-22 15:55:53,791:INFO:[LightGBM] [Warning] No further splits with positive gain, best gain: -inf
2026-04-22 15:55:53,792:INFO:[LightGBM] [Warning] No further splits with positive gain, best gain: -inf
2026-04-22 15:55:53,795:INFO:[LightGBM] [Warning] No further splits with positive gain, best gain: -inf
2026-04-22 15:55:53,797:INFO:[LightGBM] [Warning] No further splits with positive gain, best gain: -inf
2026-04-22 15:55:53,799:INFO:[LightGBM] [Warning] No further splits with positive gain, best gain: -inf
2026-04-22 15:55:53,807:INFO:[LightGBM] [Warning] No further splits with positive gain, best gain: -inf
2026-04-22 15:55:53,809:INFO:[LightGBM] [Warning] No further splits with positive gain, best gain: -inf
2026-04-22 15:55:53,812:INFO:[LightGBM] [Warning] No further splits with positive gain, best gain: -inf
2026-04-22 15:55:53,815:INFO:[LightGBM] [Warning] No further splits with positive gain, best gain: -inf
2026-04-22 15:55:53,818:INFO:[LightGBM] [Warning] No further splits with positive gain, best gain: -inf
2026-04-22 15:55:53,822:INFO:[LightGBM] [Warning] No further splits with positive gain, best gain: -inf
2026-04-22 15:55:53,823:INFO:[LightGBM] [Warning] No further splits with positive gain, best gain: -inf
2026-04-22 15:55:53,826:INFO:[LightGBM] [Warning] No further splits with positive gain, best gain: -inf
2026-04-22 15:55:53,829:INFO:[LightGBM] [Warning] No further splits with positive gain, best gain: -inf
2026-04-22 15:55:53,831:INFO:[LightGBM] [Warning] No further splits with positive gain, best gain: -inf
2026-04-22 15:55:53,834:INFO:[LightGBM] [Warning] No further splits with positive gain, best gain: -inf
2026-04-22 15:55:53,835:INFO:[LightGBM] [Warning] No further splits with positive gain, best gain: -inf
2026-04-22 15:55:53,839:INFO:[LightGBM] [Warning] No further splits with positive gain, best gain: -inf
2026-04-22 15:55:53,842:INFO:[LightGBM] [Warning] No further splits with positive gain, best gain: -inf
2026-04-22 15:55:53,844:INFO:[LightGBM] [Warning] No further splits with positive gain, best gain: -inf
2026-04-22 15:55:53,846:INFO:[LightGBM] [Warning] No further splits with positive gain, best gain: -inf
2026-04-22 15:55:53,849:INFO:[LightGBM] [Warning] No further splits with positive gain, best gain: -inf
2026-04-22 15:55:53,850:INFO:[LightGBM] [Warning] No further splits with positive gain, best gain: -inf
2026-04-22 15:55:53,852:INFO:[LightGBM] [Warning] No further splits with positive gain, best gain: -inf
2026-04-22 15:55:53,855:INFO:[LightGBM] [Warning] No further splits with positive gain, best gain: -inf
2026-04-22 15:55:53,856:INFO:[LightGBM] [Warning] No further splits with positive gain, best gain: -inf
2026-04-22 15:55:53,858:INFO:[LightGBM] [Warning] No further splits with positive gain, best gain: -inf
2026-04-22 15:55:53,860:INFO:[LightGBM] [Warning] No further splits with positive gain, best gain: -inf
2026-04-22 15:55:53,863:INFO:[LightGBM] [Warning] No further splits with positive gain, best gain: -inf
2026-04-22 15:55:53,865:INFO:[LightGBM] [Warning] No further splits with positive gain, best gain: -inf
2026-04-22 15:55:53,867:INFO:[LightGBM] [Warning] No further splits with positive gain, best gain: -inf
2026-04-22 15:55:53,870:INFO:[LightGBM] [Warning] No further splits with positive gain, best gain: -inf
2026-04-22 15:55:53,873:INFO:[LightGBM] [Warning] No further splits with positive gain, best gain: -inf
2026-04-22 15:55:53,873:INFO:[LightGBM] [Warning] No further splits with positive gain, best gain: -inf
2026-04-22 15:55:53,876:INFO:[LightGBM] [Warning] No further splits with positive gain, best gain: -inf
2026-04-22 15:55:53,878:INFO:[LightGBM] [Warning] No further splits with positive gain, best gain: -inf
2026-04-22 15:55:53,881:INFO:[LightGBM] [Warning] No further splits with positive gain, best gain: -inf
2026-04-22 15:55:53,883:INFO:[LightGBM] [Warning] No further splits with positive gain, best gain: -inf
2026-04-22 15:55:53,885:INFO:[LightGBM] [Warning] No further splits with positive gain, best gain: -inf
2026-04-22 15:55:53,890:INFO:[LightGBM] [Warning] No further splits with positive gain, best gain: -inf
2026-04-22 15:55:53,892:INFO:[LightGBM] [Warning] No further splits with positive gain, best gain: -inf
2026-04-22 15:55:53,895:INFO:[LightGBM] [Warning] No further splits with positive gain, best gain: -inf
2026-04-22 15:55:53,897:INFO:[LightGBM] [Warning] No further splits with positive gain, best gain: -inf
2026-04-22 15:55:53,898:INFO:[LightGBM] [Warning] No further splits with positive gain, best gain: -inf
2026-04-22 15:55:53,900:INFO:[LightGBM] [Warning] No further splits with positive gain, best gain: -inf
2026-04-22 15:55:53,902:INFO:[LightGBM] [Warning] No further splits with positive gain, best gain: -inf
2026-04-22 15:55:53,903:INFO:[LightGBM] [Warning] No further splits with positive gain, best gain: -inf
2026-04-22 15:55:53,908:INFO:[LightGBM] [Warning] No further splits with positive gain, best gain: -inf
2026-04-22 15:55:53,909:INFO:[LightGBM] [Warning] No further splits with positive gain, best gain: -inf
2026-04-22 15:55:53,912:INFO:[LightGBM] [Warning] No further splits with positive gain, best gain: -inf
2026-04-22 15:55:53,914:INFO:[LightGBM] [Warning] No further splits with positive gain, best gain: -inf
2026-04-22 15:55:53,916:INFO:[LightGBM] [Warning] No further splits with positive gain, best gain: -inf
2026-04-22 15:55:53,919:INFO:[LightGBM] [Warning] No further splits with positive gain, best gain: -inf
2026-04-22 15:55:53,921:INFO:[LightGBM] [Warning] No further splits with positive gain, best gain: -inf
2026-04-22 15:55:53,923:INFO:[LightGBM] [Warning] No further splits with positive gain, best gain: -inf
2026-04-22 15:55:53,926:INFO:[LightGBM] [Warning] No further splits with positive gain, best gain: -inf
2026-04-22 15:55:53,928:INFO:[LightGBM] [Warning] No further splits with positive gain, best gain: -inf
2026-04-22 15:55:53,929:INFO:[LightGBM] [Warning] No further splits with positive gain, best gain: -inf
2026-04-22 15:55:53,931:INFO:[LightGBM] [Warning] No further splits with positive gain, best gain: -inf
2026-04-22 15:55:53,933:INFO:[LightGBM] [Warning] No further splits with positive gain, best gain: -inf
2026-04-22 15:55:53,935:INFO:[LightGBM] [Warning] No further splits with positive gain, best gain: -inf
2026-04-22 15:55:53,939:INFO:[LightGBM] [Warning] No further splits with positive gain, best gain: -inf
2026-04-22 15:55:53,941:INFO:[LightGBM] [Warning] No further splits with positive gain, best gain: -inf
2026-04-22 15:55:53,943:INFO:[LightGBM] [Warning] No further splits with positive gain, best gain: -inf
2026-04-22 15:55:53,946:INFO:[LightGBM] [Warning] No further splits with positive gain, best gain: -inf
2026-04-22 15:55:53,946:INFO:[LightGBM] [Warning] No further splits with positive gain, best gain: -inf
2026-04-22 15:55:53,948:INFO:[LightGBM] [Warning] No further splits with positive gain, best gain: -inf
2026-04-22 15:55:53,950:INFO:[LightGBM] [Warning] No further splits with positive gain, best gain: -inf
2026-04-22 15:55:53,952:INFO:[LightGBM] [Warning] No further splits with positive gain, best gain: -inf
2026-04-22 15:55:53,954:INFO:[LightGBM] [Warning] No further splits with positive gain, best gain: -inf
2026-04-22 15:55:53,956:INFO:[LightGBM] [Warning] No further splits with positive gain, best gain: -inf
2026-04-22 15:55:53,958:INFO:[LightGBM] [Warning] No further splits with positive gain, best gain: -inf
2026-04-22 15:55:53,961:INFO:[LightGBM] [Warning] No further splits with positive gain, best gain: -inf
2026-04-22 15:55:53,963:INFO:[LightGBM] [Warning] No further splits with positive gain, best gain: -inf
2026-04-22 15:55:53,965:INFO:[LightGBM] [Warning] No further splits with positive gain, best gain: -inf
2026-04-22 15:55:53,967:INFO:[LightGBM] [Warning] No further splits with positive gain, best gain: -inf
2026-04-22 15:55:53,968:INFO:[LightGBM] [Warning] No further splits with positive gain, best gain: -inf
2026-04-22 15:55:53,970:INFO:[LightGBM] [Warning] No further splits with positive gain, best gain: -inf
2026-04-22 15:55:53,972:INFO:[LightGBM] [Warning] No further splits with positive gain, best gain: -inf
2026-04-22 15:55:53,973:INFO:[LightGBM] [Warning] No further splits with positive gain, best gain: -inf
2026-04-22 15:55:53,976:INFO:[LightGBM] [Warning] No further splits with positive gain, best gain: -inf
2026-04-22 15:55:53,978:INFO:[LightGBM] [Warning] No further splits with positive gain, best gain: -inf
2026-04-22 15:55:53,980:INFO:[LightGBM] [Warning] No further splits with positive gain, best gain: -inf
2026-04-22 15:55:53,983:INFO:[LightGBM] [Warning] No further splits with positive gain, best gain: -inf
2026-04-22 15:55:53,985:INFO:[LightGBM] [Warning] No further splits with positive gain, best gain: -inf
2026-04-22 15:55:53,987:INFO:[LightGBM] [Warning] No further splits with positive gain, best gain: -inf
2026-04-22 15:55:53,989:INFO:[LightGBM] [Warning] No further splits with positive gain, best gain: -inf
2026-04-22 15:55:53,990:INFO:[LightGBM] [Warning] No further splits with positive gain, best gain: -inf
2026-04-22 15:55:53,992:INFO:[LightGBM] [Warning] No further splits with positive gain, best gain: -inf
2026-04-22 15:55:53,994:INFO:[LightGBM] [Warning] No further splits with positive gain, best gain: -inf
2026-04-22 15:55:53,995:INFO:[LightGBM] [Warning] No further splits with positive gain, best gain: -inf
2026-04-22 15:55:53,998:INFO:[LightGBM] [Warning] No further splits with positive gain, best gain: -inf
2026-04-22 15:55:53,999:INFO:[LightGBM] [Warning] No further splits with positive gain, best gain: -inf
2026-04-22 15:55:54,002:INFO:[LightGBM] [Warning] No further splits with positive gain, best gain: -inf
2026-04-22 15:55:54,004:INFO:[LightGBM] [Warning] No further splits with positive gain, best gain: -inf
2026-04-22 15:55:54,006:INFO:[LightGBM] [Warning] No further splits with positive gain, best gain: -inf
2026-04-22 15:55:54,009:INFO:[LightGBM] [Warning] No further splits with positive gain, best gain: -inf
2026-04-22 15:55:54,011:INFO:[LightGBM] [Warning] No further splits with positive gain, best gain: -inf
2026-04-22 15:55:54,011:INFO:[LightGBM] [Warning] No further splits with positive gain, best gain: -inf
2026-04-22 15:55:54,013:INFO:[LightGBM] [Warning] No further splits with positive gain, best gain: -inf
2026-04-22 15:55:54,016:INFO:[LightGBM] [Warning] No further splits with positive gain, best gain: -inf
2026-04-22 15:55:54,017:INFO:[LightGBM] [Warning] No further splits with positive gain, best gain: -inf
2026-04-22 15:55:54,019:INFO:[LightGBM] [Warning] No further splits with positive gain, best gain: -inf
2026-04-22 15:55:54,021:INFO:[LightGBM] [Warning] No further splits with positive gain, best gain: -inf
2026-04-22 15:55:54,023:INFO:[LightGBM] [Warning] No further splits with positive gain, best gain: -inf
2026-04-22 15:55:54,025:INFO:[LightGBM] [Warning] No further splits with positive gain, best gain: -inf
2026-04-22 15:55:54,026:INFO:[LightGBM] [Warning] No further splits with positive gain, best gain: -inf
2026-04-22 15:55:54,029:INFO:[LightGBM] [Warning] No further splits with positive gain, best gain: -inf
2026-04-22 15:55:54,031:INFO:[LightGBM] [Warning] No further splits with positive gain, best gain: -inf
2026-04-22 15:55:54,033:INFO:[LightGBM] [Warning] No further splits with positive gain, best gain: -inf
2026-04-22 15:55:54,035:INFO:[LightGBM] [Warning] No further splits with positive gain, best gain: -inf
2026-04-22 15:55:54,036:INFO:[LightGBM] [Warning] No further splits with positive gain, best gain: -inf
2026-04-22 15:55:54,043:INFO:[LightGBM] [Warning] No further splits with positive gain, best gain: -inf
2026-04-22 15:55:54,045:INFO:[LightGBM] [Warning] No further splits with positive gain, best gain: -inf
2026-04-22 15:55:54,047:INFO:[LightGBM] [Warning] No further splits with positive gain, best gain: -inf
2026-04-22 15:55:54,050:INFO:[LightGBM] [Warning] No further splits with positive gain, best gain: -inf
2026-04-22 15:55:54,053:INFO:[LightGBM] [Warning] No further splits with positive gain, best gain: -inf
2026-04-22 15:55:54,055:INFO:[LightGBM] [Warning] No further splits with positive gain, best gain: -inf
2026-04-22 15:55:54,057:INFO:[LightGBM] [Warning] No further splits with positive gain, best gain: -inf
2026-04-22 15:55:54,060:INFO:[LightGBM] [Warning] No further splits with positive gain, best gain: -inf
2026-04-22 15:55:54,060:INFO:[LightGBM] [Warning] No further splits with positive gain, best gain: -inf
2026-04-22 15:55:54,063:INFO:[LightGBM] [Warning] No further splits with positive gain, best gain: -inf
2026-04-22 15:55:54,065:INFO:[LightGBM] [Warning] No further splits with positive gain, best gain: -inf
2026-04-22 15:55:54,066:INFO:[LightGBM] [Warning] No further splits with positive gain, best gain: -inf
2026-04-22 15:55:54,068:INFO:[LightGBM] [Warning] No further splits with positive gain, best gain: -inf
2026-04-22 15:55:54,069:INFO:[LightGBM] [Warning] No further splits with positive gain, best gain: -inf
2026-04-22 15:55:54,071:INFO:[LightGBM] [Warning] No further splits with positive gain, best gain: -inf
2026-04-22 15:55:54,074:INFO:[LightGBM] [Warning] No further splits with positive gain, best gain: -inf
2026-04-22 15:55:54,075:INFO:[LightGBM] [Warning] No further splits with positive gain, best gain: -inf
2026-04-22 15:55:54,077:INFO:[LightGBM] [Warning] No further splits with positive gain, best gain: -inf
2026-04-22 15:55:54,079:INFO:[LightGBM] [Warning] No further splits with positive gain, best gain: -inf
2026-04-22 15:55:54,080:INFO:[LightGBM] [Warning] No further splits with positive gain, best gain: -inf
2026-04-22 15:55:54,082:INFO:[LightGBM] [Warning] No further splits with positive gain, best gain: -inf
2026-04-22 15:55:54,083:INFO:[LightGBM] [Warning] No further splits with positive gain, best gain: -inf
2026-04-22 15:55:54,085:INFO:[LightGBM] [Warning] No further splits with positive gain, best gain: -inf
2026-04-22 15:55:54,087:INFO:[LightGBM] [Warning] No further splits with positive gain, best gain: -inf
2026-04-22 15:55:54,088:INFO:[LightGBM] [Warning] No further splits with positive gain, best gain: -inf
2026-04-22 15:55:54,090:INFO:[LightGBM] [Warning] No further splits with positive gain, best gain: -inf
2026-04-22 15:55:54,093:INFO:[LightGBM] [Warning] No further splits with positive gain, best gain: -inf
2026-04-22 15:55:54,094:INFO:[LightGBM] [Warning] No further splits with positive gain, best gain: -inf
2026-04-22 15:55:54,096:INFO:[LightGBM] [Warning] No further splits with positive gain, best gain: -inf
2026-04-22 15:55:54,097:INFO:[LightGBM] [Warning] No further splits with positive gain, best gain: -inf
2026-04-22 15:55:54,098:INFO:[LightGBM] [Warning] No further splits with positive gain, best gain: -inf
2026-04-22 15:55:54,099:INFO:[LightGBM] [Warning] No further splits with positive gain, best gain: -inf
2026-04-22 15:55:54,101:INFO:[LightGBM] [Warning] No further splits with positive gain, best gain: -inf
2026-04-22 15:55:54,102:INFO:[LightGBM] [Warning] No further splits with positive gain, best gain: -inf
2026-04-22 15:55:54,104:INFO:[LightGBM] [Warning] No further splits with positive gain, best gain: -inf
2026-04-22 15:55:54,105:INFO:[LightGBM] [Warning] No further splits with positive gain, best gain: -inf
2026-04-22 15:55:54,107:INFO:[LightGBM] [Warning] No further splits with positive gain, best gain: -inf
2026-04-22 15:55:54,109:INFO:[LightGBM] [Warning] No further splits with positive gain, best gain: -inf
2026-04-22 15:55:54,111:INFO:[LightGBM] [Warning] No further splits with positive gain, best gain: -inf
2026-04-22 15:55:54,112:INFO:[LightGBM] [Warning] No further splits with positive gain, best gain: -inf
2026-04-22 15:55:54,114:INFO:[LightGBM] [Warning] No further splits with positive gain, best gain: -inf
2026-04-22 15:55:54,115:INFO:[LightGBM] [Warning] No further splits with positive gain, best gain: -inf
2026-04-22 15:55:54,116:INFO:[LightGBM] [Warning] No further splits with positive gain, best gain: -inf
2026-04-22 15:55:54,118:INFO:[LightGBM] [Warning] No further splits with positive gain, best gain: -inf
2026-04-22 15:55:54,119:INFO:[LightGBM] [Warning] No further splits with positive gain, best gain: -inf
2026-04-22 15:55:54,121:INFO:[LightGBM] [Warning] No further splits with positive gain, best gain: -inf
2026-04-22 15:55:54,122:INFO:[LightGBM] [Warning] No further splits with positive gain, best gain: -inf
2026-04-22 15:55:54,124:INFO:[LightGBM] [Warning] No further splits with positive gain, best gain: -inf
2026-04-22 15:55:54,126:INFO:[LightGBM] [Warning] No further splits with positive gain, best gain: -inf
2026-04-22 15:55:54,127:INFO:[LightGBM] [Warning] No further splits with positive gain, best gain: -inf
2026-04-22 15:55:54,130:INFO:[LightGBM] [Warning] No further splits with positive gain, best gain: -inf
2026-04-22 15:55:54,132:INFO:[LightGBM] [Warning] No further splits with positive gain, best gain: -inf
2026-04-22 15:55:54,132:INFO:[LightGBM] [Warning] No further splits with positive gain, best gain: -inf
2026-04-22 15:55:54,133:INFO:[LightGBM] [Warning] No further splits with positive gain, best gain: -inf
2026-04-22 15:55:54,135:INFO:[LightGBM] [Warning] No further splits with positive gain, best gain: -inf
2026-04-22 15:55:54,136:INFO:[LightGBM] [Warning] No further splits with positive gain, best gain: -inf
2026-04-22 15:55:54,138:INFO:[LightGBM] [Warning] No further splits with positive gain, best gain: -inf
2026-04-22 15:55:54,140:INFO:[LightGBM] [Warning] No further splits with positive gain, best gain: -inf
2026-04-22 15:55:54,142:INFO:[LightGBM] [Warning] No further splits with positive gain, best gain: -inf
2026-04-22 15:55:54,144:INFO:[LightGBM] [Warning] No further splits with positive gain, best gain: -inf
2026-04-22 15:55:54,145:INFO:[LightGBM] [Warning] No further splits with positive gain, best gain: -inf
2026-04-22 15:55:54,148:INFO:[LightGBM] [Warning] No further splits with positive gain, best gain: -inf
2026-04-22 15:55:54,149:INFO:[LightGBM] [Warning] No further splits with positive gain, best gain: -inf
2026-04-22 15:55:54,150:INFO:[LightGBM] [Warning] No further splits with positive gain, best gain: -inf
2026-04-22 15:55:54,151:INFO:[LightGBM] [Warning] No further splits with positive gain, best gain: -inf
2026-04-22 15:55:54,153:INFO:[LightGBM] [Warning] No further splits with positive gain, best gain: -inf
2026-04-22 15:55:54,154:INFO:[LightGBM] [Warning] No further splits with positive gain, best gain: -inf
2026-04-22 15:55:54,155:INFO:[LightGBM] [Warning] No further splits with positive gain, best gain: -inf
2026-04-22 15:55:54,157:INFO:[LightGBM] [Warning] No further splits with positive gain, best gain: -inf
2026-04-22 15:55:54,160:INFO:[LightGBM] [Warning] No further splits with positive gain, best gain: -inf
2026-04-22 15:55:54,166:INFO:[LightGBM] [Warning] No further splits with positive gain, best gain: -inf
2026-04-22 15:55:54,169:INFO:[LightGBM] [Warning] No further splits with positive gain, best gain: -inf
2026-04-22 15:55:54,171:INFO:[LightGBM] [Warning] No further splits with positive gain, best gain: -inf
2026-04-22 15:55:54,173:INFO:[LightGBM] [Warning] No further splits with positive gain, best gain: -inf
2026-04-22 15:55:54,174:INFO:[LightGBM] [Warning] No further splits with positive gain, best gain: -inf
2026-04-22 15:55:54,175:INFO:[LightGBM] [Warning] No further splits with positive gain, best gain: -inf
2026-04-22 15:55:54,178:INFO:[LightGBM] [Warning] No further splits with positive gain, best gain: -inf
2026-04-22 15:55:54,179:INFO:[LightGBM] [Warning] No further splits with positive gain, best gain: -inf
2026-04-22 15:55:54,181:INFO:[LightGBM] [Warning] No further splits with positive gain, best gain: -inf
2026-04-22 15:55:54,182:INFO:[LightGBM] [Warning] No further splits with positive gain, best gain: -inf
2026-04-22 15:55:54,183:INFO:[LightGBM] [Warning] No further splits with positive gain, best gain: -inf
2026-04-22 15:55:54,185:INFO:[LightGBM] [Warning] No further splits with positive gain, best gain: -inf
2026-04-22 15:55:54,187:INFO:[LightGBM] [Warning] No further splits with positive gain, best gain: -inf
2026-04-22 15:55:54,189:INFO:[LightGBM] [Warning] No further splits with positive gain, best gain: -inf
2026-04-22 15:55:54,190:INFO:[LightGBM] [Warning] No further splits with positive gain, best gain: -inf
2026-04-22 15:55:54,190:INFO:[LightGBM] [Warning] No further splits with positive gain, best gain: -inf
2026-04-22 15:55:54,191:INFO:[LightGBM] [Warning] No further splits with positive gain, best gain: -inf
2026-04-22 15:55:54,193:INFO:[LightGBM] [Warning] No further splits with positive gain, best gain: -inf
2026-04-22 15:55:54,193:INFO:[LightGBM] [Warning] No further splits with positive gain, best gain: -inf
2026-04-22 15:55:54,195:INFO:[LightGBM] [Warning] No further splits with positive gain, best gain: -inf
2026-04-22 15:55:54,196:INFO:[LightGBM] [Warning] No further splits with positive gain, best gain: -inf
2026-04-22 15:55:54,198:INFO:[LightGBM] [Warning] No further splits with positive gain, best gain: -inf
2026-04-22 15:55:54,200:INFO:[LightGBM] [Warning] No further splits with positive gain, best gain: -inf
2026-04-22 15:55:54,201:INFO:[LightGBM] [Warning] No further splits with positive gain, best gain: -inf
2026-04-22 15:55:54,203:INFO:[LightGBM] [Warning] No further splits with positive gain, best gain: -inf
2026-04-22 15:55:54,204:INFO:[LightGBM] [Warning] No further splits with positive gain, best gain: -inf
2026-04-22 15:55:54,204:INFO:[LightGBM] [Warning] No further splits with positive gain, best gain: -inf
2026-04-22 15:55:54,205:INFO:[LightGBM] [Warning] No further splits with positive gain, best gain: -inf
2026-04-22 15:55:54,207:INFO:[LightGBM] [Warning] No further splits with positive gain, best gain: -inf
2026-04-22 15:55:54,207:INFO:[LightGBM] [Warning] No further splits with positive gain, best gain: -inf
2026-04-22 15:55:54,209:INFO:[LightGBM] [Warning] No further splits with positive gain, best gain: -inf
2026-04-22 15:55:54,210:INFO:[LightGBM] [Warning] No further splits with positive gain, best gain: -inf
2026-04-22 15:55:54,212:INFO:[LightGBM] [Warning] No further splits with positive gain, best gain: -inf
2026-04-22 15:55:54,213:INFO:[LightGBM] [Warning] No further splits with positive gain, best gain: -inf
2026-04-22 15:55:54,215:INFO:[LightGBM] [Warning] No further splits with positive gain, best gain: -inf
2026-04-22 15:55:54,216:INFO:[LightGBM] [Warning] No further splits with positive gain, best gain: -inf
2026-04-22 15:55:54,217:INFO:[LightGBM] [Warning] No further splits with positive gain, best gain: -inf
2026-04-22 15:55:54,218:INFO:[LightGBM] [Warning] No further splits with positive gain, best gain: -inf
2026-04-22 15:55:54,219:INFO:[LightGBM] [Warning] No further splits with positive gain, best gain: -inf
2026-04-22 15:55:54,220:INFO:[LightGBM] [Warning] No further splits with positive gain, best gain: -inf
2026-04-22 15:55:54,221:INFO:[LightGBM] [Warning] No further splits with positive gain, best gain: -inf
2026-04-22 15:55:54,222:INFO:[LightGBM] [Warning] No further splits with positive gain, best gain: -inf
2026-04-22 15:55:54,223:INFO:[LightGBM] [Warning] No further splits with positive gain, best gain: -inf
2026-04-22 15:55:54,225:INFO:[LightGBM] [Warning] No further splits with positive gain, best gain: -inf
2026-04-22 15:55:54,226:INFO:[LightGBM] [Warning] No further splits with positive gain, best gain: -inf
2026-04-22 15:55:54,227:INFO:[LightGBM] [Warning] No further splits with positive gain, best gain: -inf
2026-04-22 15:55:54,229:INFO:[LightGBM] [Warning] No further splits with positive gain, best gain: -inf
2026-04-22 15:55:54,230:INFO:[LightGBM] [Warning] No further splits with positive gain, best gain: -inf
2026-04-22 15:55:54,231:INFO:[LightGBM] [Warning] No further splits with positive gain, best gain: -inf
2026-04-22 15:55:54,232:INFO:[LightGBM] [Warning] No further splits with positive gain, best gain: -inf
2026-04-22 15:55:54,233:INFO:[LightGBM] [Warning] No further splits with positive gain, best gain: -inf
2026-04-22 15:55:54,233:INFO:[LightGBM] [Warning] No further splits with positive gain, best gain: -inf
2026-04-22 15:55:54,234:INFO:[LightGBM] [Warning] No further splits with positive gain, best gain: -inf
2026-04-22 15:55:54,235:INFO:[LightGBM] [Warning] No further splits with positive gain, best gain: -inf
2026-04-22 15:55:54,237:INFO:[LightGBM] [Warning] No further splits with positive gain, best gain: -inf
2026-04-22 15:55:54,238:INFO:[LightGBM] [Warning] No further splits with positive gain, best gain: -inf
2026-04-22 15:55:54,240:INFO:[LightGBM] [Warning] No further splits with positive gain, best gain: -inf
2026-04-22 15:55:54,242:INFO:[LightGBM] [Warning] No further splits with positive gain, best gain: -inf
2026-04-22 15:55:54,243:INFO:[LightGBM] [Warning] No further splits with positive gain, best gain: -inf
2026-04-22 15:55:54,243:INFO:[LightGBM] [Warning] No further splits with positive gain, best gain: -inf
2026-04-22 15:55:54,244:INFO:[LightGBM] [Warning] No further splits with positive gain, best gain: -inf
2026-04-22 15:55:54,245:INFO:[LightGBM] [Warning] No further splits with positive gain, best gain: -inf
2026-04-22 15:55:54,245:INFO:[LightGBM] [Warning] No further splits with positive gain, best gain: -inf
2026-04-22 15:55:54,247:INFO:[LightGBM] [Warning] No further splits with positive gain, best gain: -inf
2026-04-22 15:55:54,247:INFO:[LightGBM] [Warning] No further splits with positive gain, best gain: -inf
2026-04-22 15:55:54,248:INFO:[LightGBM] [Warning] No further splits with positive gain, best gain: -inf
2026-04-22 15:55:54,249:INFO:[LightGBM] [Warning] No further splits with positive gain, best gain: -inf
2026-04-22 15:55:54,251:INFO:[LightGBM] [Warning] No further splits with positive gain, best gain: -inf
2026-04-22 15:55:54,252:INFO:[LightGBM] [Warning] No further splits with positive gain, best gain: -inf
2026-04-22 15:55:54,254:INFO:[LightGBM] [Warning] No further splits with positive gain, best gain: -inf
2026-04-22 15:55:54,254:INFO:[LightGBM] [Warning] No further splits with positive gain, best gain: -inf
2026-04-22 15:55:54,255:INFO:[LightGBM] [Warning] No further splits with positive gain, best gain: -inf
2026-04-22 15:55:54,256:INFO:[LightGBM] [Warning] No further splits with positive gain, best gain: -inf
2026-04-22 15:55:54,258:INFO:[LightGBM] [Warning] No further splits with positive gain, best gain: -inf
2026-04-22 15:55:54,259:INFO:[LightGBM] [Warning] No further splits with positive gain, best gain: -inf
2026-04-22 15:55:54,260:INFO:[LightGBM] [Warning] No further splits with positive gain, best gain: -inf
2026-04-22 15:55:54,262:INFO:[LightGBM] [Warning] No further splits with positive gain, best gain: -inf
2026-04-22 15:55:54,263:INFO:[LightGBM] [Warning] No further splits with positive gain, best gain: -inf
2026-04-22 15:55:54,264:INFO:[LightGBM] [Warning] No further splits with positive gain, best gain: -inf
2026-04-22 15:55:54,266:INFO:[LightGBM] [Warning] No further splits with positive gain, best gain: -inf
2026-04-22 15:55:54,267:INFO:[LightGBM] [Warning] No further splits with positive gain, best gain: -inf
2026-04-22 15:55:54,267:INFO:[LightGBM] [Warning] No further splits with positive gain, best gain: -inf
2026-04-22 15:55:54,268:INFO:[LightGBM] [Warning] No further splits with positive gain, best gain: -inf
2026-04-22 15:55:54,269:INFO:[LightGBM] [Warning] No further splits with positive gain, best gain: -inf
2026-04-22 15:55:54,270:INFO:[LightGBM] [Warning] No further splits with positive gain, best gain: -inf
2026-04-22 15:55:54,271:INFO:[LightGBM] [Warning] No further splits with positive gain, best gain: -inf
2026-04-22 15:55:54,272:INFO:[LightGBM] [Warning] No further splits with positive gain, best gain: -inf
2026-04-22 15:55:54,273:INFO:[LightGBM] [Warning] No further splits with positive gain, best gain: -inf
2026-04-22 15:55:54,274:INFO:[LightGBM] [Warning] No further splits with positive gain, best gain: -inf
2026-04-22 15:55:54,275:INFO:[LightGBM] [Warning] No further splits with positive gain, best gain: -inf
2026-04-22 15:55:54,277:INFO:[LightGBM] [Warning] No further splits with positive gain, best gain: -inf
2026-04-22 15:55:54,278:INFO:[LightGBM] [Warning] No further splits with positive gain, best gain: -inf
2026-04-22 15:55:54,278:INFO:[LightGBM] [Warning] No further splits with positive gain, best gain: -inf
2026-04-22 15:55:54,279:INFO:[LightGBM] [Warning] No further splits with positive gain, best gain: -inf
2026-04-22 15:55:54,280:INFO:[LightGBM] [Warning] No further splits with positive gain, best gain: -inf
2026-04-22 15:55:54,281:INFO:[LightGBM] [Warning] No further splits with positive gain, best gain: -inf
2026-04-22 15:55:54,282:INFO:[LightGBM] [Warning] No further splits with positive gain, best gain: -inf
2026-04-22 15:55:54,282:INFO:[LightGBM] [Warning] No further splits with positive gain, best gain: -inf
2026-04-22 15:55:54,283:INFO:[LightGBM] [Warning] No further splits with positive gain, best gain: -inf
2026-04-22 15:55:54,285:INFO:[LightGBM] [Warning] No further splits with positive gain, best gain: -inf
2026-04-22 15:55:54,286:INFO:[LightGBM] [Warning] No further splits with positive gain, best gain: -inf
2026-04-22 15:55:54,287:INFO:[LightGBM] [Warning] No further splits with positive gain, best gain: -inf
2026-04-22 15:55:54,290:INFO:[LightGBM] [Warning] No further splits with positive gain, best gain: -inf
2026-04-22 15:55:54,290:INFO:[LightGBM] [Warning] No further splits with positive gain, best gain: -inf
2026-04-22 15:55:54,292:INFO:[LightGBM] [Warning] No further splits with positive gain, best gain: -inf
2026-04-22 15:55:54,293:INFO:[LightGBM] [Warning] No further splits with positive gain, best gain: -inf
2026-04-22 15:55:54,293:INFO:[LightGBM] [Warning] No further splits with positive gain, best gain: -inf
2026-04-22 15:55:54,294:INFO:[LightGBM] [Warning] No further splits with positive gain, best gain: -inf
2026-04-22 15:55:54,295:INFO:[LightGBM] [Warning] No further splits with positive gain, best gain: -inf
2026-04-22 15:55:54,296:INFO:[LightGBM] [Warning] No further splits with positive gain, best gain: -inf
2026-04-22 15:55:54,298:INFO:[LightGBM] [Warning] No further splits with positive gain, best gain: -inf
2026-04-22 15:55:54,299:INFO:[LightGBM] [Warning] No further splits with positive gain, best gain: -inf
2026-04-22 15:55:54,300:INFO:[LightGBM] [Warning] No further splits with positive gain, best gain: -inf
2026-04-22 15:55:54,300:INFO:[LightGBM] [Warning] No further splits with positive gain, best gain: -inf

2026-04-22 15:55:54,301:INFO:[LightGBM] [Warning] No further splits with positive gain, best gain: -inf
2026-04-22 15:55:54,302:INFO:[LightGBM] [Warning] No further splits with positive gain, best gain: -inf
2026-04-22 15:55:54,308:INFO:[LightGBM] [Warning] No further splits with positive gain, best gain: -inf
2026-04-22 15:55:54,309:INFO:[LightGBM] [Warning] No further splits with positive gain, best gain: -inf
2026-04-22 15:55:54,309:INFO:[LightGBM] [Warning] No further splits with positive gain, best gain: -inf
2026-04-22 15:55:54,310:INFO:[LightGBM] [Warning] No further splits with positive gain, best gain: -inf
2026-04-22 15:55:54,311:INFO:[LightGBM] [Warning] No further splits with positive gain, best gain: -inf
2026-04-22 15:55:54,312:INFO:[LightGBM] [Warning] No further splits with positive gain, best gain: -inf
2026-04-22 15:55:54,313:INFO:[LightGBM] [Warning] No further splits with positive gain, best gain: -inf
2026-04-22 15:55:54,314:INFO:[LightGBM] [Warning] No further splits with positive gain, best gain: -inf
2026-04-22 15:55:54,315:INFO:[LightGBM] [Warning] No further splits with positive gain, best gain: -inf
2026-04-22 15:55:54,317:INFO:[LightGBM] [Warning] No further splits with positive gain, best gain: -inf
2026-04-22 15:55:54,317:INFO:[LightGBM] [Warning] No further splits with positive gain, best gain: -inf
2026-04-22 15:55:54,318:INFO:[LightGBM] [Warning] No further splits with positive gain, best gain: -inf
2026-04-22 15:55:54,319:INFO:[LightGBM] [Warning] No further splits with positive gain, best gain: -inf
2026-04-22 15:55:54,319:INFO:[LightGBM] [Warning] No further splits with positive gain, best gain: -inf
2026-04-22 15:55:54,320:INFO:[LightGBM] [Warning] No further splits with positive gain, best gain: -inf
2026-04-22 15:55:54,321:INFO:[LightGBM] [Warning] No further splits with positive gain, best gain: -inf
2026-04-22 15:55:54,322:INFO:[LightGBM] [Warning] No further splits with positive gain, best gain: -inf
2026-04-22 15:55:54,323:INFO:[LightGBM] [Warning] No further splits with positive gain, best gain: -inf
2026-04-22 15:55:54,324:INFO:[LightGBM] [Warning] No further splits with positive gain, best gain: -inf
2026-04-22 15:55:54,325:INFO:[LightGBM] [Warning] No further splits with positive gain, best gain: -inf
2026-04-22 15:55:54,326:INFO:[LightGBM] [Warning] No further splits with positive gain, best gain: -inf
2026-04-22 15:55:54,327:INFO:[LightGBM] [Warning] No further splits with positive gain, best gain: -inf
2026-04-22 15:55:54,328:INFO:[LightGBM] [Warning] No further splits with positive gain, best gain: -inf
2026-04-22 15:55:54,328:INFO:[LightGBM] [Warning] No further splits with positive gain, best gain: -inf
2026-04-22 15:55:54,329:INFO:[LightGBM] [Warning] No further splits with positive gain, best gain: -inf
2026-04-22 15:55:54,330:INFO:[LightGBM] [Warning] No further splits with positive gain, best gain: -inf
2026-04-22 15:55:54,330:INFO:[LightGBM] [Warning] No further splits with positive gain, best gain: -inf
2026-04-22 15:55:54,331:INFO:[LightGBM] [Warning] No further splits with positive gain, best gain: -inf
2026-04-22 15:55:54,332:INFO:[LightGBM] [Warning] No further splits with positive gain, best gain: -inf
2026-04-22 15:55:54,334:INFO:[LightGBM] [Warning] No further splits with positive gain, best gain: -inf
2026-04-22 15:55:54,335:INFO:[LightGBM] [Warning] No further splits with positive gain, best gain: -inf
2026-04-22 15:55:54,336:INFO:[LightGBM] [Warning] No further splits with positive gain, best gain: -inf
2026-04-22 15:55:54,336:INFO:[LightGBM] [Warning] No further splits with positive gain, best gain: -inf
2026-04-22 15:55:54,337:INFO:[LightGBM] [Warning] No further splits with positive gain, best gain: -inf
2026-04-22 15:55:54,338:INFO:[LightGBM] [Warning] No further splits with positive gain, best gain: -inf
2026-04-22 15:55:54,338:INFO:[LightGBM] [Warning] No further splits with positive gain, best gain: -inf
2026-04-22 15:55:54,339:INFO:[LightGBM] [Warning] No further splits with positive gain, best gain: -inf
2026-04-22 15:55:54,340:INFO:[LightGBM] [Warning] No further splits with positive gain, best gain: -inf
2026-04-22 15:55:54,340:INFO:[LightGBM] [Warning] No further splits with positive gain, best gain: -inf
2026-04-22 15:55:54,342:INFO:[LightGBM] [Warning] No further splits with positive gain, best gain: -inf
2026-04-22 15:55:54,343:INFO:[LightGBM] [Warning] No further splits with positive gain, best gain: -inf
2026-04-22 15:55:54,344:INFO:[LightGBM] [Warning] No further splits with positive gain, best gain: -inf
2026-04-22 15:55:54,345:INFO:[LightGBM] [Warning] No further splits with positive gain, best gain: -inf
2026-04-22 15:55:54,345:INFO:[LightGBM] [Warning] No further splits with positive gain, best gain: -inf
2026-04-22 15:55:54,346:INFO:[LightGBM] [Warning] No further splits with positive gain, best gain: -inf
2026-04-22 15:55:54,347:INFO:[LightGBM] [Warning] No further splits with positive gain, best gain: -inf
2026-04-22 15:55:54,347:INFO:[LightGBM] [Warning] No further splits with positive gain, best gain: -inf
2026-04-22 15:55:54,348:INFO:[LightGBM] [Warning] No further splits with positive gain, best gain: -inf
2026-04-22 15:55:54,349:INFO:[LightGBM] [Warning] No further splits with positive gain, best gain: -inf
2026-04-22 15:55:54,350:INFO:[LightGBM] [Warning] No further splits with positive gain, best gain: -inf
2026-04-22 15:55:54,350:INFO:[LightGBM] [Warning] No further splits with positive gain, best gain: -inf
2026-04-22 15:55:54,351:INFO:[LightGBM] [Warning] No further splits with positive gain, best gain: -inf
2026-04-22 15:55:54,352:INFO:[LightGBM] [Warning] No further splits with positive gain, best gain: -inf
2026-04-22 15:55:54,353:INFO:[LightGBM] [Warning] No further splits with positive gain, best gain: -inf
2026-04-22 15:55:54,354:INFO:[LightGBM] [Warning] No further splits with positive gain, best gain: -inf
2026-04-22 15:55:54,354:INFO:[LightGBM] [Warning] No further splits with positive gain, best gain: -inf
2026-04-22 15:55:54,355:INFO:[LightGBM] [Warning] No further splits with positive gain, best gain: -inf
2026-04-22 15:55:54,355:INFO:[LightGBM] [Warning] No further splits with positive gain, best gain: -inf
2026-04-22 15:55:54,356:INFO:[LightGBM] [Warning] No further splits with positive gain, best gain: -inf
2026-04-22 15:55:54,357:INFO:[LightGBM] [Warning] No further splits with positive gain, best gain: -inf
2026-04-22 15:55:54,357:INFO:[LightGBM] [Warning] No further splits with positive gain, best gain: -inf
2026-04-22 15:55:54,358:INFO:[LightGBM] [Warning] No further splits with positive gain, best gain: -inf
2026-04-22 15:55:54,359:INFO:[LightGBM] [Warning] No further splits with positive gain, best gain: -inf
2026-04-22 15:55:54,360:INFO:[LightGBM] [Warning] No further splits with positive gain, best gain: -inf
2026-04-22 15:55:54,361:INFO:[LightGBM] [Warning] No further splits with positive gain, best gain: -inf
2026-04-22 15:55:54,361:INFO:[LightGBM] [Warning] No further splits with positive gain, best gain: -inf
2026-04-22 15:55:54,362:INFO:[LightGBM] [Warning] No further splits with positive gain, best gain: -inf
2026-04-22 15:55:54,362:INFO:[LightGBM] [Warning] No further splits with positive gain, best gain: -inf
2026-04-22 15:55:54,363:INFO:[LightGBM] [Warning] No further splits with positive gain, best gain: -inf
2026-04-22 15:55:54,363:INFO:[LightGBM] [Warning] No further splits with positive gain, best gain: -inf
2026-04-22 15:55:54,364:INFO:[LightGBM] [Warning] No further splits with positive gain, best gain: -inf
2026-04-22 15:55:54,364:INFO:[LightGBM] [Warning] No further splits with positive gain, best gain: -inf
2026-04-22 15:55:54,365:INFO:[LightGBM] [Warning] No further splits with positive gain, best gain: -inf
2026-04-22 15:55:54,366:INFO:[LightGBM] [Warning] No further splits with positive gain, best gain: -inf
2026-04-22 15:55:54,367:INFO:[LightGBM] [Warning] No further splits with positive gain, best gain: -inf
2026-04-22 15:55:54,368:INFO:[LightGBM] [Warning] No further splits with positive gain, best gain: -inf
2026-04-22 15:55:54,368:INFO:[LightGBM] [Warning] No further splits with positive gain, best gain: -inf
2026-04-22 15:55:54,369:INFO:[LightGBM] [Warning] No further splits with positive gain, best gain: -inf
2026-04-22 15:55:54,370:INFO:[LightGBM] [Warning] No further splits with positive gain, best gain: -inf
2026-04-22 15:55:54,370:INFO:[LightGBM] [Warning] No further splits with positive gain, best gain: -inf
2026-04-22 15:55:54,371:INFO:[LightGBM] [Warning] No further splits with positive gain, best gain: -inf
2026-04-22 15:55:54,371:INFO:[LightGBM] [Warning] No further splits with positive gain, best gain: -inf
2026-04-22 15:55:54,372:INFO:[LightGBM] [Warning] No further splits with positive gain, best gain: -inf
2026-04-22 15:55:54,372:INFO:[LightGBM] [Warning] No further splits with positive gain, best gain: -inf
2026-04-22 15:55:54,373:INFO:[LightGBM] [Warning] No further splits with positive gain, best gain: -inf
2026-04-22 15:55:54,374:INFO:[LightGBM] [Warning] No further splits with positive gain, best gain: -inf
2026-04-22 15:55:54,375:INFO:[LightGBM] [Warning] No further splits with positive gain, best gain: -inf
2026-04-22 15:55:54,587:INFO:[LightGBM] [Info] Auto-choosing col-wise multi-threading, the overhead of testing was 0.005209 seconds.
2026-04-22 15:55:54,587:INFO:You can set `force_col_wise=true` to remove the overhead.
2026-04-22 15:55:54,591:INFO:[LightGBM] [Info] Total Bins 11505
2026-04-22 15:55:54,592:INFO:[LightGBM] [Info] Number of data points in the train set: 504, number of used features: 478
2026-04-22 15:55:54,593:INFO:[LightGBM] [Info] Start training from score -2.330756
2026-04-22 15:55:54,593:INFO:[LightGBM] [Info] Start training from score -2.252284
2026-04-22 15:55:54,593:INFO:[LightGBM] [Info] Start training from score -2.372429
2026-04-22 15:55:54,593:INFO:[LightGBM] [Info] Start training from score -2.351375
2026-04-22 15:55:54,593:INFO:[LightGBM] [Info] Start training from score -2.484907
2026-04-22 15:55:54,593:INFO:[LightGBM] [Info] Start training from score -2.372429
2026-04-22 15:55:54,593:INFO:[LightGBM] [Info] Start training from score -2.559015
2026-04-22 15:55:54,594:INFO:[LightGBM] [Info] Start training from score -2.372429
2026-04-22 15:55:54,594:INFO:[LightGBM] [Info] Start training from score -2.393935
2026-04-22 15:55:54,594:INFO:[LightGBM] [Info] Start training from score -2.533697
2026-04-22 15:55:54,594:INFO:[LightGBM] [Info] Start training from score -2.393935
2026-04-22 15:55:54,594:INFO:[LightGBM] [Warning] No further splits with positive gain, best gain: -inf
2026-04-22 15:55:54,595:INFO:[LightGBM] [Warning] No further splits with positive gain, best gain: -inf
2026-04-22 15:55:54,596:INFO:[LightGBM] [Warning] No further splits with positive gain, best gain: -inf
2026-04-22 15:55:54,597:INFO:[LightGBM] [Warning] No further splits with positive gain, best gain: -inf
2026-04-22 15:55:54,598:INFO:[LightGBM] [Warning] No further splits with positive gain, best gain: -inf
2026-04-22 15:55:54,599:INFO:[LightGBM] [Warning] No further splits with positive gain, best gain: -inf
2026-04-22 15:55:54,600:INFO:[LightGBM] [Warning] No further splits with positive gain, best gain: -inf
2026-04-22 15:55:54,601:INFO:[LightGBM] [Warning] No further splits with positive gain, best gain: -inf
2026-04-22 15:55:54,602:INFO:[LightGBM] [Warning] No further splits with positive gain, best gain: -inf
2026-04-22 15:55:54,603:INFO:[LightGBM] [Warning] No further splits with positive gain, best gain: -inf
2026-04-22 15:55:54,604:INFO:[LightGBM] [Warning] No further splits with positive gain, best gain: -inf
2026-04-22 15:55:54,606:INFO:[LightGBM] [Warning] No further splits with positive gain, best gain: -inf
2026-04-22 15:55:54,608:INFO:[LightGBM] [Warning] No further splits with positive gain, best gain: -inf
2026-04-22 15:55:54,610:INFO:[LightGBM] [Warning] No further splits with positive gain, best gain: -inf
2026-04-22 15:55:54,611:INFO:[LightGBM] [Warning] No further splits with positive gain, best gain: -inf
2026-04-22 15:55:54,613:INFO:[LightGBM] [Warning] No further splits with positive gain, best gain: -inf
2026-04-22 15:55:54,615:INFO:[LightGBM] [Warning] No further splits with positive gain, best gain: -inf
2026-04-22 15:55:54,617:INFO:[LightGBM] [Warning] No further splits with positive gain, best gain: -inf
2026-04-22 15:55:54,619:INFO:[LightGBM] [Warning] No further splits with positive gain, best gain: -inf
2026-04-22 15:55:54,620:INFO:[LightGBM] [Warning] No further splits with positive gain, best gain: -inf
2026-04-22 15:55:54,622:INFO:[LightGBM] [Warning] No further splits with positive gain, best gain: -inf
2026-04-22 15:55:54,623:INFO:[LightGBM] [Warning] No further splits with positive gain, best gain: -inf
2026-04-22 15:55:54,625:INFO:[LightGBM] [Warning] No further splits with positive gain, best gain: -inf
2026-04-22 15:55:54,627:INFO:[LightGBM] [Warning] No further splits with positive gain, best gain: -inf
2026-04-22 15:55:54,629:INFO:[LightGBM] [Warning] No further splits with positive gain, best gain: -inf
2026-04-22 15:55:54,630:INFO:[LightGBM] [Warning] No further splits with positive gain, best gain: -inf
2026-04-22 15:55:54,632:INFO:[LightGBM] [Warning] No further splits with positive gain, best gain: -inf
2026-04-22 15:55:54,634:INFO:[LightGBM] [Warning] No further splits with positive gain, best gain: -inf
2026-04-22 15:55:54,635:INFO:[LightGBM] [Warning] No further splits with positive gain, best gain: -inf
2026-04-22 15:55:54,638:INFO:[LightGBM] [Warning] No further splits with positive gain, best gain: -inf
2026-04-22 15:55:54,639:INFO:[LightGBM] [Warning] No further splits with positive gain, best gain: -inf
2026-04-22 15:55:54,641:INFO:[LightGBM] [Warning] No further splits with positive gain, best gain: -inf
2026-04-22 15:55:54,642:INFO:[LightGBM] [Warning] No further splits with positive gain, best gain: -inf
2026-04-22 15:55:54,645:INFO:[LightGBM] [Warning] No further splits with positive gain, best gain: -inf
2026-04-22 15:55:54,646:INFO:[LightGBM] [Warning] No further splits with positive gain, best gain: -inf
2026-04-22 15:55:54,648:INFO:[LightGBM] [Warning] No further splits with positive gain, best gain: -inf
2026-04-22 15:55:54,650:INFO:[LightGBM] [Warning] No further splits with positive gain, best gain: -inf
2026-04-22 15:55:54,652:INFO:[LightGBM] [Warning] No further splits with positive gain, best gain: -inf
2026-04-22 15:55:54,654:INFO:[LightGBM] [Warning] No further splits with positive gain, best gain: -inf
2026-04-22 15:55:54,655:INFO:[LightGBM] [Warning] No further splits with positive gain, best gain: -inf
2026-04-22 15:55:54,657:INFO:[LightGBM] [Warning] No further splits with positive gain, best gain: -inf
2026-04-22 15:55:54,659:INFO:[LightGBM] [Warning] No further splits with positive gain, best gain: -inf
2026-04-22 15:55:54,661:INFO:[LightGBM] [Warning] No further splits with positive gain, best gain: -inf
2026-04-22 15:55:54,662:INFO:[LightGBM] [Warning] No further splits with positive gain, best gain: -inf
2026-04-22 15:55:54,666:INFO:[LightGBM] [Warning] No further splits with positive gain, best gain: -inf
2026-04-22 15:55:54,671:INFO:[LightGBM] [Warning] No further splits with positive gain, best gain: -inf
2026-04-22 15:55:54,673:INFO:[LightGBM] [Warning] No further splits with positive gain, best gain: -inf
2026-04-22 15:55:54,675:INFO:[LightGBM] [Warning] No further splits with positive gain, best gain: -inf
2026-04-22 15:55:54,678:INFO:[LightGBM] [Warning] No further splits with positive gain, best gain: -inf
2026-04-22 15:55:54,683:INFO:[LightGBM] [Warning] No further splits with positive gain, best gain: -inf
2026-04-22 15:55:54,686:INFO:[LightGBM] [Warning] No further splits with positive gain, best gain: -inf
2026-04-22 15:55:54,688:INFO:[LightGBM] [Warning] No further splits with positive gain, best gain: -inf
2026-04-22 15:55:54,691:INFO:[LightGBM] [Warning] No further splits with positive gain, best gain: -inf
2026-04-22 15:55:54,692:INFO:[LightGBM] [Warning] No further splits with positive gain, best gain: -inf
2026-04-22 15:55:54,694:INFO:[LightGBM] [Warning] No further splits with positive gain, best gain: -inf
2026-04-22 15:55:54,696:INFO:[LightGBM] [Warning] No further splits with positive gain, best gain: -inf
2026-04-22 15:55:54,698:INFO:[LightGBM] [Warning] No further splits with positive gain, best gain: -inf
2026-04-22 15:55:54,700:INFO:[LightGBM] [Warning] No further splits with positive gain, best gain: -inf
2026-04-22 15:55:54,702:INFO:[LightGBM] [Warning] No further splits with positive gain, best gain: -inf
2026-04-22 15:55:54,704:INFO:[LightGBM] [Warning] No further splits with positive gain, best gain: -inf
2026-04-22 15:55:54,706:INFO:[LightGBM] [Warning] No further splits with positive gain, best gain: -inf
2026-04-22 15:55:54,708:INFO:[LightGBM] [Warning] No further splits with positive gain, best gain: -inf
2026-04-22 15:55:54,709:INFO:[LightGBM] [Warning] No further splits with positive gain, best gain: -inf
2026-04-22 15:55:54,711:INFO:[LightGBM] [Warning] No further splits with positive gain, best gain: -inf
2026-04-22 15:55:54,713:INFO:[LightGBM] [Warning] No further splits with positive gain, best gain: -inf
2026-04-22 15:55:54,714:INFO:[LightGBM] [Warning] No further splits with positive gain, best gain: -inf
2026-04-22 15:55:54,716:INFO:[LightGBM] [Warning] No further splits with positive gain, best gain: -inf
2026-04-22 15:55:54,718:INFO:[LightGBM] [Warning] No further splits with positive gain, best gain: -inf
2026-04-22 15:55:54,719:INFO:[LightGBM] [Warning] No further splits with positive gain, best gain: -inf
2026-04-22 15:55:54,722:INFO:[LightGBM] [Warning] No further splits with positive gain, best gain: -inf
2026-04-22 15:55:54,723:INFO:[LightGBM] [Warning] No further splits with positive gain, best gain: -inf
2026-04-22 15:55:54,725:INFO:[LightGBM] [Warning] No further splits with positive gain, best gain: -inf
2026-04-22 15:55:54,727:INFO:[LightGBM] [Warning] No further splits with positive gain, best gain: -inf
2026-04-22 15:55:54,729:INFO:[LightGBM] [Warning] No further splits with positive gain, best gain: -inf
2026-04-22 15:55:54,731:INFO:[LightGBM] [Warning] No further splits with positive gain, best gain: -inf
2026-04-22 15:55:54,733:INFO:[LightGBM] [Warning] No further splits with positive gain, best gain: -inf
2026-04-22 15:55:54,734:INFO:[LightGBM] [Warning] No further splits with positive gain, best gain: -inf
2026-04-22 15:55:54,736:INFO:[LightGBM] [Warning] No further splits with positive gain, best gain: -inf
2026-04-22 15:55:54,738:INFO:[LightGBM] [Warning] No further splits with positive gain, best gain: -inf
2026-04-22 15:55:54,739:INFO:[LightGBM] [Warning] No further splits with positive gain, best gain: -inf
2026-04-22 15:55:54,741:INFO:[LightGBM] [Warning] No further splits with positive gain, best gain: -inf
2026-04-22 15:55:54,743:INFO:[LightGBM] [Warning] No further splits with positive gain, best gain: -inf
2026-04-22 15:55:54,745:INFO:[LightGBM] [Warning] No further splits with positive gain, best gain: -inf
2026-04-22 15:55:54,748:INFO:[LightGBM] [Warning] No further splits with positive gain, best gain: -inf
2026-04-22 15:55:54,750:INFO:[LightGBM] [Warning] No further splits with positive gain, best gain: -inf
2026-04-22 15:55:54,752:INFO:[LightGBM] [Warning] No further splits with positive gain, best gain: -inf
2026-04-22 15:55:54,754:INFO:[LightGBM] [Warning] No further splits with positive gain, best gain: -inf
2026-04-22 15:55:54,756:INFO:[LightGBM] [Warning] No further splits with positive gain, best gain: -inf
2026-04-22 15:55:54,758:INFO:[LightGBM] [Warning] No further splits with positive gain, best gain: -inf
2026-04-22 15:55:54,759:INFO:[LightGBM] [Warning] No further splits with positive gain, best gain: -inf
2026-04-22 15:55:54,761:INFO:[LightGBM] [Warning] No further splits with positive gain, best gain: -inf
2026-04-22 15:55:54,762:INFO:[LightGBM] [Warning] No further splits with positive gain, best gain: -inf
2026-04-22 15:55:54,765:INFO:[LightGBM] [Warning] No further splits with positive gain, best gain: -inf
2026-04-22 15:55:54,767:INFO:[LightGBM] [Warning] No further splits with positive gain, best gain: -inf
2026-04-22 15:55:54,768:INFO:[LightGBM] [Warning] No further splits with positive gain, best gain: -inf
2026-04-22 15:55:54,770:INFO:[LightGBM] [Warning] No further splits with positive gain, best gain: -inf
2026-04-22 15:55:54,772:INFO:[LightGBM] [Warning] No further splits with positive gain, best gain: -inf
2026-04-22 15:55:54,774:INFO:[LightGBM] [Warning] No further splits with positive gain, best gain: -inf
2026-04-22 15:55:54,775:INFO:[LightGBM] [Warning] No further splits with positive gain, best gain: -inf
2026-04-22 15:55:54,777:INFO:[LightGBM] [Warning] No further splits with positive gain, best gain: -inf
2026-04-22 15:55:54,779:INFO:[LightGBM] [Warning] No further splits with positive gain, best gain: -inf
2026-04-22 15:55:54,781:INFO:[LightGBM] [Warning] No further splits with positive gain, best gain: -inf
2026-04-22 15:55:54,782:INFO:[LightGBM] [Warning] No further splits with positive gain, best gain: -inf
2026-04-22 15:55:54,785:INFO:[LightGBM] [Warning] No further splits with positive gain, best gain: -inf
2026-04-22 15:55:54,787:INFO:[LightGBM] [Warning] No further splits with positive gain, best gain: -inf
2026-04-22 15:55:54,788:INFO:[LightGBM] [Warning] No further splits with positive gain, best gain: -inf
2026-04-22 15:55:54,790:INFO:[LightGBM] [Warning] No further splits with positive gain, best gain: -inf
2026-04-22 15:55:54,797:INFO:[LightGBM] [Warning] No further splits with positive gain, best gain: -inf
2026-04-22 15:55:54,800:INFO:[LightGBM] [Warning] No further splits with positive gain, best gain: -inf
2026-04-22 15:55:54,801:INFO:[LightGBM] [Warning] No further splits with positive gain, best gain: -inf
2026-04-22 15:55:54,803:INFO:[LightGBM] [Warning] No further splits with positive gain, best gain: -inf
2026-04-22 15:55:54,805:INFO:[LightGBM] [Warning] No further splits with positive gain, best gain: -inf
2026-04-22 15:55:54,807:INFO:[LightGBM] [Warning] No further splits with positive gain, best gain: -inf
2026-04-22 15:55:54,809:INFO:[LightGBM] [Warning] No further splits with positive gain, best gain: -inf
2026-04-22 15:55:54,811:INFO:[LightGBM] [Warning] No further splits with positive gain, best gain: -inf
2026-04-22 15:55:54,813:INFO:[LightGBM] [Warning] No further splits with positive gain, best gain: -inf
2026-04-22 15:55:54,815:INFO:[LightGBM] [Warning] No further splits with positive gain, best gain: -inf
2026-04-22 15:55:54,817:INFO:[LightGBM] [Warning] No further splits with positive gain, best gain: -inf
2026-04-22 15:55:54,819:INFO:[LightGBM] [Warning] No further splits with positive gain, best gain: -inf
2026-04-22 15:55:54,821:INFO:[LightGBM] [Warning] No further splits with positive gain, best gain: -inf
2026-04-22 15:55:54,822:INFO:[LightGBM] [Warning] No further splits with positive gain, best gain: -inf
2026-04-22 15:55:54,824:INFO:[LightGBM] [Warning] No further splits with positive gain, best gain: -inf
2026-04-22 15:55:54,826:INFO:[LightGBM] [Warning] No further splits with positive gain, best gain: -inf
2026-04-22 15:55:54,827:INFO:[LightGBM] [Warning] No further splits with positive gain, best gain: -inf
2026-04-22 15:55:54,829:INFO:[LightGBM] [Warning] No further splits with positive gain, best gain: -inf
2026-04-22 15:55:54,831:INFO:[LightGBM] [Warning] No further splits with positive gain, best gain: -inf
2026-04-22 15:55:54,833:INFO:[LightGBM] [Warning] No further splits with positive gain, best gain: -inf
2026-04-22 15:55:54,835:INFO:[LightGBM] [Warning] No further splits with positive gain, best gain: -inf
2026-04-22 15:55:54,837:INFO:[LightGBM] [Warning] No further splits with positive gain, best gain: -inf
2026-04-22 15:55:54,838:INFO:[LightGBM] [Warning] No further splits with positive gain, best gain: -inf
2026-04-22 15:55:54,840:INFO:[LightGBM] [Warning] No further splits with positive gain, best gain: -inf
2026-04-22 15:55:54,842:INFO:[LightGBM] [Warning] No further splits with positive gain, best gain: -inf
2026-04-22 15:55:54,846:INFO:[LightGBM] [Warning] No further splits with positive gain, best gain: -inf
2026-04-22 15:55:54,847:INFO:[LightGBM] [Warning] No further splits with positive gain, best gain: -inf
2026-04-22 15:55:54,849:INFO:[LightGBM] [Warning] No further splits with positive gain, best gain: -inf
2026-04-22 15:55:54,851:INFO:[LightGBM] [Warning] No further splits with positive gain, best gain: -inf
2026-04-22 15:55:54,853:INFO:[LightGBM] [Warning] No further splits with positive gain, best gain: -inf
2026-04-22 15:55:54,855:INFO:[LightGBM] [Warning] No further splits with positive gain, best gain: -inf
2026-04-22 15:55:54,857:INFO:[LightGBM] [Warning] No further splits with positive gain, best gain: -inf
2026-04-22 15:55:54,859:INFO:[LightGBM] [Warning] No further splits with positive gain, best gain: -inf
2026-04-22 15:55:54,861:INFO:[LightGBM] [Warning] No further splits with positive gain, best gain: -inf
2026-04-22 15:55:54,863:INFO:[LightGBM] [Warning] No further splits with positive gain, best gain: -inf
2026-04-22 15:55:54,865:INFO:[LightGBM] [Warning] No further splits with positive gain, best gain: -inf
2026-04-22 15:55:54,866:INFO:[LightGBM] [Warning] No further splits with positive gain, best gain: -inf
2026-04-22 15:55:54,868:INFO:[LightGBM] [Warning] No further splits with positive gain, best gain: -inf
2026-04-22 15:55:54,870:INFO:[LightGBM] [Warning] No further splits with positive gain, best gain: -inf
2026-04-22 15:55:54,872:INFO:[LightGBM] [Warning] No further splits with positive gain, best gain: -inf
2026-04-22 15:55:54,874:INFO:[LightGBM] [Warning] No further splits with positive gain, best gain: -inf
2026-04-22 15:55:54,875:INFO:[LightGBM] [Warning] No further splits with positive gain, best gain: -inf
2026-04-22 15:55:54,877:INFO:[LightGBM] [Warning] No further splits with positive gain, best gain: -inf
2026-04-22 15:55:54,879:INFO:[LightGBM] [Warning] No further splits with positive gain, best gain: -inf
2026-04-22 15:55:54,881:INFO:[LightGBM] [Warning] No further splits with positive gain, best gain: -inf
2026-04-22 15:55:54,883:INFO:[LightGBM] [Warning] No further splits with positive gain, best gain: -inf
2026-04-22 15:55:54,885:INFO:[LightGBM] [Warning] No further splits with positive gain, best gain: -inf
2026-04-22 15:55:54,886:INFO:[LightGBM] [Warning] No further splits with positive gain, best gain: -inf
2026-04-22 15:55:54,888:INFO:[LightGBM] [Warning] No further splits with positive gain, best gain: -inf
2026-04-22 15:55:54,890:INFO:[LightGBM] [Warning] No further splits with positive gain, best gain: -inf
2026-04-22 15:55:54,892:INFO:[LightGBM] [Warning] No further splits with positive gain, best gain: -inf
2026-04-22 15:55:54,894:INFO:[LightGBM] [Warning] No further splits with positive gain, best gain: -inf
2026-04-22 15:55:54,896:INFO:[LightGBM] [Warning] No further splits with positive gain, best gain: -inf
2026-04-22 15:55:54,898:INFO:[LightGBM] [Warning] No further splits with positive gain, best gain: -inf
2026-04-22 15:55:54,900:INFO:[LightGBM] [Warning] No further splits with positive gain, best gain: -inf
2026-04-22 15:55:54,902:INFO:[LightGBM] [Warning] No further splits with positive gain, best gain: -inf
2026-04-22 15:55:54,904:INFO:[LightGBM] [Warning] No further splits with positive gain, best gain: -inf
2026-04-22 15:55:54,905:INFO:[LightGBM] [Warning] No further splits with positive gain, best gain: -inf
2026-04-22 15:55:54,907:INFO:[LightGBM] [Warning] No further splits with positive gain, best gain: -inf
2026-04-22 15:55:54,908:INFO:[LightGBM] [Warning] No further splits with positive gain, best gain: -inf
2026-04-22 15:55:54,910:INFO:[LightGBM] [Warning] No further splits with positive gain, best gain: -inf
2026-04-22 15:55:54,912:INFO:[LightGBM] [Warning] No further splits with positive gain, best gain: -inf
2026-04-22 15:55:54,914:INFO:[LightGBM] [Warning] No further splits with positive gain, best gain: -inf
2026-04-22 15:55:54,916:INFO:[LightGBM] [Warning] No further splits with positive gain, best gain: -inf
2026-04-22 15:55:54,918:INFO:[LightGBM] [Warning] No further splits with positive gain, best gain: -inf
2026-04-22 15:55:54,920:INFO:[LightGBM] [Warning] No further splits with positive gain, best gain: -inf
2026-04-22 15:55:54,922:INFO:[LightGBM] [Warning] No further splits with positive gain, best gain: -inf
2026-04-22 15:55:54,925:INFO:[LightGBM] [Warning] No further splits with positive gain, best gain: -inf
2026-04-22 15:55:54,931:INFO:[LightGBM] [Warning] No further splits with positive gain, best gain: -inf
2026-04-22 15:55:54,934:INFO:[LightGBM] [Warning] No further splits with positive gain, best gain: -inf
2026-04-22 15:55:54,936:INFO:[LightGBM] [Warning] No further splits with positive gain, best gain: -inf
2026-04-22 15:55:54,939:INFO:[LightGBM] [Warning] No further splits with positive gain, best gain: -inf
2026-04-22 15:55:54,941:INFO:[LightGBM] [Warning] No further splits with positive gain, best gain: -inf
2026-04-22 15:55:54,943:INFO:[LightGBM] [Warning] No further splits with positive gain, best gain: -inf
2026-04-22 15:55:54,945:INFO:[LightGBM] [Warning] No further splits with positive gain, best gain: -inf
2026-04-22 15:55:54,948:INFO:[LightGBM] [Warning] No further splits with positive gain, best gain: -inf
2026-04-22 15:55:54,950:INFO:[LightGBM] [Warning] No further splits with positive gain, best gain: -inf
2026-04-22 15:55:54,952:INFO:[LightGBM] [Warning] No further splits with positive gain, best gain: -inf
2026-04-22 15:55:54,954:INFO:[LightGBM] [Warning] No further splits with positive gain, best gain: -inf
2026-04-22 15:55:54,956:INFO:[LightGBM] [Warning] No further splits with positive gain, best gain: -inf
2026-04-22 15:55:54,958:INFO:[LightGBM] [Warning] No further splits with positive gain, best gain: -inf
2026-04-22 15:55:54,960:INFO:[LightGBM] [Warning] No further splits with positive gain, best gain: -inf
2026-04-22 15:55:54,961:INFO:[LightGBM] [Warning] No further splits with positive gain, best gain: -inf
2026-04-22 15:55:54,963:INFO:[LightGBM] [Warning] No further splits with positive gain, best gain: -inf
2026-04-22 15:55:54,965:INFO:[LightGBM] [Warning] No further splits with positive gain, best gain: -inf
2026-04-22 15:55:54,968:INFO:[LightGBM] [Warning] No further splits with positive gain, best gain: -inf
2026-04-22 15:55:54,970:INFO:[LightGBM] [Warning] No further splits with positive gain, best gain: -inf
2026-04-22 15:55:54,972:INFO:[LightGBM] [Warning] No further splits with positive gain, best gain: -inf
2026-04-22 15:55:54,974:INFO:[LightGBM] [Warning] No further splits with positive gain, best gain: -inf
2026-04-22 15:55:54,976:INFO:[LightGBM] [Warning] No further splits with positive gain, best gain: -inf
2026-04-22 15:55:54,978:INFO:[LightGBM] [Warning] No further splits with positive gain, best gain: -inf
2026-04-22 15:55:54,980:INFO:[LightGBM] [Warning] No further splits with positive gain, best gain: -inf
2026-04-22 15:55:54,982:INFO:[LightGBM] [Warning] No further splits with positive gain, best gain: -inf
2026-04-22 15:55:54,984:INFO:[LightGBM] [Warning] No further splits with positive gain, best gain: -inf
2026-04-22 15:55:54,986:INFO:[LightGBM] [Warning] No further splits with positive gain, best gain: -inf
2026-04-22 15:55:54,988:INFO:[LightGBM] [Warning] No further splits with positive gain, best gain: -inf
2026-04-22 15:55:54,990:INFO:[LightGBM] [Warning] No further splits with positive gain, best gain: -inf
2026-04-22 15:55:54,992:INFO:[LightGBM] [Warning] No further splits with positive gain, best gain: -inf
2026-04-22 15:55:54,994:INFO:[LightGBM] [Warning] No further splits with positive gain, best gain: -inf
2026-04-22 15:55:54,996:INFO:[LightGBM] [Warning] No further splits with positive gain, best gain: -inf
2026-04-22 15:55:54,998:INFO:[LightGBM] [Warning] No further splits with positive gain, best gain: -inf
2026-04-22 15:55:55,000:INFO:[LightGBM] [Warning] No further splits with positive gain, best gain: -inf
2026-04-22 15:55:55,001:INFO:[LightGBM] [Warning] No further splits with positive gain, best gain: -inf
2026-04-22 15:55:55,003:INFO:[LightGBM] [Warning] No further splits with positive gain, best gain: -inf
2026-04-22 15:55:55,006:INFO:[LightGBM] [Warning] No further splits with positive gain, best gain: -inf
2026-04-22 15:55:55,008:INFO:[LightGBM] [Warning] No further splits with positive gain, best gain: -inf
2026-04-22 15:55:55,010:INFO:[LightGBM] [Warning] No further splits with positive gain, best gain: -inf
2026-04-22 15:55:55,013:INFO:[LightGBM] [Warning] No further splits with positive gain, best gain: -inf
2026-04-22 15:55:55,015:INFO:[LightGBM] [Warning] No further splits with positive gain, best gain: -inf
2026-04-22 15:55:55,017:INFO:[LightGBM] [Warning] No further splits with positive gain, best gain: -inf
2026-04-22 15:55:55,019:INFO:[LightGBM] [Warning] No further splits with positive gain, best gain: -inf
2026-04-22 15:55:55,021:INFO:[LightGBM] [Warning] No further splits with positive gain, best gain: -inf
2026-04-22 15:55:55,023:INFO:[LightGBM] [Warning] No further splits with positive gain, best gain: -inf
2026-04-22 15:55:55,025:INFO:[LightGBM] [Warning] No further splits with positive gain, best gain: -inf
2026-04-22 15:55:55,027:INFO:[LightGBM] [Warning] No further splits with positive gain, best gain: -inf
2026-04-22 15:55:55,029:INFO:[LightGBM] [Warning] No further splits with positive gain, best gain: -inf
2026-04-22 15:55:55,030:INFO:[LightGBM] [Warning] No further splits with positive gain, best gain: -inf
2026-04-22 15:55:55,033:INFO:[LightGBM] [Warning] No further splits with positive gain, best gain: -inf
2026-04-22 15:55:55,035:INFO:[LightGBM] [Warning] No further splits with positive gain, best gain: -inf
2026-04-22 15:55:55,039:INFO:[LightGBM] [Warning] No further splits with positive gain, best gain: -inf
2026-04-22 15:55:55,041:INFO:[LightGBM] [Warning] No further splits with positive gain, best gain: -inf
2026-04-22 15:55:55,043:INFO:[LightGBM] [Warning] No further splits with positive gain, best gain: -inf
2026-04-22 15:55:55,045:INFO:[LightGBM] [Warning] No further splits with positive gain, best gain: -inf
2026-04-22 15:55:55,047:INFO:[LightGBM] [Warning] No further splits with positive gain, best gain: -inf
2026-04-22 15:55:55,051:INFO:[LightGBM] [Warning] No further splits with positive gain, best gain: -inf
2026-04-22 15:55:55,055:INFO:[LightGBM] [Warning] No further splits with positive gain, best gain: -inf
2026-04-22 15:55:55,057:INFO:[LightGBM] [Warning] No further splits with positive gain, best gain: -inf
2026-04-22 15:55:55,060:INFO:[LightGBM] [Warning] No further splits with positive gain, best gain: -inf
2026-04-22 15:55:55,062:INFO:[LightGBM] [Warning] No further splits with positive gain, best gain: -inf
2026-04-22 15:55:55,065:INFO:[LightGBM] [Warning] No further splits with positive gain, best gain: -inf
2026-04-22 15:55:55,067:INFO:[LightGBM] [Warning] No further splits with positive gain, best gain: -inf
2026-04-22 15:55:55,069:INFO:[LightGBM] [Warning] No further splits with positive gain, best gain: -inf
2026-04-22 15:55:55,070:INFO:[LightGBM] [Warning] No further splits with positive gain, best gain: -inf
2026-04-22 15:55:55,072:INFO:[LightGBM] [Warning] No further splits with positive gain, best gain: -inf
2026-04-22 15:55:55,074:INFO:[LightGBM] [Warning] No further splits with positive gain, best gain: -inf
2026-04-22 15:55:55,076:INFO:[LightGBM] [Warning] No further splits with positive gain, best gain: -inf
2026-04-22 15:55:55,079:INFO:[LightGBM] [Warning] No further splits with positive gain, best gain: -inf
2026-04-22 15:55:55,081:INFO:[LightGBM] [Warning] No further splits with positive gain, best gain: -inf
2026-04-22 15:55:55,083:INFO:[LightGBM] [Warning] No further splits with positive gain, best gain: -inf
2026-04-22 15:55:55,085:INFO:[LightGBM] [Warning] No further splits with positive gain, best gain: -inf
2026-04-22 15:55:55,087:INFO:[LightGBM] [Warning] No further splits with positive gain, best gain: -inf
2026-04-22 15:55:55,089:INFO:[LightGBM] [Warning] No further splits with positive gain, best gain: -inf
2026-04-22 15:55:55,091:INFO:[LightGBM] [Warning] No further splits with positive gain, best gain: -inf
2026-04-22 15:55:55,093:INFO:[LightGBM] [Warning] No further splits with positive gain, best gain: -inf
2026-04-22 15:55:55,095:INFO:[LightGBM] [Warning] No further splits with positive gain, best gain: -inf
2026-04-22 15:55:55,096:INFO:[LightGBM] [Warning] No further splits with positive gain, best gain: -inf
2026-04-22 15:55:55,099:INFO:[LightGBM] [Warning] No further splits with positive gain, best gain: -inf
2026-04-22 15:55:55,101:INFO:[LightGBM] [Warning] No further splits with positive gain, best gain: -inf
2026-04-22 15:55:55,103:INFO:[LightGBM] [Warning] No further splits with positive gain, best gain: -inf
2026-04-22 15:55:55,106:INFO:[LightGBM] [Warning] No further splits with positive gain, best gain: -inf
2026-04-22 15:55:55,108:INFO:[LightGBM] [Warning] No further splits with positive gain, best gain: -inf
2026-04-22 15:55:55,110:INFO:[LightGBM] [Warning] No further splits with positive gain, best gain: -inf
2026-04-22 15:55:55,111:INFO:[LightGBM] [Warning] No further splits with positive gain, best gain: -inf
2026-04-22 15:55:55,113:INFO:[LightGBM] [Warning] No further splits with positive gain, best gain: -inf
2026-04-22 15:55:55,115:INFO:[LightGBM] [Warning] No further splits with positive gain, best gain: -inf
2026-04-22 15:55:55,117:INFO:[LightGBM] [Warning] No further splits with positive gain, best gain: -inf
2026-04-22 15:55:55,119:INFO:[LightGBM] [Warning] No further splits with positive gain, best gain: -inf
2026-04-22 15:55:55,121:INFO:[LightGBM] [Warning] No further splits with positive gain, best gain: -inf
2026-04-22 15:55:55,123:INFO:[LightGBM] [Warning] No further splits with positive gain, best gain: -inf
2026-04-22 15:55:55,125:INFO:[LightGBM] [Warning] No further splits with positive gain, best gain: -inf
2026-04-22 15:55:55,127:INFO:[LightGBM] [Warning] No further splits with positive gain, best gain: -inf
2026-04-22 15:55:55,130:INFO:[LightGBM] [Warning] No further splits with positive gain, best gain: -inf
2026-04-22 15:55:55,132:INFO:[LightGBM] [Warning] No further splits with positive gain, best gain: -inf
2026-04-22 15:55:55,134:INFO:[LightGBM] [Warning] No further splits with positive gain, best gain: -inf
2026-04-22 15:55:55,136:INFO:[LightGBM] [Warning] No further splits with positive gain, best gain: -inf
2026-04-22 15:55:55,138:INFO:[LightGBM] [Warning] No further splits with positive gain, best gain: -inf
2026-04-22 15:55:55,140:INFO:[LightGBM] [Warning] No further splits with positive gain, best gain: -inf
2026-04-22 15:55:55,142:INFO:[LightGBM] [Warning] No further splits with positive gain, best gain: -inf
2026-04-22 15:55:55,144:INFO:[LightGBM] [Warning] No further splits with positive gain, best gain: -inf
2026-04-22 15:55:55,146:INFO:[LightGBM] [Warning] No further splits with positive gain, best gain: -inf
2026-04-22 15:55:55,148:INFO:[LightGBM] [Warning] No further splits with positive gain, best gain: -inf
2026-04-22 15:55:55,151:INFO:[LightGBM] [Warning] No further splits with positive gain, best gain: -inf
2026-04-22 15:55:55,153:INFO:[LightGBM] [Warning] No further splits with positive gain, best gain: -inf
2026-04-22 15:55:55,157:INFO:[LightGBM] [Warning] No further splits with positive gain, best gain: -inf
2026-04-22 15:55:55,159:INFO:[LightGBM] [Warning] No further splits with positive gain, best gain: -inf
2026-04-22 15:55:55,161:INFO:[LightGBM] [Warning] No further splits with positive gain, best gain: -inf
2026-04-22 15:55:55,167:INFO:[LightGBM] [Warning] No further splits with positive gain, best gain: -inf
2026-04-22 15:55:55,170:INFO:[LightGBM] [Warning] No further splits with positive gain, best gain: -inf
2026-04-22 15:55:55,172:INFO:[LightGBM] [Warning] No further splits with positive gain, best gain: -inf
2026-04-22 15:55:55,175:INFO:[LightGBM] [Warning] No further splits with positive gain, best gain: -inf
2026-04-22 15:55:55,179:INFO:[LightGBM] [Warning] No further splits with positive gain, best gain: -inf
2026-04-22 15:55:55,181:INFO:[LightGBM] [Warning] No further splits with positive gain, best gain: -inf
2026-04-22 15:55:55,183:INFO:[LightGBM] [Warning] No further splits with positive gain, best gain: -inf
2026-04-22 15:55:55,185:INFO:[LightGBM] [Warning] No further splits with positive gain, best gain: -inf
2026-04-22 15:55:55,189:INFO:[LightGBM] [Warning] No further splits with positive gain, best gain: -inf
2026-04-22 15:55:55,191:INFO:[LightGBM] [Warning] No further splits with positive gain, best gain: -inf
2026-04-22 15:55:55,193:INFO:[LightGBM] [Warning] No further splits with positive gain, best gain: -inf
2026-04-22 15:55:55,195:INFO:[LightGBM] [Warning] No further splits with positive gain, best gain: -inf
2026-04-22 15:55:55,197:INFO:[LightGBM] [Warning] No further splits with positive gain, best gain: -inf
2026-04-22 15:55:55,200:INFO:[LightGBM] [Warning] No further splits with positive gain, best gain: -inf
2026-04-22 15:55:55,202:INFO:[LightGBM] [Warning] No further splits with positive gain, best gain: -inf
2026-04-22 15:55:55,204:INFO:[LightGBM] [Warning] No further splits with positive gain, best gain: -inf
2026-04-22 15:55:55,206:INFO:[LightGBM] [Warning] No further splits with positive gain, best gain: -inf
2026-04-22 15:55:55,208:INFO:[LightGBM] [Warning] No further splits with positive gain, best gain: -inf
2026-04-22 15:55:55,209:INFO:[LightGBM] [Warning] No further splits with positive gain, best gain: -inf
2026-04-22 15:55:55,211:INFO:[LightGBM] [Warning] No further splits with positive gain, best gain: -inf
2026-04-22 15:55:55,213:INFO:[LightGBM] [Warning] No further splits with positive gain, best gain: -inf
2026-04-22 15:55:55,215:INFO:[LightGBM] [Warning] No further splits with positive gain, best gain: -inf
2026-04-22 15:55:55,217:INFO:[LightGBM] [Warning] No further splits with positive gain, best gain: -inf
2026-04-22 15:55:55,219:INFO:[LightGBM] [Warning] No further splits with positive gain, best gain: -inf
2026-04-22 15:55:55,221:INFO:[LightGBM] [Warning] No further splits with positive gain, best gain: -inf
2026-04-22 15:55:55,223:INFO:[LightGBM] [Warning] No further splits with positive gain, best gain: -inf
2026-04-22 15:55:55,225:INFO:[LightGBM] [Warning] No further splits with positive gain, best gain: -inf
2026-04-22 15:55:55,227:INFO:[LightGBM] [Warning] No further splits with positive gain, best gain: -inf
2026-04-22 15:55:55,230:INFO:[LightGBM] [Warning] No further splits with positive gain, best gain: -inf
2026-04-22 15:55:55,232:INFO:[LightGBM] [Warning] No further splits with positive gain, best gain: -inf
2026-04-22 15:55:55,234:INFO:[LightGBM] [Warning] No further splits with positive gain, best gain: -inf
2026-04-22 15:55:55,236:INFO:[LightGBM] [Warning] No further splits with positive gain, best gain: -inf
2026-04-22 15:55:55,238:INFO:[LightGBM] [Warning] No further splits with positive gain, best gain: -inf
2026-04-22 15:55:55,239:INFO:[LightGBM] [Warning] No further splits with positive gain, best gain: -inf
2026-04-22 15:55:55,241:INFO:[LightGBM] [Warning] No further splits with positive gain, best gain: -inf
2026-04-22 15:55:55,243:INFO:[LightGBM] [Warning] No further splits with positive gain, best gain: -inf
2026-04-22 15:55:55,248:INFO:[LightGBM] [Warning] No further splits with positive gain, best gain: -inf
2026-04-22 15:55:55,251:INFO:[LightGBM] [Warning] No further splits with positive gain, best gain: -inf
2026-04-22 15:55:55,253:INFO:[LightGBM] [Warning] No further splits with positive gain, best gain: -inf
2026-04-22 15:55:55,255:INFO:[LightGBM] [Warning] No further splits with positive gain, best gain: -inf
2026-04-22 15:55:55,257:INFO:[LightGBM] [Warning] No further splits with positive gain, best gain: -inf
2026-04-22 15:55:55,259:INFO:[LightGBM] [Warning] No further splits with positive gain, best gain: -inf
2026-04-22 15:55:55,261:INFO:[LightGBM] [Warning] No further splits with positive gain, best gain: -inf
2026-04-22 15:55:55,263:INFO:[LightGBM] [Warning] No further splits with positive gain, best gain: -inf
2026-04-22 15:55:55,264:INFO:[LightGBM] [Warning] No further splits with positive gain, best gain: -inf
2026-04-22 15:55:55,267:INFO:[LightGBM] [Warning] No further splits with positive gain, best gain: -inf
2026-04-22 15:55:55,270:INFO:[LightGBM] [Warning] No further splits with positive gain, best gain: -inf
2026-04-22 15:55:55,272:INFO:[LightGBM] [Warning] No further splits with positive gain, best gain: -inf
2026-04-22 15:55:55,275:INFO:[LightGBM] [Warning] No further splits with positive gain, best gain: -inf
2026-04-22 15:55:55,278:INFO:[LightGBM] [Warning] No further splits with positive gain, best gain: -inf
2026-04-22 15:55:55,280:INFO:[LightGBM] [Warning] No further splits with positive gain, best gain: -inf
2026-04-22 15:55:55,282:INFO:[LightGBM] [Warning] No further splits with positive gain, best gain: -inf
2026-04-22 15:55:55,284:INFO:[LightGBM] [Warning] No further splits with positive gain, best gain: -inf
2026-04-22 15:55:55,286:INFO:[LightGBM] [Warning] No further splits with positive gain, best gain: -inf
2026-04-22 15:55:55,288:INFO:[LightGBM] [Warning] No further splits with positive gain, best gain: -inf
2026-04-22 15:55:55,290:INFO:[LightGBM] [Warning] No further splits with positive gain, best gain: -inf
2026-04-22 15:55:55,292:INFO:[LightGBM] [Warning] No further splits with positive gain, best gain: -inf
2026-04-22 15:55:55,294:INFO:[LightGBM] [Warning] No further splits with positive gain, best gain: -inf
2026-04-22 15:55:55,296:INFO:[LightGBM] [Warning] No further splits with positive gain, best gain: -inf
2026-04-22 15:55:55,299:INFO:[LightGBM] [Warning] No further splits with positive gain, best gain: -inf
2026-04-22 15:55:55,301:INFO:[LightGBM] [Warning] No further splits with positive gain, best gain: -inf
2026-04-22 15:55:55,307:INFO:[LightGBM] [Warning] No further splits with positive gain, best gain: -inf
2026-04-22 15:55:55,310:INFO:[LightGBM] [Warning] No further splits with positive gain, best gain: -inf
2026-04-22 15:55:55,314:INFO:[LightGBM] [Warning] No further splits with positive gain, best gain: -inf
2026-04-22 15:55:55,315:INFO:[LightGBM] [Warning] No further splits with positive gain, best gain: -inf
2026-04-22 15:55:55,318:INFO:[LightGBM] [Warning] No further splits with positive gain, best gain: -inf
2026-04-22 15:55:55,319:INFO:[LightGBM] [Warning] No further splits with positive gain, best gain: -inf
2026-04-22 15:55:55,322:INFO:[LightGBM] [Warning] No further splits with positive gain, best gain: -inf
2026-04-22 15:55:55,324:INFO:[LightGBM] [Warning] No further splits with positive gain, best gain: -inf
2026-04-22 15:55:55,326:INFO:[LightGBM] [Warning] No further splits with positive gain, best gain: -inf
2026-04-22 15:55:55,329:INFO:[LightGBM] [Warning] No further splits with positive gain, best gain: -inf
2026-04-22 15:55:55,331:INFO:[LightGBM] [Warning] No further splits with positive gain, best gain: -inf
2026-04-22 15:55:55,334:INFO:[LightGBM] [Warning] No further splits with positive gain, best gain: -inf
2026-04-22 15:55:55,336:INFO:[LightGBM] [Warning] No further splits with positive gain, best gain: -inf
2026-04-22 15:55:55,339:INFO:[LightGBM] [Warning] No further splits with positive gain, best gain: -inf
2026-04-22 15:55:55,341:INFO:[LightGBM] [Warning] No further splits with positive gain, best gain: -inf
2026-04-22 15:55:55,343:INFO:[LightGBM] [Warning] No further splits with positive gain, best gain: -inf
2026-04-22 15:55:55,344:INFO:[LightGBM] [Warning] No further splits with positive gain, best gain: -inf
2026-04-22 15:55:55,346:INFO:[LightGBM] [Warning] No further splits with positive gain, best gain: -inf
2026-04-22 15:55:55,348:INFO:[LightGBM] [Warning] No further splits with positive gain, best gain: -inf
2026-04-22 15:55:55,350:INFO:[LightGBM] [Warning] No further splits with positive gain, best gain: -inf
2026-04-22 15:55:55,353:INFO:[LightGBM] [Warning] No further splits with positive gain, best gain: -inf
2026-04-22 15:55:55,355:INFO:[LightGBM] [Warning] No further splits with positive gain, best gain: -inf
2026-04-22 15:55:55,357:INFO:[LightGBM] [Warning] No further splits with positive gain, best gain: -inf
2026-04-22 15:55:55,359:INFO:[LightGBM] [Warning] No further splits with positive gain, best gain: -inf
2026-04-22 15:55:55,361:INFO:[LightGBM] [Warning] No further splits with positive gain, best gain: -inf
2026-04-22 15:55:55,363:INFO:[LightGBM] [Warning] No further splits with positive gain, best gain: -inf
2026-04-22 15:55:55,365:INFO:[LightGBM] [Warning] No further splits with positive gain, best gain: -inf
2026-04-22 15:55:55,367:INFO:[LightGBM] [Warning] No further splits with positive gain, best gain: -inf
2026-04-22 15:55:55,369:INFO:[LightGBM] [Warning] No further splits with positive gain, best gain: -inf
2026-04-22 15:55:55,371:INFO:[LightGBM] [Warning] No further splits with positive gain, best gain: -inf
2026-04-22 15:55:55,377:INFO:[LightGBM] [Warning] No further splits with positive gain, best gain: -inf
2026-04-22 15:55:55,379:INFO:[LightGBM] [Warning] No further splits with positive gain, best gain: -inf
2026-04-22 15:55:55,381:INFO:[LightGBM] [Warning] No further splits with positive gain, best gain: -inf
2026-04-22 15:55:55,383:INFO:[LightGBM] [Warning] No further splits with positive gain, best gain: -inf
2026-04-22 15:55:55,386:INFO:[LightGBM] [Warning] No further splits with positive gain, best gain: -inf
2026-04-22 15:55:55,388:INFO:[LightGBM] [Warning] No further splits with positive gain, best gain: -inf
2026-04-22 15:55:55,390:INFO:[LightGBM] [Warning] No further splits with positive gain, best gain: -inf
2026-04-22 15:55:55,391:INFO:[LightGBM] [Warning] No further splits with positive gain, best gain: -inf
2026-04-22 15:55:55,398:INFO:[LightGBM] [Warning] No further splits with positive gain, best gain: -inf
2026-04-22 15:55:55,402:INFO:[LightGBM] [Warning] No further splits with positive gain, best gain: -inf
2026-04-22 15:55:55,404:INFO:[LightGBM] [Warning] No further splits with positive gain, best gain: -inf
2026-04-22 15:55:55,406:INFO:[LightGBM] [Warning] No further splits with positive gain, best gain: -inf
2026-04-22 15:55:55,408:INFO:[LightGBM] [Warning] No further splits with positive gain, best gain: -inf
2026-04-22 15:55:55,410:INFO:[LightGBM] [Warning] No further splits with positive gain, best gain: -inf
2026-04-22 15:55:55,411:INFO:[LightGBM] [Warning] No further splits with positive gain, best gain: -inf
2026-04-22 15:55:55,413:INFO:[LightGBM] [Warning] No further splits with positive gain, best gain: -inf
2026-04-22 15:55:55,416:INFO:[LightGBM] [Warning] No further splits with positive gain, best gain: -inf
2026-04-22 15:55:55,418:INFO:[LightGBM] [Warning] No further splits with positive gain, best gain: -inf
2026-04-22 15:55:55,420:INFO:[LightGBM] [Warning] No further splits with positive gain, best gain: -inf
2026-04-22 15:55:55,422:INFO:[LightGBM] [Warning] No further splits with positive gain, best gain: -inf
2026-04-22 15:55:55,424:INFO:[LightGBM] [Warning] No further splits with positive gain, best gain: -inf
2026-04-22 15:55:55,427:INFO:[LightGBM] [Warning] No further splits with positive gain, best gain: -inf
2026-04-22 15:55:55,429:INFO:[LightGBM] [Warning] No further splits with positive gain, best gain: -inf
2026-04-22 15:55:55,432:INFO:[LightGBM] [Warning] No further splits with positive gain, best gain: -inf
2026-04-22 15:55:55,434:INFO:[LightGBM] [Warning] No further splits with positive gain, best gain: -inf
2026-04-22 15:55:55,436:INFO:[LightGBM] [Warning] No further splits with positive gain, best gain: -inf
2026-04-22 15:55:55,438:INFO:[LightGBM] [Warning] No further splits with positive gain, best gain: -inf
2026-04-22 15:55:55,444:INFO:[LightGBM] [Warning] No further splits with positive gain, best gain: -inf
2026-04-22 15:55:55,446:INFO:[LightGBM] [Warning] No further splits with positive gain, best gain: -inf
2026-04-22 15:55:55,449:INFO:[LightGBM] [Warning] No further splits with positive gain, best gain: -inf
2026-04-22 15:55:55,453:INFO:[LightGBM] [Warning] No further splits with positive gain, best gain: -inf
2026-04-22 15:55:55,455:INFO:[LightGBM] [Warning] No further splits with positive gain, best gain: -inf
2026-04-22 15:55:55,458:INFO:[LightGBM] [Warning] No further splits with positive gain, best gain: -inf
2026-04-22 15:55:55,460:INFO:[LightGBM] [Warning] No further splits with positive gain, best gain: -inf
2026-04-22 15:55:55,462:INFO:[LightGBM] [Warning] No further splits with positive gain, best gain: -inf
2026-04-22 15:55:55,464:INFO:[LightGBM] [Warning] No further splits with positive gain, best gain: -inf
2026-04-22 15:55:55,466:INFO:[LightGBM] [Warning] No further splits with positive gain, best gain: -inf
2026-04-22 15:55:55,468:INFO:[LightGBM] [Warning] No further splits with positive gain, best gain: -inf
2026-04-22 15:55:55,471:INFO:[LightGBM] [Warning] No further splits with positive gain, best gain: -inf
2026-04-22 15:55:55,473:INFO:[LightGBM] [Warning] No further splits with positive gain, best gain: -inf
2026-04-22 15:55:55,475:INFO:[LightGBM] [Warning] No further splits with positive gain, best gain: -inf
2026-04-22 15:55:55,477:INFO:[LightGBM] [Warning] No further splits with positive gain, best gain: -inf
2026-04-22 15:55:55,479:INFO:[LightGBM] [Warning] No further splits with positive gain, best gain: -inf
2026-04-22 15:55:55,481:INFO:[LightGBM] [Warning] No further splits with positive gain, best gain: -inf
2026-04-22 15:55:55,483:INFO:[LightGBM] [Warning] No further splits with positive gain, best gain: -inf
2026-04-22 15:55:55,485:INFO:[LightGBM] [Warning] No further splits with positive gain, best gain: -inf
2026-04-22 15:55:55,487:INFO:[LightGBM] [Warning] No further splits with positive gain, best gain: -inf
2026-04-22 15:55:55,489:INFO:[LightGBM] [Warning] No further splits with positive gain, best gain: -inf
2026-04-22 15:55:55,491:INFO:[LightGBM] [Warning] No further splits with positive gain, best gain: -inf
2026-04-22 15:55:55,498:INFO:[LightGBM] [Warning] No further splits with positive gain, best gain: -inf
2026-04-22 15:55:55,501:INFO:[LightGBM] [Warning] No further splits with positive gain, best gain: -inf
2026-04-22 15:55:55,503:INFO:[LightGBM] [Warning] No further splits with positive gain, best gain: -inf
2026-04-22 15:55:55,505:INFO:[LightGBM] [Warning] No further splits with positive gain, best gain: -inf
2026-04-22 15:55:55,507:INFO:[LightGBM] [Warning] No further splits with positive gain, best gain: -inf
2026-04-22 15:55:55,509:INFO:[LightGBM] [Warning] No further splits with positive gain, best gain: -inf
2026-04-22 15:55:55,511:INFO:[LightGBM] [Warning] No further splits with positive gain, best gain: -inf
2026-04-22 15:55:55,513:INFO:[LightGBM] [Warning] No further splits with positive gain, best gain: -inf
2026-04-22 15:55:55,515:INFO:[LightGBM] [Warning] No further splits with positive gain, best gain: -inf
2026-04-22 15:55:55,517:INFO:[LightGBM] [Warning] No further splits with positive gain, best gain: -inf
2026-04-22 15:55:55,519:INFO:[LightGBM] [Warning] No further splits with positive gain, best gain: -inf
2026-04-22 15:55:55,521:INFO:[LightGBM] [Warning] No further splits with positive gain, best gain: -inf
2026-04-22 15:55:55,524:INFO:[LightGBM] [Warning] No further splits with positive gain, best gain: -inf
2026-04-22 15:55:55,525:INFO:[LightGBM] [Warning] No further splits with positive gain, best gain: -inf
2026-04-22 15:55:55,527:INFO:[LightGBM] [Warning] No further splits with positive gain, best gain: -inf
2026-04-22 15:55:55,529:INFO:[LightGBM] [Warning] No further splits with positive gain, best gain: -inf
2026-04-22 15:55:55,533:INFO:[LightGBM] [Warning] No further splits with positive gain, best gain: -inf
2026-04-22 15:55:55,535:INFO:[LightGBM] [Warning] No further splits with positive gain, best gain: -inf
2026-04-22 15:55:55,537:INFO:[LightGBM] [Warning] No further splits with positive gain, best gain: -inf
2026-04-22 15:55:55,538:INFO:[LightGBM] [Warning] No further splits with positive gain, best gain: -inf
2026-04-22 15:55:55,541:INFO:[LightGBM] [Warning] No further splits with positive gain, best gain: -inf
2026-04-22 15:55:55,543:INFO:[LightGBM] [Warning] No further splits with positive gain, best gain: -inf
2026-04-22 15:55:55,545:INFO:[LightGBM] [Warning] No further splits with positive gain, best gain: -inf
2026-04-22 15:55:55,547:INFO:[LightGBM] [Warning] No further splits with positive gain, best gain: -inf
2026-04-22 15:55:55,555:INFO:[LightGBM] [Warning] No further splits with positive gain, best gain: -inf
2026-04-22 15:55:55,559:INFO:[LightGBM] [Warning] No further splits with positive gain, best gain: -inf
2026-04-22 15:55:55,561:INFO:[LightGBM] [Warning] No further splits with positive gain, best gain: -inf
2026-04-22 15:55:55,563:INFO:[LightGBM] [Warning] No further splits with positive gain, best gain: -inf
2026-04-22 15:55:55,565:INFO:[LightGBM] [Warning] No further splits with positive gain, best gain: -inf
2026-04-22 15:55:55,567:INFO:[LightGBM] [Warning] No further splits with positive gain, best gain: -inf
2026-04-22 15:55:55,570:INFO:[LightGBM] [Warning] No further splits with positive gain, best gain: -inf
2026-04-22 15:55:55,572:INFO:[LightGBM] [Warning] No further splits with positive gain, best gain: -inf
2026-04-22 15:55:55,575:INFO:[LightGBM] [Warning] No further splits with positive gain, best gain: -inf
2026-04-22 15:55:55,577:INFO:[LightGBM] [Warning] No further splits with positive gain, best gain: -inf
2026-04-22 15:55:55,579:INFO:[LightGBM] [Warning] No further splits with positive gain, best gain: -inf
2026-04-22 15:55:55,581:INFO:[LightGBM] [Warning] No further splits with positive gain, best gain: -inf
2026-04-22 15:55:55,583:INFO:[LightGBM] [Warning] No further splits with positive gain, best gain: -inf
2026-04-22 15:55:55,585:INFO:[LightGBM] [Warning] No further splits with positive gain, best gain: -inf
2026-04-22 15:55:55,588:INFO:[LightGBM] [Warning] No further splits with positive gain, best gain: -inf
2026-04-22 15:55:55,589:INFO:[LightGBM] [Warning] No further splits with positive gain, best gain: -inf
2026-04-22 15:55:55,591:INFO:[LightGBM] [Warning] No further splits with positive gain, best gain: -inf
2026-04-22 15:55:55,593:INFO:[LightGBM] [Warning] No further splits with positive gain, best gain: -inf
2026-04-22 15:55:55,598:INFO:[LightGBM] [Warning] No further splits with positive gain, best gain: -inf
2026-04-22 15:55:55,600:INFO:[LightGBM] [Warning] No further splits with positive gain, best gain: -inf
2026-04-22 15:55:55,601:INFO:[LightGBM] [Warning] No further splits with positive gain, best gain: -inf
2026-04-22 15:55:55,603:INFO:[LightGBM] [Warning] No further splits with positive gain, best gain: -inf
2026-04-22 15:55:55,605:INFO:[LightGBM] [Warning] No further splits with positive gain, best gain: -inf
2026-04-22 15:55:55,607:INFO:[LightGBM] [Warning] No further splits with positive gain, best gain: -inf
2026-04-22 15:55:55,610:INFO:[LightGBM] [Warning] No further splits with positive gain, best gain: -inf
2026-04-22 15:55:55,611:INFO:[LightGBM] [Warning] No further splits with positive gain, best gain: -inf
2026-04-22 15:55:55,616:INFO:[LightGBM] [Warning] No further splits with positive gain, best gain: -inf
2026-04-22 15:55:55,618:INFO:[LightGBM] [Warning] No further splits with positive gain, best gain: -inf
2026-04-22 15:55:55,622:INFO:[LightGBM] [Warning] No further splits with positive gain, best gain: -inf
2026-04-22 15:55:55,626:INFO:[LightGBM] [Warning] No further splits with positive gain, best gain: -inf
2026-04-22 15:55:55,629:INFO:[LightGBM] [Warning] No further splits with positive gain, best gain: -inf
2026-04-22 15:55:55,631:INFO:[LightGBM] [Warning] No further splits with positive gain, best gain: -inf
2026-04-22 15:55:55,633:INFO:[LightGBM] [Warning] No further splits with positive gain, best gain: -inf
2026-04-22 15:55:55,635:INFO:[LightGBM] [Warning] No further splits with positive gain, best gain: -inf
2026-04-22 15:55:55,637:INFO:[LightGBM] [Warning] No further splits with positive gain, best gain: -inf
2026-04-22 15:55:55,639:INFO:[LightGBM] [Warning] No further splits with positive gain, best gain: -inf
2026-04-22 15:55:55,644:INFO:[LightGBM] [Warning] No further splits with positive gain, best gain: -inf
2026-04-22 15:55:55,646:INFO:[LightGBM] [Warning] No further splits with positive gain, best gain: -inf
2026-04-22 15:55:55,648:INFO:[LightGBM] [Warning] No further splits with positive gain, best gain: -inf
2026-04-22 15:55:55,651:INFO:[LightGBM] [Warning] No further splits with positive gain, best gain: -inf
2026-04-22 15:55:55,654:INFO:[LightGBM] [Warning] No further splits with positive gain, best gain: -inf
2026-04-22 15:55:55,655:INFO:[LightGBM] [Warning] No further splits with positive gain, best gain: -inf
2026-04-22 15:55:55,658:INFO:[LightGBM] [Warning] No further splits with positive gain, best gain: -inf
2026-04-22 15:55:55,659:INFO:[LightGBM] [Warning] No further splits with positive gain, best gain: -inf
2026-04-22 15:55:55,662:INFO:[LightGBM] [Warning] No further splits with positive gain, best gain: -inf
2026-04-22 15:55:55,668:INFO:[LightGBM] [Warning] No further splits with positive gain, best gain: -inf
2026-04-22 15:55:55,671:INFO:[LightGBM] [Warning] No further splits with positive gain, best gain: -inf
2026-04-22 15:55:55,674:INFO:[LightGBM] [Warning] No further splits with positive gain, best gain: -inf
2026-04-22 15:55:55,676:INFO:[LightGBM] [Warning] No further splits with positive gain, best gain: -inf
2026-04-22 15:55:55,679:INFO:[LightGBM] [Warning] No further splits with positive gain, best gain: -inf
2026-04-22 15:55:55,681:INFO:[LightGBM] [Warning] No further splits with positive gain, best gain: -inf
2026-04-22 15:55:55,685:INFO:[LightGBM] [Warning] No further splits with positive gain, best gain: -inf
2026-04-22 15:55:55,689:INFO:[LightGBM] [Warning] No further splits with positive gain, best gain: -inf
2026-04-22 15:55:55,691:INFO:[LightGBM] [Warning] No further splits with positive gain, best gain: -inf
2026-04-22 15:55:55,695:INFO:[LightGBM] [Warning] No further splits with positive gain, best gain: -inf
2026-04-22 15:55:55,697:INFO:[LightGBM] [Warning] No further splits with positive gain, best gain: -inf
2026-04-22 15:55:55,702:INFO:[LightGBM] [Warning] No further splits with positive gain, best gain: -inf
2026-04-22 15:55:55,704:INFO:[LightGBM] [Warning] No further splits with positive gain, best gain: -inf
2026-04-22 15:55:55,707:INFO:[LightGBM] [Warning] No further splits with positive gain, best gain: -inf
2026-04-22 15:55:55,709:INFO:[LightGBM] [Warning] No further splits with positive gain, best gain: -inf
2026-04-22 15:55:55,711:INFO:[LightGBM] [Warning] No further splits with positive gain, best gain: -inf
2026-04-22 15:55:55,713:INFO:[LightGBM] [Warning] No further splits with positive gain, best gain: -inf
2026-04-22 15:55:55,716:INFO:[LightGBM] [Warning] No further splits with positive gain, best gain: -inf
2026-04-22 15:55:55,718:INFO:[LightGBM] [Warning] No further splits with positive gain, best gain: -inf
2026-04-22 15:55:55,720:INFO:[LightGBM] [Warning] No further splits with positive gain, best gain: -inf
2026-04-22 15:55:55,722:INFO:[LightGBM] [Warning] No further splits with positive gain, best gain: -inf
2026-04-22 15:55:55,724:INFO:[LightGBM] [Warning] No further splits with positive gain, best gain: -inf
2026-04-22 15:55:55,726:INFO:[LightGBM] [Warning] No further splits with positive gain, best gain: -inf
2026-04-22 15:55:55,728:INFO:[LightGBM] [Warning] No further splits with positive gain, best gain: -inf
2026-04-22 15:55:55,730:INFO:[LightGBM] [Warning] No further splits with positive gain, best gain: -inf
2026-04-22 15:55:55,732:INFO:[LightGBM] [Warning] No further splits with positive gain, best gain: -inf
2026-04-22 15:55:55,734:INFO:[LightGBM] [Warning] No further splits with positive gain, best gain: -inf
2026-04-22 15:55:55,736:INFO:[LightGBM] [Warning] No further splits with positive gain, best gain: -inf
2026-04-22 15:55:55,739:INFO:[LightGBM] [Warning] No further splits with positive gain, best gain: -inf
2026-04-22 15:55:55,740:INFO:[LightGBM] [Warning] No further splits with positive gain, best gain: -inf
2026-04-22 15:55:55,742:INFO:[LightGBM] [Warning] No further splits with positive gain, best gain: -inf
2026-04-22 15:55:55,747:INFO:[LightGBM] [Warning] No further splits with positive gain, best gain: -inf
2026-04-22 15:55:55,750:INFO:[LightGBM] [Warning] No further splits with positive gain, best gain: -inf
2026-04-22 15:55:55,753:INFO:[LightGBM] [Warning] No further splits with positive gain, best gain: -inf
2026-04-22 15:55:55,804:INFO:[LightGBM] [Warning] No further splits with positive gain, best gain: -inf
2026-04-22 15:55:55,808:INFO:[LightGBM] [Warning] No further splits with positive gain, best gain: -inf
2026-04-22 15:55:55,826:INFO:[LightGBM] [Warning] No further splits with positive gain, best gain: -inf
2026-04-22 15:55:55,830:INFO:[LightGBM] [Warning] No further splits with positive gain, best gain: -inf
2026-04-22 15:55:55,833:INFO:[LightGBM] [Warning] No further splits with positive gain, best gain: -inf
2026-04-22 15:55:55,834:INFO:[LightGBM] [Warning] No further splits with positive gain, best gain: -inf
2026-04-22 15:55:55,836:INFO:[LightGBM] [Warning] No further splits with positive gain, best gain: -inf
2026-04-22 15:55:55,839:INFO:[LightGBM] [Warning] No further splits with positive gain, best gain: -inf
2026-04-22 15:55:55,841:INFO:[LightGBM] [Warning] No further splits with positive gain, best gain: -inf
2026-04-22 15:55:55,843:INFO:[LightGBM] [Warning] No further splits with positive gain, best gain: -inf
2026-04-22 15:55:55,845:INFO:[LightGBM] [Warning] No further splits with positive gain, best gain: -inf
2026-04-22 15:55:55,848:INFO:[LightGBM] [Warning] No further splits with positive gain, best gain: -inf
2026-04-22 15:55:55,850:INFO:[LightGBM] [Warning] No further splits with positive gain, best gain: -inf
2026-04-22 15:55:55,852:INFO:[LightGBM] [Warning] No further splits with positive gain, best gain: -inf
2026-04-22 15:55:55,855:INFO:[LightGBM] [Warning] No further splits with positive gain, best gain: -inf
2026-04-22 15:55:55,857:INFO:[LightGBM] [Warning] No further splits with positive gain, best gain: -inf
2026-04-22 15:55:55,859:INFO:[LightGBM] [Warning] No further splits with positive gain, best gain: -inf
2026-04-22 15:55:55,864:INFO:[LightGBM] [Warning] No further splits with positive gain, best gain: -inf
2026-04-22 15:55:55,867:INFO:[LightGBM] [Warning] No further splits with positive gain, best gain: -inf
2026-04-22 15:55:55,869:INFO:[LightGBM] [Warning] No further splits with positive gain, best gain: -inf
2026-04-22 15:55:55,871:INFO:[LightGBM] [Warning] No further splits with positive gain, best gain: -inf
2026-04-22 15:55:55,873:INFO:[LightGBM] [Warning] No further splits with positive gain, best gain: -inf
2026-04-22 15:55:55,876:INFO:[LightGBM] [Warning] No further splits with positive gain, best gain: -inf
2026-04-22 15:55:55,877:INFO:[LightGBM] [Warning] No further splits with positive gain, best gain: -inf
2026-04-22 15:55:55,882:INFO:[LightGBM] [Warning] No further splits with positive gain, best gain: -inf
2026-04-22 15:55:55,889:INFO:[LightGBM] [Warning] No further splits with positive gain, best gain: -inf
2026-04-22 15:55:55,892:INFO:[LightGBM] [Warning] No further splits with positive gain, best gain: -inf
2026-04-22 15:55:55,894:INFO:[LightGBM] [Warning] No further splits with positive gain, best gain: -inf
2026-04-22 15:55:55,899:INFO:[LightGBM] [Warning] No further splits with positive gain, best gain: -inf
2026-04-22 15:55:55,900:INFO:[LightGBM] [Warning] No further splits with positive gain, best gain: -inf
2026-04-22 15:55:55,902:INFO:[LightGBM] [Warning] No further splits with positive gain, best gain: -inf
2026-04-22 15:55:55,904:INFO:[LightGBM] [Warning] No further splits with positive gain, best gain: -inf
2026-04-22 15:55:55,906:INFO:[LightGBM] [Warning] No further splits with positive gain, best gain: -inf
2026-04-22 15:55:55,909:INFO:[LightGBM] [Warning] No further splits with positive gain, best gain: -inf
2026-04-22 15:55:55,911:INFO:[LightGBM] [Warning] No further splits with positive gain, best gain: -inf
2026-04-22 15:55:55,913:INFO:[LightGBM] [Warning] No further splits with positive gain, best gain: -inf
2026-04-22 15:55:55,915:INFO:[LightGBM] [Warning] No further splits with positive gain, best gain: -inf
2026-04-22 15:55:55,918:INFO:[LightGBM] [Warning] No further splits with positive gain, best gain: -inf
2026-04-22 15:55:55,920:INFO:[LightGBM] [Warning] No further splits with positive gain, best gain: -inf
2026-04-22 15:55:55,922:INFO:[LightGBM] [Warning] No further splits with positive gain, best gain: -inf
2026-04-22 15:55:55,924:INFO:[LightGBM] [Warning] No further splits with positive gain, best gain: -inf
2026-04-22 15:55:55,926:INFO:[LightGBM] [Warning] No further splits with positive gain, best gain: -inf
2026-04-22 15:55:55,930:INFO:[LightGBM] [Warning] No further splits with positive gain, best gain: -inf
2026-04-22 15:55:55,931:INFO:[LightGBM] [Warning] No further splits with positive gain, best gain: -inf
2026-04-22 15:55:55,939:INFO:[LightGBM] [Warning] No further splits with positive gain, best gain: -inf
2026-04-22 15:55:55,945:INFO:[LightGBM] [Warning] No further splits with positive gain, best gain: -inf
2026-04-22 15:55:55,955:INFO:[LightGBM] [Warning] No further splits with positive gain, best gain: -inf
2026-04-22 15:55:55,958:INFO:[LightGBM] [Warning] No further splits with positive gain, best gain: -inf
2026-04-22 15:55:55,961:INFO:[LightGBM] [Warning] No further splits with positive gain, best gain: -inf
2026-04-22 15:55:55,964:INFO:[LightGBM] [Warning] No further splits with positive gain, best gain: -inf
2026-04-22 15:55:55,966:INFO:[LightGBM] [Warning] No further splits with positive gain, best gain: -inf
2026-04-22 15:55:55,969:INFO:[LightGBM] [Warning] No further splits with positive gain, best gain: -inf
2026-04-22 15:55:55,971:INFO:[LightGBM] [Warning] No further splits with positive gain, best gain: -inf
2026-04-22 15:55:55,973:INFO:[LightGBM] [Warning] No further splits with positive gain, best gain: -inf
2026-04-22 15:55:55,976:INFO:[LightGBM] [Warning] No further splits with positive gain, best gain: -inf
2026-04-22 15:55:55,978:INFO:[LightGBM] [Warning] No further splits with positive gain, best gain: -inf
2026-04-22 15:55:55,980:INFO:[LightGBM] [Warning] No further splits with positive gain, best gain: -inf
2026-04-22 15:55:55,983:INFO:[LightGBM] [Warning] No further splits with positive gain, best gain: -inf
2026-04-22 15:55:55,985:INFO:[LightGBM] [Warning] No further splits with positive gain, best gain: -inf
2026-04-22 15:55:55,987:INFO:[LightGBM] [Warning] No further splits with positive gain, best gain: -inf
2026-04-22 15:55:55,989:INFO:[LightGBM] [Warning] No further splits with positive gain, best gain: -inf
2026-04-22 15:55:55,991:INFO:[LightGBM] [Warning] No further splits with positive gain, best gain: -inf
2026-04-22 15:55:55,996:INFO:[LightGBM] [Warning] No further splits with positive gain, best gain: -inf
2026-04-22 15:55:55,998:INFO:[LightGBM] [Warning] No further splits with positive gain, best gain: -inf
2026-04-22 15:55:56,003:INFO:[LightGBM] [Warning] No further splits with positive gain, best gain: -inf
2026-04-22 15:55:56,005:INFO:[LightGBM] [Warning] No further splits with positive gain, best gain: -inf
2026-04-22 15:55:56,008:INFO:[LightGBM] [Warning] No further splits with positive gain, best gain: -inf
2026-04-22 15:55:56,010:INFO:[LightGBM] [Warning] No further splits with positive gain, best gain: -inf
2026-04-22 15:55:56,012:INFO:[LightGBM] [Warning] No further splits with positive gain, best gain: -inf
2026-04-22 15:55:56,014:INFO:[LightGBM] [Warning] No further splits with positive gain, best gain: -inf
2026-04-22 15:55:56,016:INFO:[LightGBM] [Warning] No further splits with positive gain, best gain: -inf
2026-04-22 15:55:56,018:INFO:[LightGBM] [Warning] No further splits with positive gain, best gain: -inf
2026-04-22 15:55:56,020:INFO:[LightGBM] [Warning] No further splits with positive gain, best gain: -inf
2026-04-22 15:55:56,023:INFO:[LightGBM] [Warning] No further splits with positive gain, best gain: -inf
2026-04-22 15:55:56,025:INFO:[LightGBM] [Warning] No further splits with positive gain, best gain: -inf
2026-04-22 15:55:56,027:INFO:[LightGBM] [Warning] No further splits with positive gain, best gain: -inf
2026-04-22 15:55:56,030:INFO:[LightGBM] [Warning] No further splits with positive gain, best gain: -inf
2026-04-22 15:55:56,032:INFO:[LightGBM] [Warning] No further splits with positive gain, best gain: -inf
2026-04-22 15:55:56,036:INFO:[LightGBM] [Warning] No further splits with positive gain, best gain: -inf
2026-04-22 15:55:56,038:INFO:[LightGBM] [Warning] No further splits with positive gain, best gain: -inf
2026-04-22 15:55:56,040:INFO:[LightGBM] [Warning] No further splits with positive gain, best gain: -inf
2026-04-22 15:55:56,042:INFO:[LightGBM] [Warning] No further splits with positive gain, best gain: -inf
2026-04-22 15:55:56,044:INFO:[LightGBM] [Warning] No further splits with positive gain, best gain: -inf
2026-04-22 15:55:56,046:INFO:[LightGBM] [Warning] No further splits with positive gain, best gain: -inf
2026-04-22 15:55:56,049:INFO:[LightGBM] [Warning] No further splits with positive gain, best gain: -inf
2026-04-22 15:55:56,051:INFO:[LightGBM] [Warning] No further splits with positive gain, best gain: -inf
2026-04-22 15:55:56,059:INFO:[LightGBM] [Warning] No further splits with positive gain, best gain: -inf
2026-04-22 15:55:56,062:INFO:[LightGBM] [Warning] No further splits with positive gain, best gain: -inf
2026-04-22 15:55:56,064:INFO:[LightGBM] [Warning] No further splits with positive gain, best gain: -inf
2026-04-22 15:55:56,067:INFO:[LightGBM] [Warning] No further splits with positive gain, best gain: -inf
2026-04-22 15:55:56,070:INFO:[LightGBM] [Warning] No further splits with positive gain, best gain: -inf
2026-04-22 15:55:56,073:INFO:[LightGBM] [Warning] No further splits with positive gain, best gain: -inf
2026-04-22 15:55:56,075:INFO:[LightGBM] [Warning] No further splits with positive gain, best gain: -inf
2026-04-22 15:55:56,078:INFO:[LightGBM] [Warning] No further splits with positive gain, best gain: -inf
2026-04-22 15:55:56,080:INFO:[LightGBM] [Warning] No further splits with positive gain, best gain: -inf
2026-04-22 15:55:56,082:INFO:[LightGBM] [Warning] No further splits with positive gain, best gain: -inf
2026-04-22 15:55:56,084:INFO:[LightGBM] [Warning] No further splits with positive gain, best gain: -inf
2026-04-22 15:55:56,086:INFO:[LightGBM] [Warning] No further splits with positive gain, best gain: -inf
2026-04-22 15:55:56,088:INFO:[LightGBM] [Warning] No further splits with positive gain, best gain: -inf
2026-04-22 15:55:56,090:INFO:[LightGBM] [Warning] No further splits with positive gain, best gain: -inf
2026-04-22 15:55:56,093:INFO:[LightGBM] [Warning] No further splits with positive gain, best gain: -inf
2026-04-22 15:55:56,094:INFO:[LightGBM] [Warning] No further splits with positive gain, best gain: -inf
2026-04-22 15:55:56,096:INFO:[LightGBM] [Warning] No further splits with positive gain, best gain: -inf
2026-04-22 15:55:56,101:INFO:[LightGBM] [Warning] No further splits with positive gain, best gain: -inf
2026-04-22 15:55:56,103:INFO:[LightGBM] [Warning] No further splits with positive gain, best gain: -inf
2026-04-22 15:55:56,107:INFO:[LightGBM] [Warning] No further splits with positive gain, best gain: -inf
2026-04-22 15:55:56,110:INFO:[LightGBM] [Warning] No further splits with positive gain, best gain: -inf
2026-04-22 15:55:56,112:INFO:[LightGBM] [Warning] No further splits with positive gain, best gain: -inf
2026-04-22 15:55:56,114:INFO:[LightGBM] [Warning] No further splits with positive gain, best gain: -inf
2026-04-22 15:55:56,115:INFO:[LightGBM] [Warning] No further splits with positive gain, best gain: -inf
2026-04-22 15:55:56,117:INFO:[LightGBM] [Warning] No further splits with positive gain, best gain: -inf
2026-04-22 15:55:56,119:INFO:[LightGBM] [Warning] No further splits with positive gain, best gain: -inf
2026-04-22 15:55:56,121:INFO:[LightGBM] [Warning] No further splits with positive gain, best gain: -inf
2026-04-22 15:55:56,123:INFO:[LightGBM] [Warning] No further splits with positive gain, best gain: -inf
2026-04-22 15:55:56,125:INFO:[LightGBM] [Warning] No further splits with positive gain, best gain: -inf
2026-04-22 15:55:56,127:INFO:[LightGBM] [Warning] No further splits with positive gain, best gain: -inf
2026-04-22 15:55:56,133:INFO:[LightGBM] [Warning] No further splits with positive gain, best gain: -inf
2026-04-22 15:55:56,135:INFO:[LightGBM] [Warning] No further splits with positive gain, best gain: -inf
2026-04-22 15:55:56,137:INFO:[LightGBM] [Warning] No further splits with positive gain, best gain: -inf
2026-04-22 15:55:56,139:INFO:[LightGBM] [Warning] No further splits with positive gain, best gain: -inf
2026-04-22 15:55:56,141:INFO:[LightGBM] [Warning] No further splits with positive gain, best gain: -inf
2026-04-22 15:55:56,143:INFO:[LightGBM] [Warning] No further splits with positive gain, best gain: -inf
2026-04-22 15:55:56,145:INFO:[LightGBM] [Warning] No further splits with positive gain, best gain: -inf
2026-04-22 15:55:56,147:INFO:[LightGBM] [Warning] No further splits with positive gain, best gain: -inf
2026-04-22 15:55:56,149:INFO:[LightGBM] [Warning] No further splits with positive gain, best gain: -inf
2026-04-22 15:55:56,152:INFO:[LightGBM] [Warning] No further splits with positive gain, best gain: -inf
2026-04-22 15:55:56,154:INFO:[LightGBM] [Warning] No further splits with positive gain, best gain: -inf
2026-04-22 15:55:56,157:INFO:[LightGBM] [Warning] No further splits with positive gain, best gain: -inf
2026-04-22 15:55:56,159:INFO:[LightGBM] [Warning] No further splits with positive gain, best gain: -inf
2026-04-22 15:55:56,161:INFO:[LightGBM] [Warning] No further splits with positive gain, best gain: -inf
2026-04-22 15:55:56,167:INFO:[LightGBM] [Warning] No further splits with positive gain, best gain: -inf
2026-04-22 15:55:56,168:INFO:[LightGBM] [Warning] No further splits with positive gain, best gain: -inf
2026-04-22 15:55:56,171:INFO:[LightGBM] [Warning] No further splits with positive gain, best gain: -inf
2026-04-22 15:55:56,174:INFO:[LightGBM] [Warning] No further splits with positive gain, best gain: -inf
2026-04-22 15:55:56,177:INFO:[LightGBM] [Warning] No further splits with positive gain, best gain: -inf
2026-04-22 15:55:56,180:INFO:[LightGBM] [Warning] No further splits with positive gain, best gain: -inf
2026-04-22 15:55:56,182:INFO:[LightGBM] [Warning] No further splits with positive gain, best gain: -inf
2026-04-22 15:55:56,185:INFO:[LightGBM] [Warning] No further splits with positive gain, best gain: -inf
2026-04-22 15:55:56,186:INFO:[LightGBM] [Warning] No further splits with positive gain, best gain: -inf
2026-04-22 15:55:56,188:INFO:[LightGBM] [Warning] No further splits with positive gain, best gain: -inf
2026-04-22 15:55:56,190:INFO:[LightGBM] [Warning] No further splits with positive gain, best gain: -inf
2026-04-22 15:55:56,192:INFO:[LightGBM] [Warning] No further splits with positive gain, best gain: -inf
2026-04-22 15:55:56,193:INFO:[LightGBM] [Warning] No further splits with positive gain, best gain: -inf
2026-04-22 15:55:56,198:INFO:[LightGBM] [Warning] No further splits with positive gain, best gain: -inf
2026-04-22 15:55:56,200:INFO:[LightGBM] [Warning] No further splits with positive gain, best gain: -inf
2026-04-22 15:55:56,203:INFO:[LightGBM] [Warning] No further splits with positive gain, best gain: -inf
2026-04-22 15:55:56,205:INFO:[LightGBM] [Warning] No further splits with positive gain, best gain: -inf
2026-04-22 15:55:56,207:INFO:[LightGBM] [Warning] No further splits with positive gain, best gain: -inf
2026-04-22 15:55:56,210:INFO:[LightGBM] [Warning] No further splits with positive gain, best gain: -inf
2026-04-22 15:55:56,212:INFO:[LightGBM] [Warning] No further splits with positive gain, best gain: -inf
2026-04-22 15:55:56,214:INFO:[LightGBM] [Warning] No further splits with positive gain, best gain: -inf
2026-04-22 15:55:56,216:INFO:[LightGBM] [Warning] No further splits with positive gain, best gain: -inf
2026-04-22 15:55:56,218:INFO:[LightGBM] [Warning] No further splits with positive gain, best gain: -inf
2026-04-22 15:55:56,219:INFO:[LightGBM] [Warning] No further splits with positive gain, best gain: -inf
2026-04-22 15:55:56,221:INFO:[LightGBM] [Warning] No further splits with positive gain, best gain: -inf
2026-04-22 15:55:56,223:INFO:[LightGBM] [Warning] No further splits with positive gain, best gain: -inf
2026-04-22 15:55:56,226:INFO:[LightGBM] [Warning] No further splits with positive gain, best gain: -inf
2026-04-22 15:55:56,228:INFO:[LightGBM] [Warning] No further splits with positive gain, best gain: -inf
2026-04-22 15:55:56,230:INFO:[LightGBM] [Warning] No further splits with positive gain, best gain: -inf
2026-04-22 15:55:56,232:INFO:[LightGBM] [Warning] No further splits with positive gain, best gain: -inf
2026-04-22 15:55:56,234:INFO:[LightGBM] [Warning] No further splits with positive gain, best gain: -inf
2026-04-22 15:55:56,236:INFO:[LightGBM] [Warning] No further splits with positive gain, best gain: -inf
2026-04-22 15:55:56,239:INFO:[LightGBM] [Warning] No further splits with positive gain, best gain: -inf
2026-04-22 15:55:56,241:INFO:[LightGBM] [Warning] No further splits with positive gain, best gain: -inf
2026-04-22 15:55:56,242:INFO:[LightGBM] [Warning] No further splits with positive gain, best gain: -inf
2026-04-22 15:55:56,244:INFO:[LightGBM] [Warning] No further splits with positive gain, best gain: -inf
2026-04-22 15:55:56,246:INFO:[LightGBM] [Warning] No further splits with positive gain, best gain: -inf
2026-04-22 15:55:56,248:INFO:[LightGBM] [Warning] No further splits with positive gain, best gain: -inf
2026-04-22 15:55:56,250:INFO:[LightGBM] [Warning] No further splits with positive gain, best gain: -inf
2026-04-22 15:55:56,252:INFO:[LightGBM] [Warning] No further splits with positive gain, best gain: -inf
2026-04-22 15:55:56,254:INFO:[LightGBM] [Warning] No further splits with positive gain, best gain: -inf
2026-04-22 15:55:56,257:INFO:[LightGBM] [Warning] No further splits with positive gain, best gain: -inf
2026-04-22 15:55:56,260:INFO:[LightGBM] [Warning] No further splits with positive gain, best gain: -inf
2026-04-22 15:55:56,262:INFO:[LightGBM] [Warning] No further splits with positive gain, best gain: -inf
2026-04-22 15:55:56,265:INFO:[LightGBM] [Warning] No further splits with positive gain, best gain: -inf
2026-04-22 15:55:56,265:INFO:[LightGBM] [Warning] No further splits with positive gain, best gain: -inf
2026-04-22 15:55:56,267:INFO:[LightGBM] [Warning] No further splits with positive gain, best gain: -inf
2026-04-22 15:55:56,270:INFO:[LightGBM] [Warning] No further splits with positive gain, best gain: -inf
2026-04-22 15:55:56,271:INFO:[LightGBM] [Warning] No further splits with positive gain, best gain: -inf
2026-04-22 15:55:56,274:INFO:[LightGBM] [Warning] No further splits with positive gain, best gain: -inf
2026-04-22 15:55:56,276:INFO:[LightGBM] [Warning] No further splits with positive gain, best gain: -inf
2026-04-22 15:55:56,278:INFO:[LightGBM] [Warning] No further splits with positive gain, best gain: -inf
2026-04-22 15:55:56,280:INFO:[LightGBM] [Warning] No further splits with positive gain, best gain: -inf
2026-04-22 15:55:56,283:INFO:[LightGBM] [Warning] No further splits with positive gain, best gain: -inf
2026-04-22 15:55:56,284:INFO:[LightGBM] [Warning] No further splits with positive gain, best gain: -inf
2026-04-22 15:55:56,287:INFO:[LightGBM] [Warning] No further splits with positive gain, best gain: -inf
2026-04-22 15:55:56,287:INFO:[LightGBM] [Warning] No further splits with positive gain, best gain: -inf
2026-04-22 15:55:56,290:INFO:[LightGBM] [Warning] No further splits with positive gain, best gain: -inf
2026-04-22 15:55:56,292:INFO:[LightGBM] [Warning] No further splits with positive gain, best gain: -inf
2026-04-22 15:55:56,294:INFO:[LightGBM] [Warning] No further splits with positive gain, best gain: -inf
2026-04-22 15:55:56,296:INFO:[LightGBM] [Warning] No further splits with positive gain, best gain: -inf
2026-04-22 15:55:56,299:INFO:[LightGBM] [Warning] No further splits with positive gain, best gain: -inf
2026-04-22 15:55:56,301:INFO:[LightGBM] [Warning] No further splits with positive gain, best gain: -inf
2026-04-22 15:55:56,303:INFO:[LightGBM] [Warning] No further splits with positive gain, best gain: -inf
2026-04-22 15:55:56,305:INFO:[LightGBM] [Warning] No further splits with positive gain, best gain: -inf
2026-04-22 15:55:56,307:INFO:[LightGBM] [Warning] No further splits with positive gain, best gain: -inf
2026-04-22 15:55:56,309:INFO:[LightGBM] [Warning] No further splits with positive gain, best gain: -inf
2026-04-22 15:55:56,310:INFO:[LightGBM] [Warning] No further splits with positive gain, best gain: -inf
2026-04-22 15:55:56,312:INFO:[LightGBM] [Warning] No further splits with positive gain, best gain: -inf
2026-04-22 15:55:56,313:INFO:[LightGBM] [Warning] No further splits with positive gain, best gain: -inf
2026-04-22 15:55:56,315:INFO:[LightGBM] [Warning] No further splits with positive gain, best gain: -inf
2026-04-22 15:55:56,317:INFO:[LightGBM] [Warning] No further splits with positive gain, best gain: -inf
2026-04-22 15:55:56,319:INFO:[LightGBM] [Warning] No further splits with positive gain, best gain: -inf
2026-04-22 15:55:56,321:INFO:[LightGBM] [Warning] No further splits with positive gain, best gain: -inf
2026-04-22 15:55:56,324:INFO:[LightGBM] [Warning] No further splits with positive gain, best gain: -inf
2026-04-22 15:55:56,331:INFO:[LightGBM] [Warning] No further splits with positive gain, best gain: -inf
2026-04-22 15:55:56,334:INFO:[LightGBM] [Warning] No further splits with positive gain, best gain: -inf
2026-04-22 15:55:56,337:INFO:[LightGBM] [Warning] No further splits with positive gain, best gain: -inf
2026-04-22 15:55:56,338:INFO:[LightGBM] [Warning] No further splits with positive gain, best gain: -inf
2026-04-22 15:55:56,340:INFO:[LightGBM] [Warning] No further splits with positive gain, best gain: -inf
2026-04-22 15:55:56,342:INFO:[LightGBM] [Warning] No further splits with positive gain, best gain: -inf
2026-04-22 15:55:56,344:INFO:[LightGBM] [Warning] No further splits with positive gain, best gain: -inf
2026-04-22 15:55:56,346:INFO:[LightGBM] [Warning] No further splits with positive gain, best gain: -inf
2026-04-22 15:55:56,348:INFO:[LightGBM] [Warning] No further splits with positive gain, best gain: -inf
2026-04-22 15:55:56,350:INFO:[LightGBM] [Warning] No further splits with positive gain, best gain: -inf
2026-04-22 15:55:56,352:INFO:[LightGBM] [Warning] No further splits with positive gain, best gain: -inf
2026-04-22 15:55:56,354:INFO:[LightGBM] [Warning] No further splits with positive gain, best gain: -inf
2026-04-22 15:55:56,356:INFO:[LightGBM] [Warning] No further splits with positive gain, best gain: -inf
2026-04-22 15:55:56,358:INFO:[LightGBM] [Warning] No further splits with positive gain, best gain: -inf
2026-04-22 15:55:56,359:INFO:[LightGBM] [Warning] No further splits with positive gain, best gain: -inf
2026-04-22 15:55:56,361:INFO:[LightGBM] [Warning] No further splits with positive gain, best gain: -inf
2026-04-22 15:55:56,363:INFO:[LightGBM] [Warning] No further splits with positive gain, best gain: -inf
2026-04-22 15:55:56,365:INFO:[LightGBM] [Warning] No further splits with positive gain, best gain: -inf
2026-04-22 15:55:56,367:INFO:[LightGBM] [Warning] No further splits with positive gain, best gain: -inf
2026-04-22 15:55:56,369:INFO:[LightGBM] [Warning] No further splits with positive gain, best gain: -inf
2026-04-22 15:55:56,371:INFO:[LightGBM] [Warning] No further splits with positive gain, best gain: -inf
2026-04-22 15:55:56,373:INFO:[LightGBM] [Warning] No further splits with positive gain, best gain: -inf
2026-04-22 15:55:56,374:INFO:[LightGBM] [Warning] No further splits with positive gain, best gain: -inf
2026-04-22 15:55:56,376:INFO:[LightGBM] [Warning] No further splits with positive gain, best gain: -inf
2026-04-22 15:55:56,378:INFO:[LightGBM] [Warning] No further splits with positive gain, best gain: -inf
2026-04-22 15:55:56,379:INFO:[LightGBM] [Warning] No further splits with positive gain, best gain: -inf
2026-04-22 15:55:56,380:INFO:[LightGBM] [Warning] No further splits with positive gain, best gain: -inf
2026-04-22 15:55:56,382:INFO:[LightGBM] [Warning] No further splits with positive gain, best gain: -inf
2026-04-22 15:55:56,384:INFO:[LightGBM] [Warning] No further splits with positive gain, best gain: -inf
2026-04-22 15:55:56,386:INFO:[LightGBM] [Warning] No further splits with positive gain, best gain: -inf
2026-04-22 15:55:56,388:INFO:[LightGBM] [Warning] No further splits with positive gain, best gain: -inf
2026-04-22 15:55:56,390:INFO:[LightGBM] [Warning] No further splits with positive gain, best gain: -inf
2026-04-22 15:55:56,391:INFO:[LightGBM] [Warning] No further splits with positive gain, best gain: -inf
2026-04-22 15:55:56,393:INFO:[LightGBM] [Warning] No further splits with positive gain, best gain: -inf
2026-04-22 15:55:56,395:INFO:[LightGBM] [Warning] No further splits with positive gain, best gain: -inf
2026-04-22 15:55:56,397:INFO:[LightGBM] [Warning] No further splits with positive gain, best gain: -inf
2026-04-22 15:55:56,397:INFO:[LightGBM] [Warning] No further splits with positive gain, best gain: -inf
2026-04-22 15:55:56,399:INFO:[LightGBM] [Warning] No further splits with positive gain, best gain: -inf
2026-04-22 15:55:56,401:INFO:[LightGBM] [Warning] No further splits with positive gain, best gain: -inf
2026-04-22 15:55:56,402:INFO:[LightGBM] [Warning] No further splits with positive gain, best gain: -inf
2026-04-22 15:55:56,404:INFO:[LightGBM] [Warning] No further splits with positive gain, best gain: -inf
2026-04-22 15:55:56,406:INFO:[LightGBM] [Warning] No further splits with positive gain, best gain: -inf
2026-04-22 15:55:56,408:INFO:[LightGBM] [Warning] No further splits with positive gain, best gain: -inf
2026-04-22 15:55:56,409:INFO:[LightGBM] [Warning] No further splits with positive gain, best gain: -inf
2026-04-22 15:55:56,411:INFO:[LightGBM] [Warning] No further splits with positive gain, best gain: -inf
2026-04-22 15:55:56,413:INFO:[LightGBM] [Warning] No further splits with positive gain, best gain: -inf
2026-04-22 15:55:56,414:INFO:[LightGBM] [Warning] No further splits with positive gain, best gain: -inf
2026-04-22 15:55:56,415:INFO:[LightGBM] [Warning] No further splits with positive gain, best gain: -inf
2026-04-22 15:55:56,416:INFO:[LightGBM] [Warning] No further splits with positive gain, best gain: -inf
2026-04-22 15:55:56,418:INFO:[LightGBM] [Warning] No further splits with positive gain, best gain: -inf
2026-04-22 15:55:56,420:INFO:[LightGBM] [Warning] No further splits with positive gain, best gain: -inf
2026-04-22 15:55:56,422:INFO:[LightGBM] [Warning] No further splits with positive gain, best gain: -inf
2026-04-22 15:55:56,423:INFO:[LightGBM] [Warning] No further splits with positive gain, best gain: -inf
2026-04-22 15:55:56,425:INFO:[LightGBM] [Warning] No further splits with positive gain, best gain: -inf
2026-04-22 15:55:56,427:INFO:[LightGBM] [Warning] No further splits with positive gain, best gain: -inf
2026-04-22 15:55:56,429:INFO:[LightGBM] [Warning] No further splits with positive gain, best gain: -inf
2026-04-22 15:55:56,431:INFO:[LightGBM] [Warning] No further splits with positive gain, best gain: -inf
2026-04-22 15:55:56,433:INFO:[LightGBM] [Warning] No further splits with positive gain, best gain: -inf
2026-04-22 15:55:56,433:INFO:[LightGBM] [Warning] No further splits with positive gain, best gain: -inf
2026-04-22 15:55:56,435:INFO:[LightGBM] [Warning] No further splits with positive gain, best gain: -inf
2026-04-22 15:55:56,436:INFO:[LightGBM] [Warning] No further splits with positive gain, best gain: -inf
2026-04-22 15:55:56,438:INFO:[LightGBM] [Warning] No further splits with positive gain, best gain: -inf
2026-04-22 15:55:56,440:INFO:[LightGBM] [Warning] No further splits with positive gain, best gain: -inf
2026-04-22 15:55:56,442:INFO:[LightGBM] [Warning] No further splits with positive gain, best gain: -inf
2026-04-22 15:55:56,444:INFO:[LightGBM] [Warning] No further splits with positive gain, best gain: -inf
2026-04-22 15:55:56,446:INFO:[LightGBM] [Warning] No further splits with positive gain, best gain: -inf
2026-04-22 15:55:56,447:INFO:[LightGBM] [Warning] No further splits with positive gain, best gain: -inf
2026-04-22 15:55:56,449:INFO:[LightGBM] [Warning] No further splits with positive gain, best gain: -inf
2026-04-22 15:55:56,452:INFO:[LightGBM] [Warning] No further splits with positive gain, best gain: -inf
2026-04-22 15:55:56,452:INFO:[LightGBM] [Warning] No further splits with positive gain, best gain: -inf
2026-04-22 15:55:56,454:INFO:[LightGBM] [Warning] No further splits with positive gain, best gain: -inf
2026-04-22 15:55:56,455:INFO:[LightGBM] [Warning] No further splits with positive gain, best gain: -inf
2026-04-22 15:55:56,462:INFO:[LightGBM] [Warning] No further splits with positive gain, best gain: -inf
2026-04-22 15:55:56,464:INFO:[LightGBM] [Warning] No further splits with positive gain, best gain: -inf
2026-04-22 15:55:56,466:INFO:[LightGBM] [Warning] No further splits with positive gain, best gain: -inf
2026-04-22 15:55:56,468:INFO:[LightGBM] [Warning] No further splits with positive gain, best gain: -inf
2026-04-22 15:55:56,470:INFO:[LightGBM] [Warning] No further splits with positive gain, best gain: -inf
2026-04-22 15:55:56,472:INFO:[LightGBM] [Warning] No further splits with positive gain, best gain: -inf
2026-04-22 15:55:56,473:INFO:[LightGBM] [Warning] No further splits with positive gain, best gain: -inf
2026-04-22 15:55:56,475:INFO:[LightGBM] [Warning] No further splits with positive gain, best gain: -inf
2026-04-22 15:55:56,476:INFO:[LightGBM] [Warning] No further splits with positive gain, best gain: -inf
2026-04-22 15:55:56,478:INFO:[LightGBM] [Warning] No further splits with positive gain, best gain: -inf
2026-04-22 15:55:56,479:INFO:[LightGBM] [Warning] No further splits with positive gain, best gain: -inf
2026-04-22 15:55:56,481:INFO:[LightGBM] [Warning] No further splits with positive gain, best gain: -inf
2026-04-22 15:55:56,483:INFO:[LightGBM] [Warning] No further splits with positive gain, best gain: -inf
2026-04-22 15:55:56,485:INFO:[LightGBM] [Warning] No further splits with positive gain, best gain: -inf
2026-04-22 15:55:56,486:INFO:[LightGBM] [Warning] No further splits with positive gain, best gain: -inf
2026-04-22 15:55:56,489:INFO:[LightGBM] [Warning] No further splits with positive gain, best gain: -inf
2026-04-22 15:55:56,490:INFO:[LightGBM] [Warning] No further splits with positive gain, best gain: -inf
2026-04-22 15:55:56,491:INFO:[LightGBM] [Warning] No further splits with positive gain, best gain: -inf
2026-04-22 15:55:56,493:INFO:[LightGBM] [Warning] No further splits with positive gain, best gain: -inf
2026-04-22 15:55:56,494:INFO:[LightGBM] [Warning] No further splits with positive gain, best gain: -inf
2026-04-22 15:55:56,495:INFO:[LightGBM] [Warning] No further splits with positive gain, best gain: -inf
2026-04-22 15:55:56,497:INFO:[LightGBM] [Warning] No further splits with positive gain, best gain: -inf
2026-04-22 15:55:56,498:INFO:[LightGBM] [Warning] No further splits with positive gain, best gain: -inf
2026-04-22 15:55:56,500:INFO:[LightGBM] [Warning] No further splits with positive gain, best gain: -inf
2026-04-22 15:55:56,501:INFO:[LightGBM] [Warning] No further splits with positive gain, best gain: -inf
2026-04-22 15:55:56,503:INFO:[LightGBM] [Warning] No further splits with positive gain, best gain: -inf
2026-04-22 15:55:56,505:INFO:[LightGBM] [Warning] No further splits with positive gain, best gain: -inf
2026-04-22 15:55:56,506:INFO:[LightGBM] [Warning] No further splits with positive gain, best gain: -inf
2026-04-22 15:55:56,508:INFO:[LightGBM] [Warning] No further splits with positive gain, best gain: -inf
2026-04-22 15:55:56,511:INFO:[LightGBM] [Warning] No further splits with positive gain, best gain: -inf
2026-04-22 15:55:56,512:INFO:[LightGBM] [Warning] No further splits with positive gain, best gain: -inf
2026-04-22 15:55:56,513:INFO:[LightGBM] [Warning] No further splits with positive gain, best gain: -inf
2026-04-22 15:55:56,514:INFO:[LightGBM] [Warning] No further splits with positive gain, best gain: -inf
2026-04-22 15:55:56,516:INFO:[LightGBM] [Warning] No further splits with positive gain, best gain: -inf
2026-04-22 15:55:56,517:INFO:[LightGBM] [Warning] No further splits with positive gain, best gain: -inf
2026-04-22 15:55:56,519:INFO:[LightGBM] [Warning] No further splits with positive gain, best gain: -inf
2026-04-22 15:55:56,521:INFO:[LightGBM] [Warning] No further splits with positive gain, best gain: -inf
2026-04-22 15:55:56,523:INFO:[LightGBM] [Warning] No further splits with positive gain, best gain: -inf
2026-04-22 15:55:56,525:INFO:[LightGBM] [Warning] No further splits with positive gain, best gain: -inf
2026-04-22 15:55:56,526:INFO:[LightGBM] [Warning] No further splits with positive gain, best gain: -inf
2026-04-22 15:55:56,528:INFO:[LightGBM] [Warning] No further splits with positive gain, best gain: -inf
2026-04-22 15:55:56,528:INFO:[LightGBM] [Warning] No further splits with positive gain, best gain: -inf
2026-04-22 15:55:56,529:INFO:[LightGBM] [Warning] No further splits with positive gain, best gain: -inf
2026-04-22 15:55:56,531:INFO:[LightGBM] [Warning] No further splits with positive gain, best gain: -inf
2026-04-22 15:55:56,532:INFO:[LightGBM] [Warning] No further splits with positive gain, best gain: -inf
2026-04-22 15:55:56,533:INFO:[LightGBM] [Warning] No further splits with positive gain, best gain: -inf
2026-04-22 15:55:56,536:INFO:[LightGBM] [Warning] No further splits with positive gain, best gain: -inf
2026-04-22 15:55:56,537:INFO:[LightGBM] [Warning] No further splits with positive gain, best gain: -inf
2026-04-22 15:55:56,539:INFO:[LightGBM] [Warning] No further splits with positive gain, best gain: -inf
2026-04-22 15:55:56,540:INFO:[LightGBM] [Warning] No further splits with positive gain, best gain: -inf
2026-04-22 15:55:56,542:INFO:[LightGBM] [Warning] No further splits with positive gain, best gain: -inf
2026-04-22 15:55:56,543:INFO:[LightGBM] [Warning] No further splits with positive gain, best gain: -inf
2026-04-22 15:55:56,544:INFO:[LightGBM] [Warning] No further splits with positive gain, best gain: -inf
2026-04-22 15:55:56,545:INFO:[LightGBM] [Warning] No further splits with positive gain, best gain: -inf
2026-04-22 15:55:56,547:INFO:[LightGBM] [Warning] No further splits with positive gain, best gain: -inf
2026-04-22 15:55:56,548:INFO:[LightGBM] [Warning] No further splits with positive gain, best gain: -inf
2026-04-22 15:55:56,550:INFO:[LightGBM] [Warning] No further splits with positive gain, best gain: -inf
2026-04-22 15:55:56,551:INFO:[LightGBM] [Warning] No further splits with positive gain, best gain: -inf
2026-04-22 15:55:56,553:INFO:[LightGBM] [Warning] No further splits with positive gain, best gain: -inf
2026-04-22 15:55:56,554:INFO:[LightGBM] [Warning] No further splits with positive gain, best gain: -inf
2026-04-22 15:55:56,555:INFO:[LightGBM] [Warning] No further splits with positive gain, best gain: -inf
2026-04-22 15:55:56,558:INFO:[LightGBM] [Warning] No further splits with positive gain, best gain: -inf
2026-04-22 15:55:56,559:INFO:[LightGBM] [Warning] No further splits with positive gain, best gain: -inf
2026-04-22 15:55:56,559:INFO:[LightGBM] [Warning] No further splits with positive gain, best gain: -inf
2026-04-22 15:55:56,561:INFO:[LightGBM] [Warning] No further splits with positive gain, best gain: -inf
2026-04-22 15:55:56,562:INFO:[LightGBM] [Warning] No further splits with positive gain, best gain: -inf
2026-04-22 15:55:56,564:INFO:[LightGBM] [Warning] No further splits with positive gain, best gain: -inf
2026-04-22 15:55:56,565:INFO:[LightGBM] [Warning] No further splits with positive gain, best gain: -inf
2026-04-22 15:55:56,567:INFO:[LightGBM] [Warning] No further splits with positive gain, best gain: -inf
2026-04-22 15:55:56,568:INFO:[LightGBM] [Warning] No further splits with positive gain, best gain: -inf
2026-04-22 15:55:56,569:INFO:[LightGBM] [Warning] No further splits with positive gain, best gain: -inf
2026-04-22 15:55:56,571:INFO:[LightGBM] [Warning] No further splits with positive gain, best gain: -inf
2026-04-22 15:55:56,572:INFO:[LightGBM] [Warning] No further splits with positive gain, best gain: -inf
2026-04-22 15:55:56,573:INFO:[LightGBM] [Warning] No further splits with positive gain, best gain: -inf
2026-04-22 15:55:56,574:INFO:[LightGBM] [Warning] No further splits with positive gain, best gain: -inf
2026-04-22 15:55:56,575:INFO:[LightGBM] [Warning] No further splits with positive gain, best gain: -inf
2026-04-22 15:55:56,576:INFO:[LightGBM] [Warning] No further splits with positive gain, best gain: -inf
2026-04-22 15:55:56,579:INFO:[LightGBM] [Warning] No further splits with positive gain, best gain: -inf
2026-04-22 15:55:56,580:INFO:[LightGBM] [Warning] No further splits with positive gain, best gain: -inf
2026-04-22 15:55:56,582:INFO:[LightGBM] [Warning] No further splits with positive gain, best gain: -inf
2026-04-22 15:55:56,583:INFO:[LightGBM] [Warning] No further splits with positive gain, best gain: -inf
2026-04-22 15:55:56,586:INFO:[LightGBM] [Warning] No further splits with positive gain, best gain: -inf
2026-04-22 15:55:56,587:INFO:[LightGBM] [Warning] No further splits with positive gain, best gain: -inf
2026-04-22 15:55:56,588:INFO:[LightGBM] [Warning] No further splits with positive gain, best gain: -inf
2026-04-22 15:55:56,590:INFO:[LightGBM] [Warning] No further splits with positive gain, best gain: -inf
2026-04-22 15:55:56,590:INFO:[LightGBM] [Warning] No further splits with positive gain, best gain: -inf
2026-04-22 15:55:56,591:INFO:[LightGBM] [Warning] No further splits with positive gain, best gain: -inf
2026-04-22 15:55:56,593:INFO:[LightGBM] [Warning] No further splits with positive gain, best gain: -inf
2026-04-22 15:55:56,601:INFO:[LightGBM] [Warning] No further splits with positive gain, best gain: -inf
2026-04-22 15:55:56,602:INFO:[LightGBM] [Warning] No further splits with positive gain, best gain: -inf
2026-04-22 15:55:56,604:INFO:[LightGBM] [Warning] No further splits with positive gain, best gain: -inf
2026-04-22 15:55:56,605:INFO:[LightGBM] [Warning] No further splits with positive gain, best gain: -inf
2026-04-22 15:55:56,607:INFO:[LightGBM] [Warning] No further splits with positive gain, best gain: -inf
2026-04-22 15:55:56,608:INFO:[LightGBM] [Warning] No further splits with positive gain, best gain: -inf
2026-04-22 15:55:56,609:INFO:[LightGBM] [Warning] No further splits with positive gain, best gain: -inf
2026-04-22 15:55:56,611:INFO:[LightGBM] [Warning] No further splits with positive gain, best gain: -inf
2026-04-22 15:55:56,611:INFO:[LightGBM] [Warning] No further splits with positive gain, best gain: -inf
2026-04-22 15:55:56,612:INFO:[LightGBM] [Warning] No further splits with positive gain, best gain: -inf
2026-04-22 15:55:56,613:INFO:[LightGBM] [Warning] No further splits with positive gain, best gain: -inf
2026-04-22 15:55:56,615:INFO:[LightGBM] [Warning] No further splits with positive gain, best gain: -inf
2026-04-22 15:55:56,616:INFO:[LightGBM] [Warning] No further splits with positive gain, best gain: -inf
2026-04-22 15:55:56,617:INFO:[LightGBM] [Warning] No further splits with positive gain, best gain: -inf
2026-04-22 15:55:56,618:INFO:[LightGBM] [Warning] No further splits with positive gain, best gain: -inf
2026-04-22 15:55:56,621:INFO:[LightGBM] [Warning] No further splits with positive gain, best gain: -inf
2026-04-22 15:55:56,622:INFO:[LightGBM] [Warning] No further splits with positive gain, best gain: -inf
2026-04-22 15:55:56,623:INFO:[LightGBM] [Warning] No further splits with positive gain, best gain: -inf
2026-04-22 15:55:56,628:INFO:[LightGBM] [Warning] No further splits with positive gain, best gain: -inf
2026-04-22 15:55:56,628:INFO:[LightGBM] [Warning] No further splits with positive gain, best gain: -inf
2026-04-22 15:55:56,630:INFO:[LightGBM] [Warning] No further splits with positive gain, best gain: -inf
2026-04-22 15:55:56,633:INFO:[LightGBM] [Warning] No further splits with positive gain, best gain: -inf
2026-04-22 15:55:56,635:INFO:[LightGBM] [Warning] No further splits with positive gain, best gain: -inf
2026-04-22 15:55:56,636:INFO:[LightGBM] [Warning] No further splits with positive gain, best gain: -inf
2026-04-22 15:55:56,640:INFO:[LightGBM] [Warning] No further splits with positive gain, best gain: -inf
2026-04-22 15:55:56,642:INFO:[LightGBM] [Warning] No further splits with positive gain, best gain: -inf
2026-04-22 15:55:56,646:INFO:[LightGBM] [Warning] No further splits with positive gain, best gain: -inf
2026-04-22 15:55:56,647:INFO:[LightGBM] [Warning] No further splits with positive gain, best gain: -inf
2026-04-22 15:55:56,651:INFO:[LightGBM] [Warning] No further splits with positive gain, best gain: -inf
2026-04-22 15:55:56,653:INFO:[LightGBM] [Warning] No further splits with positive gain, best gain: -inf
2026-04-22 15:55:56,653:INFO:[LightGBM] [Warning] No further splits with positive gain, best gain: -inf
2026-04-22 15:55:56,654:INFO:[LightGBM] [Warning] No further splits with positive gain, best gain: -inf
2026-04-22 15:55:56,657:INFO:[LightGBM] [Warning] No further splits with positive gain, best gain: -inf
2026-04-22 15:55:56,661:INFO:[LightGBM] [Warning] No further splits with positive gain, best gain: -inf
2026-04-22 15:55:56,662:INFO:[LightGBM] [Warning] No further splits with positive gain, best gain: -inf
2026-04-22 15:55:56,669:INFO:[LightGBM] [Warning] No further splits with positive gain, best gain: -inf
2026-04-22 15:55:56,672:INFO:[LightGBM] [Warning] No further splits with positive gain, best gain: -inf
2026-04-22 15:55:56,673:INFO:[LightGBM] [Warning] No further splits with positive gain, best gain: -inf
2026-04-22 15:55:56,674:INFO:[LightGBM] [Warning] No further splits with positive gain, best gain: -inf
2026-04-22 15:55:56,676:INFO:[LightGBM] [Warning] No further splits with positive gain, best gain: -inf
2026-04-22 15:55:56,677:INFO:[LightGBM] [Warning] No further splits with positive gain, best gain: -inf
2026-04-22 15:55:56,677:INFO:[LightGBM] [Warning] No further splits with positive gain, best gain: -inf
2026-04-22 15:55:56,679:INFO:[LightGBM] [Warning] No further splits with positive gain, best gain: -inf
2026-04-22 15:55:56,680:INFO:[LightGBM] [Warning] No further splits with positive gain, best gain: -inf
2026-04-22 15:55:56,682:INFO:[LightGBM] [Warning] No further splits with positive gain, best gain: -inf
2026-04-22 15:55:56,683:INFO:[LightGBM] [Warning] No further splits with positive gain, best gain: -inf
2026-04-22 15:55:56,684:INFO:[LightGBM] [Warning] No further splits with positive gain, best gain: -inf
2026-04-22 15:55:56,685:INFO:[LightGBM] [Warning] No further splits with positive gain, best gain: -inf
2026-04-22 15:55:56,687:INFO:[LightGBM] [Warning] No further splits with positive gain, best gain: -inf
2026-04-22 15:55:56,688:INFO:[LightGBM] [Warning] No further splits with positive gain, best gain: -inf
2026-04-22 15:55:56,689:INFO:[LightGBM] [Warning] No further splits with positive gain, best gain: -inf
2026-04-22 15:55:56,690:INFO:[LightGBM] [Warning] No further splits with positive gain, best gain: -inf
2026-04-22 15:55:56,690:INFO:[LightGBM] [Warning] No further splits with positive gain, best gain: -inf
2026-04-22 15:55:56,691:INFO:[LightGBM] [Warning] No further splits with positive gain, best gain: -inf
2026-04-22 15:55:56,692:INFO:[LightGBM] [Warning] No further splits with positive gain, best gain: -inf
2026-04-22 15:55:56,693:INFO:[LightGBM] [Warning] No further splits with positive gain, best gain: -inf
2026-04-22 15:55:56,694:INFO:[LightGBM] [Warning] No further splits with positive gain, best gain: -inf
2026-04-22 15:55:56,695:INFO:[LightGBM] [Warning] No further splits with positive gain, best gain: -inf
2026-04-22 15:55:56,696:INFO:[LightGBM] [Warning] No further splits with positive gain, best gain: -inf
2026-04-22 15:55:56,697:INFO:[LightGBM] [Warning] No further splits with positive gain, best gain: -inf
2026-04-22 15:55:56,698:INFO:[LightGBM] [Warning] No further splits with positive gain, best gain: -inf
2026-04-22 15:55:56,699:INFO:[LightGBM] [Warning] No further splits with positive gain, best gain: -inf
2026-04-22 15:55:56,700:INFO:[LightGBM] [Warning] No further splits with positive gain, best gain: -inf
2026-04-22 15:55:56,700:INFO:[LightGBM] [Warning] No further splits with positive gain, best gain: -inf
2026-04-22 15:55:56,701:INFO:[LightGBM] [Warning] No further splits with positive gain, best gain: -inf
2026-04-22 15:55:56,702:INFO:[LightGBM] [Warning] No further splits with positive gain, best gain: -inf
2026-04-22 15:55:56,705:INFO:[LightGBM] [Warning] No further splits with positive gain, best gain: -inf
2026-04-22 15:55:56,706:INFO:[LightGBM] [Warning] No further splits with positive gain, best gain: -inf
2026-04-22 15:55:56,707:INFO:[LightGBM] [Warning] No further splits with positive gain, best gain: -inf
2026-04-22 15:55:56,708:INFO:[LightGBM] [Warning] No further splits with positive gain, best gain: -inf
2026-04-22 15:55:56,710:INFO:[LightGBM] [Warning] No further splits with positive gain, best gain: -inf
2026-04-22 15:55:56,711:INFO:[LightGBM] [Warning] No further splits with positive gain, best gain: -inf
2026-04-22 15:55:56,712:INFO:[LightGBM] [Warning] No further splits with positive gain, best gain: -inf
2026-04-22 15:55:56,713:INFO:[LightGBM] [Warning] No further splits with positive gain, best gain: -inf
2026-04-22 15:55:56,713:INFO:[LightGBM] [Warning] No further splits with positive gain, best gain: -inf
2026-04-22 15:55:56,714:INFO:[LightGBM] [Warning] No further splits with positive gain, best gain: -inf
2026-04-22 15:55:56,715:INFO:[LightGBM] [Warning] No further splits with positive gain, best gain: -inf
2026-04-22 15:55:56,715:INFO:[LightGBM] [Warning] No further splits with positive gain, best gain: -inf
2026-04-22 15:55:56,717:INFO:[LightGBM] [Warning] No further splits with positive gain, best gain: -inf
2026-04-22 15:55:56,718:INFO:[LightGBM] [Warning] No further splits with positive gain, best gain: -inf
2026-04-22 15:55:56,718:INFO:[LightGBM] [Warning] No further splits with positive gain, best gain: -inf
2026-04-22 15:55:56,720:INFO:[LightGBM] [Warning] No further splits with positive gain, best gain: -inf
2026-04-22 15:55:56,720:INFO:[LightGBM] [Warning] No further splits with positive gain, best gain: -inf
2026-04-22 15:55:56,721:INFO:[LightGBM] [Warning] No further splits with positive gain, best gain: -inf
2026-04-22 15:55:56,722:INFO:[LightGBM] [Warning] No further splits with positive gain, best gain: -inf
2026-04-22 15:55:56,723:INFO:[LightGBM] [Warning] No further splits with positive gain, best gain: -inf
2026-04-22 15:55:56,723:INFO:[LightGBM] [Warning] No further splits with positive gain, best gain: -inf
2026-04-22 15:55:56,724:INFO:[LightGBM] [Warning] No further splits with positive gain, best gain: -inf
2026-04-22 15:55:56,725:INFO:[LightGBM] [Warning] No further splits with positive gain, best gain: -inf
2026-04-22 15:55:56,726:INFO:[LightGBM] [Warning] No further splits with positive gain, best gain: -inf
2026-04-22 15:55:56,727:INFO:[LightGBM] [Warning] No further splits with positive gain, best gain: -inf
2026-04-22 15:55:56,728:INFO:[LightGBM] [Warning] No further splits with positive gain, best gain: -inf
2026-04-22 15:55:56,729:INFO:[LightGBM] [Warning] No further splits with positive gain, best gain: -inf
2026-04-22 15:55:56,729:INFO:[LightGBM] [Warning] No further splits with positive gain, best gain: -inf
2026-04-22 15:55:56,730:INFO:[LightGBM] [Warning] No further splits with positive gain, best gain: -inf
2026-04-22 15:55:56,731:INFO:[LightGBM] [Warning] No further splits with positive gain, best gain: -inf
2026-04-22 15:55:56,731:INFO:[LightGBM] [Warning] No further splits with positive gain, best gain: -inf
2026-04-22 15:55:56,732:INFO:[LightGBM] [Warning] No further splits with positive gain, best gain: -inf
2026-04-22 15:55:56,733:INFO:[LightGBM] [Warning] No further splits with positive gain, best gain: -inf
2026-04-22 15:55:56,734:INFO:[LightGBM] [Warning] No further splits with positive gain, best gain: -inf
2026-04-22 15:55:56,734:INFO:[LightGBM] [Warning] No further splits with positive gain, best gain: -inf
2026-04-22 15:55:56,735:INFO:[LightGBM] [Warning] No further splits with positive gain, best gain: -inf
2026-04-22 15:55:56,736:INFO:[LightGBM] [Warning] No further splits with positive gain, best gain: -inf
2026-04-22 15:55:56,737:INFO:[LightGBM] [Warning] No further splits with positive gain, best gain: -inf
2026-04-22 15:55:56,738:INFO:[LightGBM] [Warning] No further splits with positive gain, best gain: -inf
2026-04-22 15:55:56,739:INFO:[LightGBM] [Warning] No further splits with positive gain, best gain: -inf
2026-04-22 15:55:56,740:INFO:[LightGBM] [Warning] No further splits with positive gain, best gain: -inf
2026-04-22 15:55:56,740:INFO:[LightGBM] [Warning] No further splits with positive gain, best gain: -inf
2026-04-22 15:55:56,741:INFO:[LightGBM] [Warning] No further splits with positive gain, best gain: -inf
2026-04-22 15:55:56,741:INFO:[LightGBM] [Warning] No further splits with positive gain, best gain: -inf
2026-04-22 15:55:56,742:INFO:[LightGBM] [Warning] No further splits with positive gain, best gain: -inf
2026-04-22 15:55:56,743:INFO:[LightGBM] [Warning] No further splits with positive gain, best gain: -inf
2026-04-22 15:55:56,744:INFO:[LightGBM] [Warning] No further splits with positive gain, best gain: -inf
2026-04-22 15:55:56,744:INFO:[LightGBM] [Warning] No further splits with positive gain, best gain: -inf
2026-04-22 15:55:56,745:INFO:[LightGBM] [Warning] No further splits with positive gain, best gain: -inf
2026-04-22 15:55:56,747:INFO:[LightGBM] [Warning] No further splits with positive gain, best gain: -inf
2026-04-22 15:55:56,747:INFO:[LightGBM] [Warning] No further splits with positive gain, best gain: -inf
2026-04-22 15:55:56,748:INFO:[LightGBM] [Warning] No further splits with positive gain, best gain: -inf
2026-04-22 15:55:56,749:INFO:[LightGBM] [Warning] No further splits with positive gain, best gain: -inf
2026-04-22 15:55:56,749:INFO:[LightGBM] [Warning] No further splits with positive gain, best gain: -inf
2026-04-22 15:55:56,751:INFO:[LightGBM] [Warning] No further splits with positive gain, best gain: -inf
2026-04-22 15:55:56,751:INFO:[LightGBM] [Warning] No further splits with positive gain, best gain: -inf
2026-04-22 15:55:56,752:INFO:[LightGBM] [Warning] No further splits with positive gain, best gain: -inf
2026-04-22 15:55:56,753:INFO:[LightGBM] [Warning] No further splits with positive gain, best gain: -inf
2026-04-22 15:55:56,754:INFO:[LightGBM] [Warning] No further splits with positive gain, best gain: -inf
2026-04-22 15:55:56,754:INFO:[LightGBM] [Warning] No further splits with positive gain, best gain: -inf
2026-04-22 15:55:56,755:INFO:[LightGBM] [Warning] No further splits with positive gain, best gain: -inf
2026-04-22 15:55:56,756:INFO:[LightGBM] [Warning] No further splits with positive gain, best gain: -inf
2026-04-22 15:55:56,757:INFO:[LightGBM] [Warning] No further splits with positive gain, best gain: -inf
2026-04-22 15:55:56,758:INFO:[LightGBM] [Warning] No further splits with positive gain, best gain: -inf
2026-04-22 15:55:56,758:INFO:[LightGBM] [Warning] No further splits with positive gain, best gain: -inf
2026-04-22 15:55:56,759:INFO:[LightGBM] [Warning] No further splits with positive gain, best gain: -inf
2026-04-22 15:55:56,761:INFO:[LightGBM] [Warning] No further splits with positive gain, best gain: -inf
2026-04-22 15:55:56,761:INFO:[LightGBM] [Warning] No further splits with positive gain, best gain: -inf
2026-04-22 15:55:56,762:INFO:[LightGBM] [Warning] No further splits with positive gain, best gain: -inf
2026-04-22 15:55:56,763:INFO:[LightGBM] [Warning] No further splits with positive gain, best gain: -inf
2026-04-22 15:55:56,764:INFO:[LightGBM] [Warning] No further splits with positive gain, best gain: -inf
2026-04-22 15:55:56,765:INFO:[LightGBM] [Warning] No further splits with positive gain, best gain: -inf
2026-04-22 15:55:56,766:INFO:[LightGBM] [Warning] No further splits with positive gain, best gain: -inf
2026-04-22 15:55:56,766:INFO:[LightGBM] [Warning] No further splits with positive gain, best gain: -inf
2026-04-22 15:55:56,767:INFO:[LightGBM] [Warning] No further splits with positive gain, best gain: -inf
2026-04-22 15:55:56,767:INFO:[LightGBM] [Warning] No further splits with positive gain, best gain: -inf
2026-04-22 15:55:56,768:INFO:[LightGBM] [Warning] No further splits with positive gain, best gain: -inf
2026-04-22 15:55:56,768:INFO:[LightGBM] [Warning] No further splits with positive gain, best gain: -inf
2026-04-22 15:55:56,769:INFO:[LightGBM] [Warning] No further splits with positive gain, best gain: -inf
2026-04-22 15:55:56,770:INFO:[LightGBM] [Warning] No further splits with positive gain, best gain: -inf
2026-04-22 15:55:56,771:INFO:[LightGBM] [Warning] No further splits with positive gain, best gain: -inf
2026-04-22 15:55:56,771:INFO:[LightGBM] [Warning] No further splits with positive gain, best gain: -inf
2026-04-22 15:55:56,772:INFO:[LightGBM] [Warning] No further splits with positive gain, best gain: -inf
2026-04-22 15:55:56,773:INFO:[LightGBM] [Warning] No further splits with positive gain, best gain: -inf
2026-04-22 15:55:56,773:INFO:[LightGBM] [Warning] No further splits with positive gain, best gain: -inf
2026-04-22 15:55:56,774:INFO:[LightGBM] [Warning] No further splits with positive gain, best gain: -inf
2026-04-22 15:55:56,774:INFO:[LightGBM] [Warning] No further splits with positive gain, best gain: -inf
2026-04-22 15:55:56,775:INFO:[LightGBM] [Warning] No further splits with positive gain, best gain: -inf
2026-04-22 15:55:56,776:INFO:[LightGBM] [Warning] No further splits with positive gain, best gain: -inf
2026-04-22 15:55:56,776:INFO:[LightGBM] [Warning] No further splits with positive gain, best gain: -inf
2026-04-22 15:55:56,777:INFO:[LightGBM] [Warning] No further splits with positive gain, best gain: -inf
2026-04-22 15:55:56,778:INFO:[LightGBM] [Warning] No further splits with positive gain, best gain: -inf
2026-04-22 15:55:56,779:INFO:[LightGBM] [Warning] No further splits with positive gain, best gain: -inf
2026-04-22 15:55:56,780:INFO:[LightGBM] [Warning] No further splits with positive gain, best gain: -inf
2026-04-22 15:55:56,780:INFO:[LightGBM] [Warning] No further splits with positive gain, best gain: -inf
2026-04-22 15:55:56,781:INFO:[LightGBM] [Warning] No further splits with positive gain, best gain: -inf
2026-04-22 15:55:56,782:INFO:[LightGBM] [Warning] No further splits with positive gain, best gain: -inf
2026-04-22 15:55:56,782:INFO:[LightGBM] [Warning] No further splits with positive gain, best gain: -inf
2026-04-22 15:55:56,783:INFO:[LightGBM] [Warning] No further splits with positive gain, best gain: -inf
2026-04-22 15:55:56,784:INFO:[LightGBM] [Warning] No further splits with positive gain, best gain: -inf
2026-04-22 15:55:56,784:INFO:[LightGBM] [Warning] No further splits with positive gain, best gain: -inf
2026-04-22 15:55:56,785:INFO:[LightGBM] [Warning] No further splits with positive gain, best gain: -inf
2026-04-22 15:55:56,785:INFO:[LightGBM] [Warning] No further splits with positive gain, best gain: -inf
2026-04-22 15:55:56,786:INFO:[LightGBM] [Warning] No further splits with positive gain, best gain: -inf
2026-04-22 15:55:56,787:INFO:[LightGBM] [Warning] No further splits with positive gain, best gain: -inf
2026-04-22 15:55:56,787:INFO:[LightGBM] [Warning] No further splits with positive gain, best gain: -inf
2026-04-22 15:55:56,788:INFO:[LightGBM] [Warning] No further splits with positive gain, best gain: -inf
2026-04-22 15:55:56,930:INFO:Calculating mean and std
2026-04-22 15:55:56,931:INFO:Creating metrics dataframe
2026-04-22 15:55:56,934:INFO:Uploading results into container
2026-04-22 15:55:56,934:INFO:Uploading model into container now
2026-04-22 15:55:56,935:INFO:_master_model_container: 12
2026-04-22 15:55:56,935:INFO:_display_container: 2
2026-04-22 15:55:56,936:INFO:LGBMClassifier(boosting_type='gbdt', class_weight=None, colsample_bytree=1.0,
               importance_type='split', learning_rate=0.1, max_depth=-1,
               min_child_samples=20, min_child_weight=0.001, min_split_gain=0.0,
               n_estimators=100, n_jobs=-1, num_leaves=31, objective=None,
               random_state=123, reg_alpha=0.0, reg_lambda=0.0, subsample=1.0,
               subsample_for_bin=200000, subsample_freq=0)
2026-04-22 15:55:56,936:INFO:create_model() successfully completed......................................
2026-04-22 15:55:57,038:INFO:SubProcess create_model() end ==================================
2026-04-22 15:55:57,038:INFO:Creating metrics dataframe
2026-04-22 15:55:57,052:INFO:Initializing Dummy Classifier
2026-04-22 15:55:57,052:INFO:Total runtime is 1.2737338105837503 minutes
2026-04-22 15:55:57,058:INFO:SubProcess create_model() called ==================================
2026-04-22 15:55:57,058:INFO:Initializing create_model()
2026-04-22 15:55:57,058:INFO:create_model(self=<pycaret.classification.oop.ClassificationExperiment object at 0x7f95817970d0>, estimator=dummy, fold=KFold(n_splits=3, random_state=123, shuffle=True), round=4, cross_validation=True, predict=True, fit_kwargs={}, groups=None, refit=False, probability_threshold=None, experiment_custom_tags=None, verbose=False, system=False, add_to_model_list=True, metrics=None, display=<pycaret.internal.display.display.CommonDisplay object at 0x7f952e231090>, model_only=True, return_train_score=False, error_score=0.0, kwargs={})
2026-04-22 15:55:57,058:INFO:Checking exceptions
2026-04-22 15:55:57,058:INFO:Importing libraries
2026-04-22 15:55:57,059:INFO:Copying training dataset
2026-04-22 15:55:57,330:INFO:Defining folds
2026-04-22 15:55:57,330:INFO:Declaring metric variables
2026-04-22 15:55:57,340:INFO:Importing untrained model
2026-04-22 15:55:57,355:INFO:Dummy Classifier Imported successfully
2026-04-22 15:55:57,371:INFO:Starting cross validation
2026-04-22 15:55:57,374:INFO:Cross validating with KFold(n_splits=3, random_state=123, shuffle=True), n_jobs=1
2026-04-22 15:55:57,456:WARNING:/home/alex/.cache/pypoetry/virtualenvs/klasifikacia-webu-learn-PzL4HxyJ-py3.10/lib/python3.10/site-packages/sklearn/metrics/_classification.py:1509: UndefinedMetricWarning: Precision is ill-defined and being set to 0.0 in labels with no predicted samples. Use `zero_division` parameter to control this behavior.
  _warn_prf(average, modifier, f"{metric.capitalize()} is", len(result))

2026-04-22 15:55:57,545:WARNING:/home/alex/.cache/pypoetry/virtualenvs/klasifikacia-webu-learn-PzL4HxyJ-py3.10/lib/python3.10/site-packages/sklearn/metrics/_classification.py:1509: UndefinedMetricWarning: Precision is ill-defined and being set to 0.0 in labels with no predicted samples. Use `zero_division` parameter to control this behavior.
  _warn_prf(average, modifier, f"{metric.capitalize()} is", len(result))

2026-04-22 15:55:57,638:WARNING:/home/alex/.cache/pypoetry/virtualenvs/klasifikacia-webu-learn-PzL4HxyJ-py3.10/lib/python3.10/site-packages/sklearn/metrics/_classification.py:1509: UndefinedMetricWarning: Precision is ill-defined and being set to 0.0 in labels with no predicted samples. Use `zero_division` parameter to control this behavior.
  _warn_prf(average, modifier, f"{metric.capitalize()} is", len(result))

2026-04-22 15:55:57,658:INFO:Calculating mean and std
2026-04-22 15:55:57,662:INFO:Creating metrics dataframe
2026-04-22 15:55:57,669:INFO:Uploading results into container
2026-04-22 15:55:57,671:INFO:Uploading model into container now
2026-04-22 15:55:57,672:INFO:_master_model_container: 13
2026-04-22 15:55:57,672:INFO:_display_container: 2
2026-04-22 15:55:57,672:INFO:DummyClassifier(constant=None, random_state=123, strategy='prior')
2026-04-22 15:55:57,673:INFO:create_model() successfully completed......................................
2026-04-22 15:55:57,820:INFO:SubProcess create_model() end ==================================
2026-04-22 15:55:57,821:INFO:Creating metrics dataframe
2026-04-22 15:55:57,871:WARNING:/home/alex/.cache/pypoetry/virtualenvs/klasifikacia-webu-learn-PzL4HxyJ-py3.10/lib/python3.10/site-packages/pycaret/internal/pycaret_experiment/supervised_experiment.py:323: FutureWarning: Styler.applymap has been deprecated. Use Styler.map instead.
  master_display_.apply(

2026-04-22 15:55:57,894:INFO:Initializing create_model()
2026-04-22 15:55:57,896:INFO:create_model(self=<pycaret.classification.oop.ClassificationExperiment object at 0x7f95817970d0>, estimator=RidgeClassifier(alpha=1.0, class_weight=None, copy_X=True, fit_intercept=True,
                max_iter=None, positive=False, random_state=123, solver='auto',
                tol=0.0001), fold=KFold(n_splits=3, random_state=123, shuffle=True), round=4, cross_validation=False, predict=False, fit_kwargs={}, groups=None, refit=True, probability_threshold=None, experiment_custom_tags=None, verbose=False, system=False, add_to_model_list=True, metrics=None, display=None, model_only=True, return_train_score=False, error_score=0.0, kwargs={})
2026-04-22 15:55:57,896:INFO:Checking exceptions
2026-04-22 15:55:57,900:INFO:Importing libraries
2026-04-22 15:55:57,901:INFO:Copying training dataset
2026-04-22 15:55:58,274:INFO:Defining folds
2026-04-22 15:55:58,274:INFO:Declaring metric variables
2026-04-22 15:55:58,275:INFO:Importing untrained model
2026-04-22 15:55:58,275:INFO:Declaring custom model
2026-04-22 15:55:58,276:INFO:Ridge Classifier Imported successfully
2026-04-22 15:55:58,279:INFO:Cross validation set to False
2026-04-22 15:55:58,279:INFO:Fitting Model
2026-04-22 15:55:58,535:INFO:RidgeClassifier(alpha=1.0, class_weight=None, copy_X=True, fit_intercept=True,
                max_iter=None, positive=False, random_state=123, solver='auto',
                tol=0.0001)
2026-04-22 15:55:58,536:INFO:create_model() successfully completed......................................
2026-04-22 15:55:58,781:INFO:_master_model_container: 13
2026-04-22 15:55:58,782:INFO:_display_container: 2
2026-04-22 15:55:58,783:INFO:RidgeClassifier(alpha=1.0, class_weight=None, copy_X=True, fit_intercept=True,
                max_iter=None, positive=False, random_state=123, solver='auto',
                tol=0.0001)
2026-04-22 15:55:58,783:INFO:compare_models() successfully completed......................................
2026-04-22 16:09:19,663:WARNING:
'cuml' is a soft dependency and not included in the pycaret installation. Please run: `pip install cuml` to install.
2026-04-22 16:09:19,663:WARNING:
'cuml' is a soft dependency and not included in the pycaret installation. Please run: `pip install cuml` to install.
2026-04-22 16:09:19,663:WARNING:
'cuml' is a soft dependency and not included in the pycaret installation. Please run: `pip install cuml` to install.
2026-04-22 16:09:19,664:WARNING:
'cuml' is a soft dependency and not included in the pycaret installation. Please run: `pip install cuml` to install.
2026-04-22 16:09:22,187:INFO:PyCaret ClassificationExperiment
2026-04-22 16:09:22,187:INFO:Logging name: clf-default-name
2026-04-22 16:09:22,187:INFO:ML Usecase: MLUsecase.CLASSIFICATION
2026-04-22 16:09:22,187:INFO:version 3.3.2
2026-04-22 16:09:22,188:INFO:Initializing setup()
2026-04-22 16:09:22,188:INFO:self.USI: 1924
2026-04-22 16:09:22,188:INFO:self._variable_keys: {'USI', 'target_param', 'logging_param', 'idx', 'X', 'fold_groups_param', 'data', 'is_multiclass', 'fold_shuffle_param', 'n_jobs_param', 'fold_generator', 'memory', 'pipeline', 'X_train', 'gpu_param', 'y_train', 'seed', 'exp_name_log', '_ml_usecase', 'exp_id', 'html_param', 'y', 'y_test', 'fix_imbalance', 'X_test', 'log_plots_param', '_available_plots', 'gpu_n_jobs_param'}
2026-04-22 16:09:22,188:INFO:Checking environment
2026-04-22 16:09:22,188:INFO:python_version: 3.10.19
2026-04-22 16:09:22,188:INFO:python_build: ('main', 'Mar 11 2026 11:49:47')
2026-04-22 16:09:22,188:INFO:machine: x86_64
2026-04-22 16:09:22,188:INFO:platform: Linux-6.19.12-arch1-1-x86_64-with-glibc2.43
2026-04-22 16:09:22,188:INFO:Memory: svmem(total=16066531328, available=6228512768, percent=61.2, used=9838018560, free=3214966784, active=7620411392, inactive=3349127168, buffers=110473216, cached=3778637824, shared=1030283264, slab=444592128)
2026-04-22 16:09:22,189:INFO:Physical Core: 4
2026-04-22 16:09:22,189:INFO:Logical Core: 8
2026-04-22 16:09:22,189:INFO:Checking libraries
2026-04-22 16:09:22,189:INFO:System:
2026-04-22 16:09:22,189:INFO:    python: 3.10.19 (main, Mar 11 2026, 11:49:47) [GCC 15.2.1 20260209]
2026-04-22 16:09:22,189:INFO:executable: /home/alex/.cache/pypoetry/virtualenvs/klasifikacia-webu-learn-PzL4HxyJ-py3.10/bin/python
2026-04-22 16:09:22,189:INFO:   machine: Linux-6.19.12-arch1-1-x86_64-with-glibc2.43
2026-04-22 16:09:22,189:INFO:PyCaret required dependencies:
2026-04-22 16:09:22,190:WARNING:/home/alex/.cache/pypoetry/virtualenvs/klasifikacia-webu-learn-PzL4HxyJ-py3.10/lib/python3.10/site-packages/_distutils_hack/__init__.py:30: UserWarning: Setuptools is replacing distutils. Support for replacing an already imported distutils is deprecated. In the future, this condition will fail. Register concerns at https://github.com/pypa/setuptools/issues/new?template=distutils-deprecation.yml
  warnings.warn(

2026-04-22 16:09:22,282:INFO:                 pip: 26.0.1
2026-04-22 16:09:22,282:INFO:          setuptools: 82.0.1
2026-04-22 16:09:22,282:INFO:             pycaret: 3.3.2
2026-04-22 16:09:22,282:INFO:             IPython: 8.39.0
2026-04-22 16:09:22,282:INFO:          ipywidgets: 8.1.8
2026-04-22 16:09:22,282:INFO:                tqdm: 4.67.3
2026-04-22 16:09:22,282:INFO:               numpy: 1.26.4
2026-04-22 16:09:22,282:INFO:              pandas: 2.1.4
2026-04-22 16:09:22,283:INFO:              jinja2: 3.1.6
2026-04-22 16:09:22,283:INFO:               scipy: 1.11.4
2026-04-22 16:09:22,283:INFO:              joblib: 1.3.2
2026-04-22 16:09:22,283:INFO:             sklearn: 1.4.2
2026-04-22 16:09:22,283:INFO:                pyod: 3.2.1
2026-04-22 16:09:22,283:INFO:            imblearn: 0.14.1
2026-04-22 16:09:22,283:INFO:   category_encoders: 2.7.0
2026-04-22 16:09:22,283:INFO:            lightgbm: 4.6.0
2026-04-22 16:09:22,283:INFO:               numba: 0.65.0
2026-04-22 16:09:22,283:INFO:            requests: 2.33.1
2026-04-22 16:09:22,283:INFO:          matplotlib: 3.7.5
2026-04-22 16:09:22,283:INFO:          scikitplot: 0.3.7
2026-04-22 16:09:22,283:INFO:         yellowbrick: 1.5
2026-04-22 16:09:22,283:INFO:              plotly: 6.7.0
2026-04-22 16:09:22,283:INFO:    plotly-resampler: Not installed
2026-04-22 16:09:22,283:INFO:             kaleido: 1.2.0
2026-04-22 16:09:22,283:INFO:           schemdraw: 0.15
2026-04-22 16:09:22,283:INFO:         statsmodels: 0.14.6
2026-04-22 16:09:22,283:INFO:              sktime: 0.26.0
2026-04-22 16:09:22,283:INFO:               tbats: 1.1.3
2026-04-22 16:09:22,283:INFO:            pmdarima: 2.0.4
2026-04-22 16:09:22,283:INFO:              psutil: 7.2.2
2026-04-22 16:09:22,283:INFO:          markupsafe: 3.0.3
2026-04-22 16:09:22,283:INFO:             pickle5: Not installed
2026-04-22 16:09:22,283:INFO:         cloudpickle: 3.1.2
2026-04-22 16:09:22,284:INFO:         deprecation: 2.1.0
2026-04-22 16:09:22,284:INFO:              xxhash: 3.6.0
2026-04-22 16:09:22,284:INFO:           wurlitzer: 3.1.1
2026-04-22 16:09:22,284:INFO:PyCaret optional dependencies:
2026-04-22 16:09:22,301:INFO:                shap: Not installed
2026-04-22 16:09:22,301:INFO:           interpret: Not installed
2026-04-22 16:09:22,301:INFO:                umap: Not installed
2026-04-22 16:09:22,301:INFO:     ydata_profiling: Not installed
2026-04-22 16:09:22,301:INFO:  explainerdashboard: Not installed
2026-04-22 16:09:22,301:INFO:             autoviz: Not installed
2026-04-22 16:09:22,301:INFO:           fairlearn: Not installed
2026-04-22 16:09:22,301:INFO:          deepchecks: Not installed
2026-04-22 16:09:22,301:INFO:             xgboost: Not installed
2026-04-22 16:09:22,301:INFO:            catboost: Not installed
2026-04-22 16:09:22,302:INFO:              kmodes: Not installed
2026-04-22 16:09:22,302:INFO:             mlxtend: Not installed
2026-04-22 16:09:22,302:INFO:       statsforecast: Not installed
2026-04-22 16:09:22,302:INFO:        tune_sklearn: Not installed
2026-04-22 16:09:22,302:INFO:                 ray: Not installed
2026-04-22 16:09:22,302:INFO:            hyperopt: Not installed
2026-04-22 16:09:22,302:INFO:              optuna: Not installed
2026-04-22 16:09:22,302:INFO:               skopt: Not installed
2026-04-22 16:09:22,302:INFO:              mlflow: Not installed
2026-04-22 16:09:22,302:INFO:              gradio: Not installed
2026-04-22 16:09:22,302:INFO:             fastapi: Not installed
2026-04-22 16:09:22,302:INFO:             uvicorn: Not installed
2026-04-22 16:09:22,302:INFO:              m2cgen: Not installed
2026-04-22 16:09:22,302:INFO:           evidently: Not installed
2026-04-22 16:09:22,302:INFO:               fugue: Not installed
2026-04-22 16:09:22,302:INFO:           streamlit: Not installed
2026-04-22 16:09:22,302:INFO:             prophet: Not installed
2026-04-22 16:09:22,302:INFO:None
2026-04-22 16:09:22,302:INFO:Set up data.
2026-04-22 16:09:22,674:INFO:Set up folding strategy.
2026-04-22 16:09:22,674:INFO:Set up train/test split.
2026-04-22 16:09:22,809:INFO:Set up index.
2026-04-22 16:09:22,811:INFO:Assigning column types.
2026-04-22 16:09:23,061:INFO:Engine successfully changes for model 'lr' to 'sklearn'.
2026-04-22 16:09:23,107:INFO:Engine for model 'knn' has not been set explicitly, hence returning None.
2026-04-22 16:09:23,124:INFO:Engine for model 'rbfsvm' has not been set explicitly, hence returning None.
2026-04-22 16:09:23,175:WARNING:
'xgboost' is a soft dependency and not included in the pycaret installation. Please run: `pip install xgboost` to install.
Alternately, you can install this by running `pip install pycaret[models]`
2026-04-22 16:09:23,176:WARNING:
'catboost' is a soft dependency and not included in the pycaret installation. Please run: `pip install catboost` to install.
Alternately, you can install this by running `pip install pycaret[models]`
2026-04-22 16:09:23,222:INFO:Engine for model 'knn' has not been set explicitly, hence returning None.
2026-04-22 16:09:23,223:INFO:Engine for model 'rbfsvm' has not been set explicitly, hence returning None.
2026-04-22 16:09:23,255:WARNING:
'xgboost' is a soft dependency and not included in the pycaret installation. Please run: `pip install xgboost` to install.
Alternately, you can install this by running `pip install pycaret[models]`
2026-04-22 16:09:23,256:WARNING:
'catboost' is a soft dependency and not included in the pycaret installation. Please run: `pip install catboost` to install.
Alternately, you can install this by running `pip install pycaret[models]`
2026-04-22 16:09:23,256:INFO:Engine successfully changes for model 'knn' to 'sklearn'.
2026-04-22 16:09:23,307:INFO:Engine for model 'rbfsvm' has not been set explicitly, hence returning None.
2026-04-22 16:09:23,337:WARNING:
'xgboost' is a soft dependency and not included in the pycaret installation. Please run: `pip install xgboost` to install.
Alternately, you can install this by running `pip install pycaret[models]`
2026-04-22 16:09:23,338:WARNING:
'catboost' is a soft dependency and not included in the pycaret installation. Please run: `pip install catboost` to install.
Alternately, you can install this by running `pip install pycaret[models]`
2026-04-22 16:09:23,388:INFO:Engine for model 'rbfsvm' has not been set explicitly, hence returning None.
2026-04-22 16:09:23,417:WARNING:
'xgboost' is a soft dependency and not included in the pycaret installation. Please run: `pip install xgboost` to install.
Alternately, you can install this by running `pip install pycaret[models]`
2026-04-22 16:09:23,418:WARNING:
'catboost' is a soft dependency and not included in the pycaret installation. Please run: `pip install catboost` to install.
Alternately, you can install this by running `pip install pycaret[models]`
2026-04-22 16:09:23,418:INFO:Engine successfully changes for model 'rbfsvm' to 'sklearn'.
2026-04-22 16:09:23,496:WARNING:
'xgboost' is a soft dependency and not included in the pycaret installation. Please run: `pip install xgboost` to install.
Alternately, you can install this by running `pip install pycaret[models]`
2026-04-22 16:09:23,497:WARNING:
'catboost' is a soft dependency and not included in the pycaret installation. Please run: `pip install catboost` to install.
Alternately, you can install this by running `pip install pycaret[models]`
2026-04-22 16:09:23,576:WARNING:
'xgboost' is a soft dependency and not included in the pycaret installation. Please run: `pip install xgboost` to install.
Alternately, you can install this by running `pip install pycaret[models]`
2026-04-22 16:09:23,577:WARNING:
'catboost' is a soft dependency and not included in the pycaret installation. Please run: `pip install catboost` to install.
Alternately, you can install this by running `pip install pycaret[models]`
2026-04-22 16:09:23,705:INFO:Finished creating preprocessing pipeline.
2026-04-22 16:09:23,717:INFO:Pipeline: Pipeline(memory=FastMemory(location=/tmp/joblib), steps=[('placeholder', None)],
         verbose=False)
2026-04-22 16:09:23,717:INFO:Creating final display dataframe.
2026-04-22 16:09:25,140:INFO:Setup _display_container:                    Description             Value
0                   Session id               123
1                       Target  category_encoded
2                  Target type        Multiclass
3          Original data shape       (1079, 959)
4       Transformed data shape       (1079, 959)
5  Transformed train set shape        (755, 959)
6   Transformed test set shape        (324, 959)
7             Numeric features               958
2026-04-22 16:09:25,251:WARNING:
'xgboost' is a soft dependency and not included in the pycaret installation. Please run: `pip install xgboost` to install.
Alternately, you can install this by running `pip install pycaret[models]`
2026-04-22 16:09:25,251:WARNING:
'catboost' is a soft dependency and not included in the pycaret installation. Please run: `pip install catboost` to install.
Alternately, you can install this by running `pip install pycaret[models]`
2026-04-22 16:09:25,344:WARNING:
'xgboost' is a soft dependency and not included in the pycaret installation. Please run: `pip install xgboost` to install.
Alternately, you can install this by running `pip install pycaret[models]`
2026-04-22 16:09:25,344:WARNING:
'catboost' is a soft dependency and not included in the pycaret installation. Please run: `pip install catboost` to install.
Alternately, you can install this by running `pip install pycaret[models]`
2026-04-22 16:09:25,346:INFO:setup() successfully completed in 3.16s...............
2026-04-22 16:09:25,346:INFO:Initializing compare_models()
2026-04-22 16:09:25,347:INFO:compare_models(self=<pycaret.classification.oop.ClassificationExperiment object at 0x7f9b56fa91e0>, include=None, fold=None, round=4, cross_validation=True, sort=Accuracy, n_select=1, budget_time=None, turbo=True, errors=ignore, fit_kwargs=None, groups=None, experiment_custom_tags=None, probability_threshold=None, verbose=True, parallel=None, caller_params={'self': <pycaret.classification.oop.ClassificationExperiment object at 0x7f9b56fa91e0>, 'include': None, 'exclude': ['gbc'], 'fold': None, 'round': 4, 'cross_validation': True, 'sort': 'Accuracy', 'n_select': 1, 'budget_time': None, 'turbo': True, 'errors': 'ignore', 'fit_kwargs': None, 'groups': None, 'experiment_custom_tags': None, 'probability_threshold': None, 'engine': None, 'verbose': True, 'parallel': None, '__class__': <class 'pycaret.classification.oop.ClassificationExperiment'>}, exclude=['gbc'])
2026-04-22 16:09:25,347:INFO:Checking exceptions
2026-04-22 16:09:25,479:INFO:Preparing display monitor
2026-04-22 16:09:25,536:INFO:Initializing Logistic Regression
2026-04-22 16:09:25,536:INFO:Total runtime is 6.413459777832031e-06 minutes
2026-04-22 16:09:25,545:INFO:SubProcess create_model() called ==================================
2026-04-22 16:09:25,545:INFO:Initializing create_model()
2026-04-22 16:09:25,545:INFO:create_model(self=<pycaret.classification.oop.ClassificationExperiment object at 0x7f9b56fa91e0>, estimator=lr, fold=KFold(n_splits=3, random_state=123, shuffle=True), round=4, cross_validation=True, predict=True, fit_kwargs={}, groups=None, refit=False, probability_threshold=None, experiment_custom_tags=None, verbose=False, system=False, add_to_model_list=True, metrics=None, display=<pycaret.internal.display.display.CommonDisplay object at 0x7f9b10533340>, model_only=True, return_train_score=False, error_score=0.0, kwargs={})
2026-04-22 16:09:25,545:INFO:Checking exceptions
2026-04-22 16:09:25,545:INFO:Importing libraries
2026-04-22 16:09:25,545:INFO:Copying training dataset
2026-04-22 16:09:26,033:INFO:Defining folds
2026-04-22 16:09:26,034:INFO:Declaring metric variables
2026-04-22 16:09:26,042:INFO:Importing untrained model
2026-04-22 16:09:26,052:INFO:Logistic Regression Imported successfully
2026-04-22 16:09:26,072:INFO:Starting cross validation
2026-04-22 16:09:26,074:INFO:Cross validating with KFold(n_splits=3, random_state=123, shuffle=True), n_jobs=-1
2026-04-22 16:09:36,402:WARNING:/home/alex/.cache/pypoetry/virtualenvs/klasifikacia-webu-learn-PzL4HxyJ-py3.10/lib/python3.10/site-packages/_distutils_hack/__init__.py:30: UserWarning: Setuptools is replacing distutils. Support for replacing an already imported distutils is deprecated. In the future, this condition will fail. Register concerns at https://github.com/pypa/setuptools/issues/new?template=distutils-deprecation.yml
  warnings.warn(

2026-04-22 16:09:36,404:WARNING:/home/alex/.cache/pypoetry/virtualenvs/klasifikacia-webu-learn-PzL4HxyJ-py3.10/lib/python3.10/site-packages/_distutils_hack/__init__.py:30: UserWarning: Setuptools is replacing distutils. Support for replacing an already imported distutils is deprecated. In the future, this condition will fail. Register concerns at https://github.com/pypa/setuptools/issues/new?template=distutils-deprecation.yml
  warnings.warn(

2026-04-22 16:09:36,405:WARNING:/home/alex/.cache/pypoetry/virtualenvs/klasifikacia-webu-learn-PzL4HxyJ-py3.10/lib/python3.10/site-packages/_distutils_hack/__init__.py:30: UserWarning: Setuptools is replacing distutils. Support for replacing an already imported distutils is deprecated. In the future, this condition will fail. Register concerns at https://github.com/pypa/setuptools/issues/new?template=distutils-deprecation.yml
  warnings.warn(

2026-04-22 16:09:37,587:WARNING:/home/alex/.cache/pypoetry/virtualenvs/klasifikacia-webu-learn-PzL4HxyJ-py3.10/lib/python3.10/site-packages/pycaret/internal/metrics.py:204: FitFailedWarning: Metric 'make_scorer(roc_auc_score, response_method=('decision_function', 'predict_proba'), average=weighted, multi_class=ovr)' failed and error score 0.0 has been returned instead. If this is a custom metric, this usually means that the error is in the metric code. Full exception below:
Traceback (most recent call last):
  File "/home/alex/.cache/pypoetry/virtualenvs/klasifikacia-webu-learn-PzL4HxyJ-py3.10/lib/python3.10/site-packages/pycaret/internal/metrics.py", line 196, in _score
    return super()._score(
  File "/home/alex/.cache/pypoetry/virtualenvs/klasifikacia-webu-learn-PzL4HxyJ-py3.10/lib/python3.10/site-packages/sklearn/metrics/_scorer.py", line 350, in _score
    return self._sign * self._score_func(y_true, y_pred, **scoring_kwargs)
  File "/home/alex/.cache/pypoetry/virtualenvs/klasifikacia-webu-learn-PzL4HxyJ-py3.10/lib/python3.10/site-packages/pycaret/internal/metrics.py", line 144, in __call__
    return self.score_func(y_true, y_pred, **kwargs)
  File "/home/alex/.cache/pypoetry/virtualenvs/klasifikacia-webu-learn-PzL4HxyJ-py3.10/lib/python3.10/site-packages/sklearn/utils/_param_validation.py", line 213, in wrapper
    return func(*args, **kwargs)
  File "/home/alex/.cache/pypoetry/virtualenvs/klasifikacia-webu-learn-PzL4HxyJ-py3.10/lib/python3.10/site-packages/sklearn/metrics/_ranking.py", line 634, in roc_auc_score
    return _multiclass_roc_auc_score(
  File "/home/alex/.cache/pypoetry/virtualenvs/klasifikacia-webu-learn-PzL4HxyJ-py3.10/lib/python3.10/site-packages/sklearn/metrics/_ranking.py", line 707, in _multiclass_roc_auc_score
    raise ValueError(
ValueError: Target scores need to be probabilities for multiclass roc_auc, i.e. they should sum up to 1.0 over classes

  warnings.warn(

2026-04-22 16:09:37,610:WARNING:/home/alex/.cache/pypoetry/virtualenvs/klasifikacia-webu-learn-PzL4HxyJ-py3.10/lib/python3.10/site-packages/pycaret/internal/metrics.py:204: FitFailedWarning: Metric 'make_scorer(roc_auc_score, response_method=('decision_function', 'predict_proba'), average=weighted, multi_class=ovr)' failed and error score 0.0 has been returned instead. If this is a custom metric, this usually means that the error is in the metric code. Full exception below:
Traceback (most recent call last):
  File "/home/alex/.cache/pypoetry/virtualenvs/klasifikacia-webu-learn-PzL4HxyJ-py3.10/lib/python3.10/site-packages/pycaret/internal/metrics.py", line 196, in _score
    return super()._score(
  File "/home/alex/.cache/pypoetry/virtualenvs/klasifikacia-webu-learn-PzL4HxyJ-py3.10/lib/python3.10/site-packages/sklearn/metrics/_scorer.py", line 350, in _score
    return self._sign * self._score_func(y_true, y_pred, **scoring_kwargs)
  File "/home/alex/.cache/pypoetry/virtualenvs/klasifikacia-webu-learn-PzL4HxyJ-py3.10/lib/python3.10/site-packages/pycaret/internal/metrics.py", line 144, in __call__
    return self.score_func(y_true, y_pred, **kwargs)
  File "/home/alex/.cache/pypoetry/virtualenvs/klasifikacia-webu-learn-PzL4HxyJ-py3.10/lib/python3.10/site-packages/sklearn/utils/_param_validation.py", line 213, in wrapper
    return func(*args, **kwargs)
  File "/home/alex/.cache/pypoetry/virtualenvs/klasifikacia-webu-learn-PzL4HxyJ-py3.10/lib/python3.10/site-packages/sklearn/metrics/_ranking.py", line 634, in roc_auc_score
    return _multiclass_roc_auc_score(
  File "/home/alex/.cache/pypoetry/virtualenvs/klasifikacia-webu-learn-PzL4HxyJ-py3.10/lib/python3.10/site-packages/sklearn/metrics/_ranking.py", line 707, in _multiclass_roc_auc_score
    raise ValueError(
ValueError: Target scores need to be probabilities for multiclass roc_auc, i.e. they should sum up to 1.0 over classes

  warnings.warn(

2026-04-22 16:09:37,612:WARNING:/home/alex/.cache/pypoetry/virtualenvs/klasifikacia-webu-learn-PzL4HxyJ-py3.10/lib/python3.10/site-packages/pycaret/internal/metrics.py:204: FitFailedWarning: Metric 'make_scorer(roc_auc_score, response_method=('decision_function', 'predict_proba'), average=weighted, multi_class=ovr)' failed and error score 0.0 has been returned instead. If this is a custom metric, this usually means that the error is in the metric code. Full exception below:
Traceback (most recent call last):
  File "/home/alex/.cache/pypoetry/virtualenvs/klasifikacia-webu-learn-PzL4HxyJ-py3.10/lib/python3.10/site-packages/pycaret/internal/metrics.py", line 196, in _score
    return super()._score(
  File "/home/alex/.cache/pypoetry/virtualenvs/klasifikacia-webu-learn-PzL4HxyJ-py3.10/lib/python3.10/site-packages/sklearn/metrics/_scorer.py", line 350, in _score
    return self._sign * self._score_func(y_true, y_pred, **scoring_kwargs)
  File "/home/alex/.cache/pypoetry/virtualenvs/klasifikacia-webu-learn-PzL4HxyJ-py3.10/lib/python3.10/site-packages/pycaret/internal/metrics.py", line 144, in __call__
    return self.score_func(y_true, y_pred, **kwargs)
  File "/home/alex/.cache/pypoetry/virtualenvs/klasifikacia-webu-learn-PzL4HxyJ-py3.10/lib/python3.10/site-packages/sklearn/utils/_param_validation.py", line 213, in wrapper
    return func(*args, **kwargs)
  File "/home/alex/.cache/pypoetry/virtualenvs/klasifikacia-webu-learn-PzL4HxyJ-py3.10/lib/python3.10/site-packages/sklearn/metrics/_ranking.py", line 634, in roc_auc_score
    return _multiclass_roc_auc_score(
  File "/home/alex/.cache/pypoetry/virtualenvs/klasifikacia-webu-learn-PzL4HxyJ-py3.10/lib/python3.10/site-packages/sklearn/metrics/_ranking.py", line 707, in _multiclass_roc_auc_score
    raise ValueError(
ValueError: Target scores need to be probabilities for multiclass roc_auc, i.e. they should sum up to 1.0 over classes

  warnings.warn(

2026-04-22 16:09:37,644:INFO:Calculating mean and std
2026-04-22 16:09:37,647:INFO:Creating metrics dataframe
2026-04-22 16:09:37,655:INFO:Uploading results into container
2026-04-22 16:09:37,656:INFO:Uploading model into container now
2026-04-22 16:09:37,658:INFO:_master_model_container: 1
2026-04-22 16:09:37,658:INFO:_display_container: 2
2026-04-22 16:09:37,659:INFO:LogisticRegression(C=1.0, class_weight=None, dual=False, fit_intercept=True,
                   intercept_scaling=1, l1_ratio=None, max_iter=1000,
                   multi_class='auto', n_jobs=None, penalty='l2',
                   random_state=123, solver='lbfgs', tol=0.0001, verbose=0,
                   warm_start=False)
2026-04-22 16:09:37,660:INFO:create_model() successfully completed......................................
2026-04-22 16:09:37,809:INFO:SubProcess create_model() end ==================================
2026-04-22 16:09:37,810:INFO:Creating metrics dataframe
2026-04-22 16:09:37,822:INFO:Initializing K Neighbors Classifier
2026-04-22 16:09:37,822:INFO:Total runtime is 0.20477809508641562 minutes
2026-04-22 16:09:37,827:INFO:SubProcess create_model() called ==================================
2026-04-22 16:09:37,828:INFO:Initializing create_model()
2026-04-22 16:09:37,828:INFO:create_model(self=<pycaret.classification.oop.ClassificationExperiment object at 0x7f9b56fa91e0>, estimator=knn, fold=KFold(n_splits=3, random_state=123, shuffle=True), round=4, cross_validation=True, predict=True, fit_kwargs={}, groups=None, refit=False, probability_threshold=None, experiment_custom_tags=None, verbose=False, system=False, add_to_model_list=True, metrics=None, display=<pycaret.internal.display.display.CommonDisplay object at 0x7f9b10533340>, model_only=True, return_train_score=False, error_score=0.0, kwargs={})
2026-04-22 16:09:37,828:INFO:Checking exceptions
2026-04-22 16:09:37,828:INFO:Importing libraries
2026-04-22 16:09:37,828:INFO:Copying training dataset
2026-04-22 16:09:38,083:INFO:Defining folds
2026-04-22 16:09:38,083:INFO:Declaring metric variables
2026-04-22 16:09:38,089:INFO:Importing untrained model
2026-04-22 16:09:38,096:INFO:K Neighbors Classifier Imported successfully
2026-04-22 16:09:38,108:INFO:Starting cross validation
2026-04-22 16:09:38,109:INFO:Cross validating with KFold(n_splits=3, random_state=123, shuffle=True), n_jobs=-1
2026-04-22 16:09:40,609:WARNING:/home/alex/.cache/pypoetry/virtualenvs/klasifikacia-webu-learn-PzL4HxyJ-py3.10/lib/python3.10/site-packages/_distutils_hack/__init__.py:30: UserWarning: Setuptools is replacing distutils. Support for replacing an already imported distutils is deprecated. In the future, this condition will fail. Register concerns at https://github.com/pypa/setuptools/issues/new?template=distutils-deprecation.yml
  warnings.warn(

2026-04-22 16:09:40,645:WARNING:/home/alex/.cache/pypoetry/virtualenvs/klasifikacia-webu-learn-PzL4HxyJ-py3.10/lib/python3.10/site-packages/_distutils_hack/__init__.py:30: UserWarning: Setuptools is replacing distutils. Support for replacing an already imported distutils is deprecated. In the future, this condition will fail. Register concerns at https://github.com/pypa/setuptools/issues/new?template=distutils-deprecation.yml
  warnings.warn(

2026-04-22 16:09:40,716:WARNING:/home/alex/.cache/pypoetry/virtualenvs/klasifikacia-webu-learn-PzL4HxyJ-py3.10/lib/python3.10/site-packages/_distutils_hack/__init__.py:30: UserWarning: Setuptools is replacing distutils. Support for replacing an already imported distutils is deprecated. In the future, this condition will fail. Register concerns at https://github.com/pypa/setuptools/issues/new?template=distutils-deprecation.yml
  warnings.warn(

2026-04-22 16:09:41,169:INFO:Calculating mean and std
2026-04-22 16:09:41,171:INFO:Creating metrics dataframe
2026-04-22 16:09:41,174:INFO:Uploading results into container
2026-04-22 16:09:41,175:INFO:Uploading model into container now
2026-04-22 16:09:41,175:INFO:_master_model_container: 2
2026-04-22 16:09:41,176:INFO:_display_container: 2
2026-04-22 16:09:41,176:INFO:KNeighborsClassifier(algorithm='auto', leaf_size=30, metric='minkowski',
                     metric_params=None, n_jobs=-1, n_neighbors=5, p=2,
                     weights='uniform')
2026-04-22 16:09:41,176:INFO:create_model() successfully completed......................................
2026-04-22 16:09:41,292:INFO:SubProcess create_model() end ==================================
2026-04-22 16:09:41,292:INFO:Creating metrics dataframe
2026-04-22 16:09:41,303:INFO:Initializing Naive Bayes
2026-04-22 16:09:41,303:INFO:Total runtime is 0.26279587745666505 minutes
2026-04-22 16:09:41,312:INFO:SubProcess create_model() called ==================================
2026-04-22 16:09:41,312:INFO:Initializing create_model()
2026-04-22 16:09:41,312:INFO:create_model(self=<pycaret.classification.oop.ClassificationExperiment object at 0x7f9b56fa91e0>, estimator=nb, fold=KFold(n_splits=3, random_state=123, shuffle=True), round=4, cross_validation=True, predict=True, fit_kwargs={}, groups=None, refit=False, probability_threshold=None, experiment_custom_tags=None, verbose=False, system=False, add_to_model_list=True, metrics=None, display=<pycaret.internal.display.display.CommonDisplay object at 0x7f9b10533340>, model_only=True, return_train_score=False, error_score=0.0, kwargs={})
2026-04-22 16:09:41,312:INFO:Checking exceptions
2026-04-22 16:09:41,312:INFO:Importing libraries
2026-04-22 16:09:41,313:INFO:Copying training dataset
2026-04-22 16:09:41,555:INFO:Defining folds
2026-04-22 16:09:41,555:INFO:Declaring metric variables
2026-04-22 16:09:41,561:INFO:Importing untrained model
2026-04-22 16:09:41,569:INFO:Naive Bayes Imported successfully
2026-04-22 16:09:41,582:INFO:Starting cross validation
2026-04-22 16:09:41,584:INFO:Cross validating with KFold(n_splits=3, random_state=123, shuffle=True), n_jobs=-1
2026-04-22 16:09:43,889:WARNING:/home/alex/.cache/pypoetry/virtualenvs/klasifikacia-webu-learn-PzL4HxyJ-py3.10/lib/python3.10/site-packages/_distutils_hack/__init__.py:30: UserWarning: Setuptools is replacing distutils. Support for replacing an already imported distutils is deprecated. In the future, this condition will fail. Register concerns at https://github.com/pypa/setuptools/issues/new?template=distutils-deprecation.yml
  warnings.warn(

2026-04-22 16:09:43,896:WARNING:/home/alex/.cache/pypoetry/virtualenvs/klasifikacia-webu-learn-PzL4HxyJ-py3.10/lib/python3.10/site-packages/_distutils_hack/__init__.py:30: UserWarning: Setuptools is replacing distutils. Support for replacing an already imported distutils is deprecated. In the future, this condition will fail. Register concerns at https://github.com/pypa/setuptools/issues/new?template=distutils-deprecation.yml
  warnings.warn(

2026-04-22 16:09:44,423:INFO:Calculating mean and std
2026-04-22 16:09:44,425:INFO:Creating metrics dataframe
2026-04-22 16:09:44,428:INFO:Uploading results into container
2026-04-22 16:09:44,430:INFO:Uploading model into container now
2026-04-22 16:09:44,431:INFO:_master_model_container: 3
2026-04-22 16:09:44,431:INFO:_display_container: 2
2026-04-22 16:09:44,431:INFO:GaussianNB(priors=None, var_smoothing=1e-09)
2026-04-22 16:09:44,432:INFO:create_model() successfully completed......................................
2026-04-22 16:09:44,558:INFO:SubProcess create_model() end ==================================
2026-04-22 16:09:44,559:INFO:Creating metrics dataframe
2026-04-22 16:09:44,572:INFO:Initializing Decision Tree Classifier
2026-04-22 16:09:44,572:INFO:Total runtime is 0.31727166175842286 minutes
2026-04-22 16:09:44,579:INFO:SubProcess create_model() called ==================================
2026-04-22 16:09:44,580:INFO:Initializing create_model()
2026-04-22 16:09:44,580:INFO:create_model(self=<pycaret.classification.oop.ClassificationExperiment object at 0x7f9b56fa91e0>, estimator=dt, fold=KFold(n_splits=3, random_state=123, shuffle=True), round=4, cross_validation=True, predict=True, fit_kwargs={}, groups=None, refit=False, probability_threshold=None, experiment_custom_tags=None, verbose=False, system=False, add_to_model_list=True, metrics=None, display=<pycaret.internal.display.display.CommonDisplay object at 0x7f9b10533340>, model_only=True, return_train_score=False, error_score=0.0, kwargs={})
2026-04-22 16:09:44,580:INFO:Checking exceptions
2026-04-22 16:09:44,580:INFO:Importing libraries
2026-04-22 16:09:44,580:INFO:Copying training dataset
2026-04-22 16:09:44,866:INFO:Defining folds
2026-04-22 16:09:44,866:INFO:Declaring metric variables
2026-04-22 16:09:44,876:INFO:Importing untrained model
2026-04-22 16:09:44,884:INFO:Decision Tree Classifier Imported successfully
2026-04-22 16:09:44,899:INFO:Starting cross validation
2026-04-22 16:09:44,901:INFO:Cross validating with KFold(n_splits=3, random_state=123, shuffle=True), n_jobs=-1
2026-04-22 16:09:45,608:INFO:Calculating mean and std
2026-04-22 16:09:45,620:INFO:Creating metrics dataframe
2026-04-22 16:09:45,634:INFO:Uploading results into container
2026-04-22 16:09:45,636:INFO:Uploading model into container now
2026-04-22 16:09:45,642:INFO:_master_model_container: 4
2026-04-22 16:09:45,648:INFO:_display_container: 2
2026-04-22 16:09:45,653:INFO:DecisionTreeClassifier(ccp_alpha=0.0, class_weight=None, criterion='gini',
                       max_depth=None, max_features=None, max_leaf_nodes=None,
                       min_impurity_decrease=0.0, min_samples_leaf=1,
                       min_samples_split=2, min_weight_fraction_leaf=0.0,
                       monotonic_cst=None, random_state=123, splitter='best')
2026-04-22 16:09:45,653:INFO:create_model() successfully completed......................................
2026-04-22 16:09:45,844:INFO:SubProcess create_model() end ==================================
2026-04-22 16:09:45,844:INFO:Creating metrics dataframe
2026-04-22 16:09:45,869:INFO:Initializing SVM - Linear Kernel
2026-04-22 16:09:45,869:INFO:Total runtime is 0.33889042139053344 minutes
2026-04-22 16:09:45,880:INFO:SubProcess create_model() called ==================================
2026-04-22 16:09:45,880:INFO:Initializing create_model()
2026-04-22 16:09:45,881:INFO:create_model(self=<pycaret.classification.oop.ClassificationExperiment object at 0x7f9b56fa91e0>, estimator=svm, fold=KFold(n_splits=3, random_state=123, shuffle=True), round=4, cross_validation=True, predict=True, fit_kwargs={}, groups=None, refit=False, probability_threshold=None, experiment_custom_tags=None, verbose=False, system=False, add_to_model_list=True, metrics=None, display=<pycaret.internal.display.display.CommonDisplay object at 0x7f9b10533340>, model_only=True, return_train_score=False, error_score=0.0, kwargs={})
2026-04-22 16:09:45,881:INFO:Checking exceptions
2026-04-22 16:09:45,881:INFO:Importing libraries
2026-04-22 16:09:45,881:INFO:Copying training dataset
2026-04-22 16:09:46,193:INFO:Defining folds
2026-04-22 16:09:46,193:INFO:Declaring metric variables
2026-04-22 16:09:46,202:INFO:Importing untrained model
2026-04-22 16:09:46,209:INFO:SVM - Linear Kernel Imported successfully
2026-04-22 16:09:46,222:INFO:Starting cross validation
2026-04-22 16:09:46,224:INFO:Cross validating with KFold(n_splits=3, random_state=123, shuffle=True), n_jobs=-1
2026-04-22 16:09:46,738:WARNING:/home/alex/.cache/pypoetry/virtualenvs/klasifikacia-webu-learn-PzL4HxyJ-py3.10/lib/python3.10/site-packages/pycaret/internal/metrics.py:204: FitFailedWarning: Metric 'make_scorer(roc_auc_score, response_method=('decision_function', 'predict_proba'), average=weighted, multi_class=ovr)' failed and error score 0.0 has been returned instead. If this is a custom metric, this usually means that the error is in the metric code. Full exception below:
Traceback (most recent call last):
  File "/home/alex/.cache/pypoetry/virtualenvs/klasifikacia-webu-learn-PzL4HxyJ-py3.10/lib/python3.10/site-packages/pycaret/internal/metrics.py", line 196, in _score
    return super()._score(
  File "/home/alex/.cache/pypoetry/virtualenvs/klasifikacia-webu-learn-PzL4HxyJ-py3.10/lib/python3.10/site-packages/sklearn/metrics/_scorer.py", line 350, in _score
    return self._sign * self._score_func(y_true, y_pred, **scoring_kwargs)
  File "/home/alex/.cache/pypoetry/virtualenvs/klasifikacia-webu-learn-PzL4HxyJ-py3.10/lib/python3.10/site-packages/pycaret/internal/metrics.py", line 144, in __call__
    return self.score_func(y_true, y_pred, **kwargs)
  File "/home/alex/.cache/pypoetry/virtualenvs/klasifikacia-webu-learn-PzL4HxyJ-py3.10/lib/python3.10/site-packages/sklearn/utils/_param_validation.py", line 213, in wrapper
    return func(*args, **kwargs)
  File "/home/alex/.cache/pypoetry/virtualenvs/klasifikacia-webu-learn-PzL4HxyJ-py3.10/lib/python3.10/site-packages/sklearn/metrics/_ranking.py", line 634, in roc_auc_score
    return _multiclass_roc_auc_score(
  File "/home/alex/.cache/pypoetry/virtualenvs/klasifikacia-webu-learn-PzL4HxyJ-py3.10/lib/python3.10/site-packages/sklearn/metrics/_ranking.py", line 707, in _multiclass_roc_auc_score
    raise ValueError(
ValueError: Target scores need to be probabilities for multiclass roc_auc, i.e. they should sum up to 1.0 over classes

  warnings.warn(

2026-04-22 16:09:46,793:WARNING:/home/alex/.cache/pypoetry/virtualenvs/klasifikacia-webu-learn-PzL4HxyJ-py3.10/lib/python3.10/site-packages/pycaret/internal/metrics.py:204: FitFailedWarning: Metric 'make_scorer(roc_auc_score, response_method=('decision_function', 'predict_proba'), average=weighted, multi_class=ovr)' failed and error score 0.0 has been returned instead. If this is a custom metric, this usually means that the error is in the metric code. Full exception below:
Traceback (most recent call last):
  File "/home/alex/.cache/pypoetry/virtualenvs/klasifikacia-webu-learn-PzL4HxyJ-py3.10/lib/python3.10/site-packages/pycaret/internal/metrics.py", line 196, in _score
    return super()._score(
  File "/home/alex/.cache/pypoetry/virtualenvs/klasifikacia-webu-learn-PzL4HxyJ-py3.10/lib/python3.10/site-packages/sklearn/metrics/_scorer.py", line 350, in _score
    return self._sign * self._score_func(y_true, y_pred, **scoring_kwargs)
  File "/home/alex/.cache/pypoetry/virtualenvs/klasifikacia-webu-learn-PzL4HxyJ-py3.10/lib/python3.10/site-packages/pycaret/internal/metrics.py", line 144, in __call__
    return self.score_func(y_true, y_pred, **kwargs)
  File "/home/alex/.cache/pypoetry/virtualenvs/klasifikacia-webu-learn-PzL4HxyJ-py3.10/lib/python3.10/site-packages/sklearn/utils/_param_validation.py", line 213, in wrapper
    return func(*args, **kwargs)
  File "/home/alex/.cache/pypoetry/virtualenvs/klasifikacia-webu-learn-PzL4HxyJ-py3.10/lib/python3.10/site-packages/sklearn/metrics/_ranking.py", line 634, in roc_auc_score
    return _multiclass_roc_auc_score(
  File "/home/alex/.cache/pypoetry/virtualenvs/klasifikacia-webu-learn-PzL4HxyJ-py3.10/lib/python3.10/site-packages/sklearn/metrics/_ranking.py", line 707, in _multiclass_roc_auc_score
    raise ValueError(
ValueError: Target scores need to be probabilities for multiclass roc_auc, i.e. they should sum up to 1.0 over classes

  warnings.warn(

2026-04-22 16:09:46,854:WARNING:/home/alex/.cache/pypoetry/virtualenvs/klasifikacia-webu-learn-PzL4HxyJ-py3.10/lib/python3.10/site-packages/pycaret/internal/metrics.py:204: FitFailedWarning: Metric 'make_scorer(roc_auc_score, response_method=('decision_function', 'predict_proba'), average=weighted, multi_class=ovr)' failed and error score 0.0 has been returned instead. If this is a custom metric, this usually means that the error is in the metric code. Full exception below:
Traceback (most recent call last):
  File "/home/alex/.cache/pypoetry/virtualenvs/klasifikacia-webu-learn-PzL4HxyJ-py3.10/lib/python3.10/site-packages/pycaret/internal/metrics.py", line 196, in _score
    return super()._score(
  File "/home/alex/.cache/pypoetry/virtualenvs/klasifikacia-webu-learn-PzL4HxyJ-py3.10/lib/python3.10/site-packages/sklearn/metrics/_scorer.py", line 350, in _score
    return self._sign * self._score_func(y_true, y_pred, **scoring_kwargs)
  File "/home/alex/.cache/pypoetry/virtualenvs/klasifikacia-webu-learn-PzL4HxyJ-py3.10/lib/python3.10/site-packages/pycaret/internal/metrics.py", line 144, in __call__
    return self.score_func(y_true, y_pred, **kwargs)
  File "/home/alex/.cache/pypoetry/virtualenvs/klasifikacia-webu-learn-PzL4HxyJ-py3.10/lib/python3.10/site-packages/sklearn/utils/_param_validation.py", line 213, in wrapper
    return func(*args, **kwargs)
  File "/home/alex/.cache/pypoetry/virtualenvs/klasifikacia-webu-learn-PzL4HxyJ-py3.10/lib/python3.10/site-packages/sklearn/metrics/_ranking.py", line 634, in roc_auc_score
    return _multiclass_roc_auc_score(
  File "/home/alex/.cache/pypoetry/virtualenvs/klasifikacia-webu-learn-PzL4HxyJ-py3.10/lib/python3.10/site-packages/sklearn/metrics/_ranking.py", line 707, in _multiclass_roc_auc_score
    raise ValueError(
ValueError: Target scores need to be probabilities for multiclass roc_auc, i.e. they should sum up to 1.0 over classes

  warnings.warn(

2026-04-22 16:09:46,901:INFO:Calculating mean and std
2026-04-22 16:09:46,905:INFO:Creating metrics dataframe
2026-04-22 16:09:46,925:INFO:Uploading results into container
2026-04-22 16:09:46,926:INFO:Uploading model into container now
2026-04-22 16:09:46,927:INFO:_master_model_container: 5
2026-04-22 16:09:46,928:INFO:_display_container: 2
2026-04-22 16:09:46,930:INFO:SGDClassifier(alpha=0.0001, average=False, class_weight=None,
              early_stopping=False, epsilon=0.1, eta0=0.001, fit_intercept=True,
              l1_ratio=0.15, learning_rate='optimal', loss='hinge',
              max_iter=1000, n_iter_no_change=5, n_jobs=-1, penalty='l2',
              power_t=0.5, random_state=123, shuffle=True, tol=0.001,
              validation_fraction=0.1, verbose=0, warm_start=False)
2026-04-22 16:09:46,930:INFO:create_model() successfully completed......................................
2026-04-22 16:09:47,068:INFO:SubProcess create_model() end ==================================
2026-04-22 16:09:47,068:INFO:Creating metrics dataframe
2026-04-22 16:09:47,082:INFO:Initializing Ridge Classifier
2026-04-22 16:09:47,082:INFO:Total runtime is 0.3591058293978373 minutes
2026-04-22 16:09:47,087:INFO:SubProcess create_model() called ==================================
2026-04-22 16:09:47,088:INFO:Initializing create_model()
2026-04-22 16:09:47,088:INFO:create_model(self=<pycaret.classification.oop.ClassificationExperiment object at 0x7f9b56fa91e0>, estimator=ridge, fold=KFold(n_splits=3, random_state=123, shuffle=True), round=4, cross_validation=True, predict=True, fit_kwargs={}, groups=None, refit=False, probability_threshold=None, experiment_custom_tags=None, verbose=False, system=False, add_to_model_list=True, metrics=None, display=<pycaret.internal.display.display.CommonDisplay object at 0x7f9b10533340>, model_only=True, return_train_score=False, error_score=0.0, kwargs={})
2026-04-22 16:09:47,088:INFO:Checking exceptions
2026-04-22 16:09:47,088:INFO:Importing libraries
2026-04-22 16:09:47,088:INFO:Copying training dataset
2026-04-22 16:09:47,365:INFO:Defining folds
2026-04-22 16:09:47,365:INFO:Declaring metric variables
2026-04-22 16:09:47,371:INFO:Importing untrained model
2026-04-22 16:09:47,377:INFO:Ridge Classifier Imported successfully
2026-04-22 16:09:47,392:INFO:Starting cross validation
2026-04-22 16:09:47,395:INFO:Cross validating with KFold(n_splits=3, random_state=123, shuffle=True), n_jobs=-1
2026-04-22 16:09:47,769:WARNING:/home/alex/.cache/pypoetry/virtualenvs/klasifikacia-webu-learn-PzL4HxyJ-py3.10/lib/python3.10/site-packages/pycaret/internal/metrics.py:204: FitFailedWarning: Metric 'make_scorer(roc_auc_score, response_method=('decision_function', 'predict_proba'), average=weighted, multi_class=ovr)' failed and error score 0.0 has been returned instead. If this is a custom metric, this usually means that the error is in the metric code. Full exception below:
Traceback (most recent call last):
  File "/home/alex/.cache/pypoetry/virtualenvs/klasifikacia-webu-learn-PzL4HxyJ-py3.10/lib/python3.10/site-packages/pycaret/internal/metrics.py", line 196, in _score
    return super()._score(
  File "/home/alex/.cache/pypoetry/virtualenvs/klasifikacia-webu-learn-PzL4HxyJ-py3.10/lib/python3.10/site-packages/sklearn/metrics/_scorer.py", line 350, in _score
    return self._sign * self._score_func(y_true, y_pred, **scoring_kwargs)
  File "/home/alex/.cache/pypoetry/virtualenvs/klasifikacia-webu-learn-PzL4HxyJ-py3.10/lib/python3.10/site-packages/pycaret/internal/metrics.py", line 144, in __call__
    return self.score_func(y_true, y_pred, **kwargs)
  File "/home/alex/.cache/pypoetry/virtualenvs/klasifikacia-webu-learn-PzL4HxyJ-py3.10/lib/python3.10/site-packages/sklearn/utils/_param_validation.py", line 213, in wrapper
    return func(*args, **kwargs)
  File "/home/alex/.cache/pypoetry/virtualenvs/klasifikacia-webu-learn-PzL4HxyJ-py3.10/lib/python3.10/site-packages/sklearn/metrics/_ranking.py", line 634, in roc_auc_score
    return _multiclass_roc_auc_score(
  File "/home/alex/.cache/pypoetry/virtualenvs/klasifikacia-webu-learn-PzL4HxyJ-py3.10/lib/python3.10/site-packages/sklearn/metrics/_ranking.py", line 707, in _multiclass_roc_auc_score
    raise ValueError(
ValueError: Target scores need to be probabilities for multiclass roc_auc, i.e. they should sum up to 1.0 over classes

  warnings.warn(

2026-04-22 16:09:47,838:WARNING:/home/alex/.cache/pypoetry/virtualenvs/klasifikacia-webu-learn-PzL4HxyJ-py3.10/lib/python3.10/site-packages/pycaret/internal/metrics.py:204: FitFailedWarning: Metric 'make_scorer(roc_auc_score, response_method=('decision_function', 'predict_proba'), average=weighted, multi_class=ovr)' failed and error score 0.0 has been returned instead. If this is a custom metric, this usually means that the error is in the metric code. Full exception below:
Traceback (most recent call last):
  File "/home/alex/.cache/pypoetry/virtualenvs/klasifikacia-webu-learn-PzL4HxyJ-py3.10/lib/python3.10/site-packages/pycaret/internal/metrics.py", line 196, in _score
    return super()._score(
  File "/home/alex/.cache/pypoetry/virtualenvs/klasifikacia-webu-learn-PzL4HxyJ-py3.10/lib/python3.10/site-packages/sklearn/metrics/_scorer.py", line 350, in _score
    return self._sign * self._score_func(y_true, y_pred, **scoring_kwargs)
  File "/home/alex/.cache/pypoetry/virtualenvs/klasifikacia-webu-learn-PzL4HxyJ-py3.10/lib/python3.10/site-packages/pycaret/internal/metrics.py", line 144, in __call__
    return self.score_func(y_true, y_pred, **kwargs)
  File "/home/alex/.cache/pypoetry/virtualenvs/klasifikacia-webu-learn-PzL4HxyJ-py3.10/lib/python3.10/site-packages/sklearn/utils/_param_validation.py", line 213, in wrapper
    return func(*args, **kwargs)
  File "/home/alex/.cache/pypoetry/virtualenvs/klasifikacia-webu-learn-PzL4HxyJ-py3.10/lib/python3.10/site-packages/sklearn/metrics/_ranking.py", line 634, in roc_auc_score
    return _multiclass_roc_auc_score(
  File "/home/alex/.cache/pypoetry/virtualenvs/klasifikacia-webu-learn-PzL4HxyJ-py3.10/lib/python3.10/site-packages/sklearn/metrics/_ranking.py", line 707, in _multiclass_roc_auc_score
    raise ValueError(
ValueError: Target scores need to be probabilities for multiclass roc_auc, i.e. they should sum up to 1.0 over classes

  warnings.warn(

2026-04-22 16:09:47,885:WARNING:/home/alex/.cache/pypoetry/virtualenvs/klasifikacia-webu-learn-PzL4HxyJ-py3.10/lib/python3.10/site-packages/pycaret/internal/metrics.py:204: FitFailedWarning: Metric 'make_scorer(roc_auc_score, response_method=('decision_function', 'predict_proba'), average=weighted, multi_class=ovr)' failed and error score 0.0 has been returned instead. If this is a custom metric, this usually means that the error is in the metric code. Full exception below:
Traceback (most recent call last):
  File "/home/alex/.cache/pypoetry/virtualenvs/klasifikacia-webu-learn-PzL4HxyJ-py3.10/lib/python3.10/site-packages/pycaret/internal/metrics.py", line 196, in _score
    return super()._score(
  File "/home/alex/.cache/pypoetry/virtualenvs/klasifikacia-webu-learn-PzL4HxyJ-py3.10/lib/python3.10/site-packages/sklearn/metrics/_scorer.py", line 350, in _score
    return self._sign * self._score_func(y_true, y_pred, **scoring_kwargs)
  File "/home/alex/.cache/pypoetry/virtualenvs/klasifikacia-webu-learn-PzL4HxyJ-py3.10/lib/python3.10/site-packages/pycaret/internal/metrics.py", line 144, in __call__
    return self.score_func(y_true, y_pred, **kwargs)
  File "/home/alex/.cache/pypoetry/virtualenvs/klasifikacia-webu-learn-PzL4HxyJ-py3.10/lib/python3.10/site-packages/sklearn/utils/_param_validation.py", line 213, in wrapper
    return func(*args, **kwargs)
  File "/home/alex/.cache/pypoetry/virtualenvs/klasifikacia-webu-learn-PzL4HxyJ-py3.10/lib/python3.10/site-packages/sklearn/metrics/_ranking.py", line 634, in roc_auc_score
    return _multiclass_roc_auc_score(
  File "/home/alex/.cache/pypoetry/virtualenvs/klasifikacia-webu-learn-PzL4HxyJ-py3.10/lib/python3.10/site-packages/sklearn/metrics/_ranking.py", line 707, in _multiclass_roc_auc_score
    raise ValueError(
ValueError: Target scores need to be probabilities for multiclass roc_auc, i.e. they should sum up to 1.0 over classes

  warnings.warn(

2026-04-22 16:09:47,913:INFO:Calculating mean and std
2026-04-22 16:09:47,915:INFO:Creating metrics dataframe
2026-04-22 16:09:47,919:INFO:Uploading results into container
2026-04-22 16:09:47,920:INFO:Uploading model into container now
2026-04-22 16:09:47,921:INFO:_master_model_container: 6
2026-04-22 16:09:47,921:INFO:_display_container: 2
2026-04-22 16:09:47,922:INFO:RidgeClassifier(alpha=1.0, class_weight=None, copy_X=True, fit_intercept=True,
                max_iter=None, positive=False, random_state=123, solver='auto',
                tol=0.0001)
2026-04-22 16:09:47,922:INFO:create_model() successfully completed......................................
2026-04-22 16:09:48,055:INFO:SubProcess create_model() end ==================================
2026-04-22 16:09:48,055:INFO:Creating metrics dataframe
2026-04-22 16:09:48,070:INFO:Initializing Random Forest Classifier
2026-04-22 16:09:48,070:INFO:Total runtime is 0.37557686964670817 minutes
2026-04-22 16:09:48,076:INFO:SubProcess create_model() called ==================================
2026-04-22 16:09:48,077:INFO:Initializing create_model()
2026-04-22 16:09:48,077:INFO:create_model(self=<pycaret.classification.oop.ClassificationExperiment object at 0x7f9b56fa91e0>, estimator=rf, fold=KFold(n_splits=3, random_state=123, shuffle=True), round=4, cross_validation=True, predict=True, fit_kwargs={}, groups=None, refit=False, probability_threshold=None, experiment_custom_tags=None, verbose=False, system=False, add_to_model_list=True, metrics=None, display=<pycaret.internal.display.display.CommonDisplay object at 0x7f9b10533340>, model_only=True, return_train_score=False, error_score=0.0, kwargs={})
2026-04-22 16:09:48,077:INFO:Checking exceptions
2026-04-22 16:09:48,077:INFO:Importing libraries
2026-04-22 16:09:48,077:INFO:Copying training dataset
2026-04-22 16:09:48,351:INFO:Defining folds
2026-04-22 16:09:48,351:INFO:Declaring metric variables
2026-04-22 16:09:48,357:INFO:Importing untrained model
2026-04-22 16:09:48,366:INFO:Random Forest Classifier Imported successfully
2026-04-22 16:09:48,381:INFO:Starting cross validation
2026-04-22 16:09:48,383:INFO:Cross validating with KFold(n_splits=3, random_state=123, shuffle=True), n_jobs=-1
2026-04-22 16:09:49,477:INFO:Calculating mean and std
2026-04-22 16:09:49,478:INFO:Creating metrics dataframe
2026-04-22 16:09:49,481:INFO:Uploading results into container
2026-04-22 16:09:49,482:INFO:Uploading model into container now
2026-04-22 16:09:49,482:INFO:_master_model_container: 7
2026-04-22 16:09:49,483:INFO:_display_container: 2
2026-04-22 16:09:49,483:INFO:RandomForestClassifier(bootstrap=True, ccp_alpha=0.0, class_weight=None,
                       criterion='gini', max_depth=None, max_features='sqrt',
                       max_leaf_nodes=None, max_samples=None,
                       min_impurity_decrease=0.0, min_samples_leaf=1,
                       min_samples_split=2, min_weight_fraction_leaf=0.0,
                       monotonic_cst=None, n_estimators=100, n_jobs=-1,
                       oob_score=False, random_state=123, verbose=0,
                       warm_start=False)
2026-04-22 16:09:49,483:INFO:create_model() successfully completed......................................
2026-04-22 16:09:49,598:INFO:SubProcess create_model() end ==================================
2026-04-22 16:09:49,598:INFO:Creating metrics dataframe
2026-04-22 16:09:49,613:INFO:Initializing Quadratic Discriminant Analysis
2026-04-22 16:09:49,613:INFO:Total runtime is 0.4012951970100403 minutes
2026-04-22 16:09:49,620:INFO:SubProcess create_model() called ==================================
2026-04-22 16:09:49,621:INFO:Initializing create_model()
2026-04-22 16:09:49,621:INFO:create_model(self=<pycaret.classification.oop.ClassificationExperiment object at 0x7f9b56fa91e0>, estimator=qda, fold=KFold(n_splits=3, random_state=123, shuffle=True), round=4, cross_validation=True, predict=True, fit_kwargs={}, groups=None, refit=False, probability_threshold=None, experiment_custom_tags=None, verbose=False, system=False, add_to_model_list=True, metrics=None, display=<pycaret.internal.display.display.CommonDisplay object at 0x7f9b10533340>, model_only=True, return_train_score=False, error_score=0.0, kwargs={})
2026-04-22 16:09:49,621:INFO:Checking exceptions
2026-04-22 16:09:49,622:INFO:Importing libraries
2026-04-22 16:09:49,622:INFO:Copying training dataset
2026-04-22 16:09:49,897:INFO:Defining folds
2026-04-22 16:09:49,898:INFO:Declaring metric variables
2026-04-22 16:09:49,905:INFO:Importing untrained model
2026-04-22 16:09:49,914:INFO:Quadratic Discriminant Analysis Imported successfully
2026-04-22 16:09:49,928:INFO:Starting cross validation
2026-04-22 16:09:49,930:INFO:Cross validating with KFold(n_splits=3, random_state=123, shuffle=True), n_jobs=-1
2026-04-22 16:09:50,208:WARNING:/home/alex/.cache/pypoetry/virtualenvs/klasifikacia-webu-learn-PzL4HxyJ-py3.10/lib/python3.10/site-packages/sklearn/discriminant_analysis.py:935: UserWarning: Variables are collinear
  warnings.warn("Variables are collinear")

2026-04-22 16:09:50,219:WARNING:/home/alex/.cache/pypoetry/virtualenvs/klasifikacia-webu-learn-PzL4HxyJ-py3.10/lib/python3.10/site-packages/sklearn/discriminant_analysis.py:935: UserWarning: Variables are collinear
  warnings.warn("Variables are collinear")

2026-04-22 16:09:50,319:WARNING:/home/alex/.cache/pypoetry/virtualenvs/klasifikacia-webu-learn-PzL4HxyJ-py3.10/lib/python3.10/site-packages/sklearn/discriminant_analysis.py:935: UserWarning: Variables are collinear
  warnings.warn("Variables are collinear")

2026-04-22 16:09:50,392:WARNING:/home/alex/.cache/pypoetry/virtualenvs/klasifikacia-webu-learn-PzL4HxyJ-py3.10/lib/python3.10/site-packages/pycaret/internal/metrics.py:204: FitFailedWarning: Metric 'make_scorer(roc_auc_score, response_method=('decision_function', 'predict_proba'), average=weighted, multi_class=ovr)' failed and error score 0.0 has been returned instead. If this is a custom metric, this usually means that the error is in the metric code. Full exception below:
Traceback (most recent call last):
  File "/home/alex/.cache/pypoetry/virtualenvs/klasifikacia-webu-learn-PzL4HxyJ-py3.10/lib/python3.10/site-packages/pycaret/internal/metrics.py", line 196, in _score
    return super()._score(
  File "/home/alex/.cache/pypoetry/virtualenvs/klasifikacia-webu-learn-PzL4HxyJ-py3.10/lib/python3.10/site-packages/sklearn/metrics/_scorer.py", line 350, in _score
    return self._sign * self._score_func(y_true, y_pred, **scoring_kwargs)
  File "/home/alex/.cache/pypoetry/virtualenvs/klasifikacia-webu-learn-PzL4HxyJ-py3.10/lib/python3.10/site-packages/pycaret/internal/metrics.py", line 144, in __call__
    return self.score_func(y_true, y_pred, **kwargs)
  File "/home/alex/.cache/pypoetry/virtualenvs/klasifikacia-webu-learn-PzL4HxyJ-py3.10/lib/python3.10/site-packages/sklearn/utils/_param_validation.py", line 213, in wrapper
    return func(*args, **kwargs)
  File "/home/alex/.cache/pypoetry/virtualenvs/klasifikacia-webu-learn-PzL4HxyJ-py3.10/lib/python3.10/site-packages/sklearn/metrics/_ranking.py", line 634, in roc_auc_score
    return _multiclass_roc_auc_score(
  File "/home/alex/.cache/pypoetry/virtualenvs/klasifikacia-webu-learn-PzL4HxyJ-py3.10/lib/python3.10/site-packages/sklearn/metrics/_ranking.py", line 707, in _multiclass_roc_auc_score
    raise ValueError(
ValueError: Target scores need to be probabilities for multiclass roc_auc, i.e. they should sum up to 1.0 over classes

  warnings.warn(

2026-04-22 16:09:50,400:WARNING:/home/alex/.cache/pypoetry/virtualenvs/klasifikacia-webu-learn-PzL4HxyJ-py3.10/lib/python3.10/site-packages/pycaret/internal/metrics.py:204: FitFailedWarning: Metric 'make_scorer(roc_auc_score, response_method=('decision_function', 'predict_proba'), average=weighted, multi_class=ovr)' failed and error score 0.0 has been returned instead. If this is a custom metric, this usually means that the error is in the metric code. Full exception below:
Traceback (most recent call last):
  File "/home/alex/.cache/pypoetry/virtualenvs/klasifikacia-webu-learn-PzL4HxyJ-py3.10/lib/python3.10/site-packages/pycaret/internal/metrics.py", line 196, in _score
    return super()._score(
  File "/home/alex/.cache/pypoetry/virtualenvs/klasifikacia-webu-learn-PzL4HxyJ-py3.10/lib/python3.10/site-packages/sklearn/metrics/_scorer.py", line 350, in _score
    return self._sign * self._score_func(y_true, y_pred, **scoring_kwargs)
  File "/home/alex/.cache/pypoetry/virtualenvs/klasifikacia-webu-learn-PzL4HxyJ-py3.10/lib/python3.10/site-packages/pycaret/internal/metrics.py", line 144, in __call__
    return self.score_func(y_true, y_pred, **kwargs)
  File "/home/alex/.cache/pypoetry/virtualenvs/klasifikacia-webu-learn-PzL4HxyJ-py3.10/lib/python3.10/site-packages/sklearn/utils/_param_validation.py", line 213, in wrapper
    return func(*args, **kwargs)
  File "/home/alex/.cache/pypoetry/virtualenvs/klasifikacia-webu-learn-PzL4HxyJ-py3.10/lib/python3.10/site-packages/sklearn/metrics/_ranking.py", line 634, in roc_auc_score
    return _multiclass_roc_auc_score(
  File "/home/alex/.cache/pypoetry/virtualenvs/klasifikacia-webu-learn-PzL4HxyJ-py3.10/lib/python3.10/site-packages/sklearn/metrics/_ranking.py", line 707, in _multiclass_roc_auc_score
    raise ValueError(
ValueError: Target scores need to be probabilities for multiclass roc_auc, i.e. they should sum up to 1.0 over classes

  warnings.warn(

2026-04-22 16:09:50,524:WARNING:/home/alex/.cache/pypoetry/virtualenvs/klasifikacia-webu-learn-PzL4HxyJ-py3.10/lib/python3.10/site-packages/pycaret/internal/metrics.py:204: FitFailedWarning: Metric 'make_scorer(roc_auc_score, response_method=('decision_function', 'predict_proba'), average=weighted, multi_class=ovr)' failed and error score 0.0 has been returned instead. If this is a custom metric, this usually means that the error is in the metric code. Full exception below:
Traceback (most recent call last):
  File "/home/alex/.cache/pypoetry/virtualenvs/klasifikacia-webu-learn-PzL4HxyJ-py3.10/lib/python3.10/site-packages/pycaret/internal/metrics.py", line 196, in _score
    return super()._score(
  File "/home/alex/.cache/pypoetry/virtualenvs/klasifikacia-webu-learn-PzL4HxyJ-py3.10/lib/python3.10/site-packages/sklearn/metrics/_scorer.py", line 350, in _score
    return self._sign * self._score_func(y_true, y_pred, **scoring_kwargs)
  File "/home/alex/.cache/pypoetry/virtualenvs/klasifikacia-webu-learn-PzL4HxyJ-py3.10/lib/python3.10/site-packages/pycaret/internal/metrics.py", line 144, in __call__
    return self.score_func(y_true, y_pred, **kwargs)
  File "/home/alex/.cache/pypoetry/virtualenvs/klasifikacia-webu-learn-PzL4HxyJ-py3.10/lib/python3.10/site-packages/sklearn/utils/_param_validation.py", line 213, in wrapper
    return func(*args, **kwargs)
  File "/home/alex/.cache/pypoetry/virtualenvs/klasifikacia-webu-learn-PzL4HxyJ-py3.10/lib/python3.10/site-packages/sklearn/metrics/_ranking.py", line 634, in roc_auc_score
    return _multiclass_roc_auc_score(
  File "/home/alex/.cache/pypoetry/virtualenvs/klasifikacia-webu-learn-PzL4HxyJ-py3.10/lib/python3.10/site-packages/sklearn/metrics/_ranking.py", line 707, in _multiclass_roc_auc_score
    raise ValueError(
ValueError: Target scores need to be probabilities for multiclass roc_auc, i.e. they should sum up to 1.0 over classes

  warnings.warn(

2026-04-22 16:09:50,551:INFO:Calculating mean and std
2026-04-22 16:09:50,553:INFO:Creating metrics dataframe
2026-04-22 16:09:50,556:INFO:Uploading results into container
2026-04-22 16:09:50,557:INFO:Uploading model into container now
2026-04-22 16:09:50,558:INFO:_master_model_container: 8
2026-04-22 16:09:50,558:INFO:_display_container: 2
2026-04-22 16:09:50,559:INFO:QuadraticDiscriminantAnalysis(priors=None, reg_param=0.0,
                              store_covariance=False, tol=0.0001)
2026-04-22 16:09:50,559:INFO:create_model() successfully completed......................................
2026-04-22 16:09:50,697:INFO:SubProcess create_model() end ==================================
2026-04-22 16:09:50,697:INFO:Creating metrics dataframe
2026-04-22 16:09:50,713:INFO:Initializing Ada Boost Classifier
2026-04-22 16:09:50,713:INFO:Total runtime is 0.41962602535883586 minutes
2026-04-22 16:09:50,719:INFO:SubProcess create_model() called ==================================
2026-04-22 16:09:50,719:INFO:Initializing create_model()
2026-04-22 16:09:50,719:INFO:create_model(self=<pycaret.classification.oop.ClassificationExperiment object at 0x7f9b56fa91e0>, estimator=ada, fold=KFold(n_splits=3, random_state=123, shuffle=True), round=4, cross_validation=True, predict=True, fit_kwargs={}, groups=None, refit=False, probability_threshold=None, experiment_custom_tags=None, verbose=False, system=False, add_to_model_list=True, metrics=None, display=<pycaret.internal.display.display.CommonDisplay object at 0x7f9b10533340>, model_only=True, return_train_score=False, error_score=0.0, kwargs={})
2026-04-22 16:09:50,720:INFO:Checking exceptions
2026-04-22 16:09:50,720:INFO:Importing libraries
2026-04-22 16:09:50,720:INFO:Copying training dataset
2026-04-22 16:09:51,016:INFO:Defining folds
2026-04-22 16:09:51,017:INFO:Declaring metric variables
2026-04-22 16:09:51,024:INFO:Importing untrained model
2026-04-22 16:09:51,032:INFO:Ada Boost Classifier Imported successfully
2026-04-22 16:09:51,045:INFO:Starting cross validation
2026-04-22 16:09:51,048:INFO:Cross validating with KFold(n_splits=3, random_state=123, shuffle=True), n_jobs=-1
2026-04-22 16:09:51,302:WARNING:/home/alex/.cache/pypoetry/virtualenvs/klasifikacia-webu-learn-PzL4HxyJ-py3.10/lib/python3.10/site-packages/sklearn/ensemble/_weight_boosting.py:519: FutureWarning: The SAMME.R algorithm (the default) is deprecated and will be removed in 1.6. Use the SAMME algorithm to circumvent this warning.
  warnings.warn(

2026-04-22 16:09:51,352:WARNING:/home/alex/.cache/pypoetry/virtualenvs/klasifikacia-webu-learn-PzL4HxyJ-py3.10/lib/python3.10/site-packages/sklearn/ensemble/_weight_boosting.py:519: FutureWarning: The SAMME.R algorithm (the default) is deprecated and will be removed in 1.6. Use the SAMME algorithm to circumvent this warning.
  warnings.warn(

2026-04-22 16:09:51,458:WARNING:/home/alex/.cache/pypoetry/virtualenvs/klasifikacia-webu-learn-PzL4HxyJ-py3.10/lib/python3.10/site-packages/sklearn/ensemble/_weight_boosting.py:519: FutureWarning: The SAMME.R algorithm (the default) is deprecated and will be removed in 1.6. Use the SAMME algorithm to circumvent this warning.
  warnings.warn(

2026-04-22 16:09:52,188:WARNING:/home/alex/.cache/pypoetry/virtualenvs/klasifikacia-webu-learn-PzL4HxyJ-py3.10/lib/python3.10/site-packages/pycaret/internal/metrics.py:204: FitFailedWarning: Metric 'make_scorer(roc_auc_score, response_method=('decision_function', 'predict_proba'), average=weighted, multi_class=ovr)' failed and error score 0.0 has been returned instead. If this is a custom metric, this usually means that the error is in the metric code. Full exception below:
Traceback (most recent call last):
  File "/home/alex/.cache/pypoetry/virtualenvs/klasifikacia-webu-learn-PzL4HxyJ-py3.10/lib/python3.10/site-packages/pycaret/internal/metrics.py", line 196, in _score
    return super()._score(
  File "/home/alex/.cache/pypoetry/virtualenvs/klasifikacia-webu-learn-PzL4HxyJ-py3.10/lib/python3.10/site-packages/sklearn/metrics/_scorer.py", line 350, in _score
    return self._sign * self._score_func(y_true, y_pred, **scoring_kwargs)
  File "/home/alex/.cache/pypoetry/virtualenvs/klasifikacia-webu-learn-PzL4HxyJ-py3.10/lib/python3.10/site-packages/pycaret/internal/metrics.py", line 144, in __call__
    return self.score_func(y_true, y_pred, **kwargs)
  File "/home/alex/.cache/pypoetry/virtualenvs/klasifikacia-webu-learn-PzL4HxyJ-py3.10/lib/python3.10/site-packages/sklearn/utils/_param_validation.py", line 213, in wrapper
    return func(*args, **kwargs)
  File "/home/alex/.cache/pypoetry/virtualenvs/klasifikacia-webu-learn-PzL4HxyJ-py3.10/lib/python3.10/site-packages/sklearn/metrics/_ranking.py", line 634, in roc_auc_score
    return _multiclass_roc_auc_score(
  File "/home/alex/.cache/pypoetry/virtualenvs/klasifikacia-webu-learn-PzL4HxyJ-py3.10/lib/python3.10/site-packages/sklearn/metrics/_ranking.py", line 707, in _multiclass_roc_auc_score
    raise ValueError(
ValueError: Target scores need to be probabilities for multiclass roc_auc, i.e. they should sum up to 1.0 over classes

  warnings.warn(

2026-04-22 16:09:52,244:WARNING:/home/alex/.cache/pypoetry/virtualenvs/klasifikacia-webu-learn-PzL4HxyJ-py3.10/lib/python3.10/site-packages/pycaret/internal/metrics.py:204: FitFailedWarning: Metric 'make_scorer(roc_auc_score, response_method=('decision_function', 'predict_proba'), average=weighted, multi_class=ovr)' failed and error score 0.0 has been returned instead. If this is a custom metric, this usually means that the error is in the metric code. Full exception below:
Traceback (most recent call last):
  File "/home/alex/.cache/pypoetry/virtualenvs/klasifikacia-webu-learn-PzL4HxyJ-py3.10/lib/python3.10/site-packages/pycaret/internal/metrics.py", line 196, in _score
    return super()._score(
  File "/home/alex/.cache/pypoetry/virtualenvs/klasifikacia-webu-learn-PzL4HxyJ-py3.10/lib/python3.10/site-packages/sklearn/metrics/_scorer.py", line 350, in _score
    return self._sign * self._score_func(y_true, y_pred, **scoring_kwargs)
  File "/home/alex/.cache/pypoetry/virtualenvs/klasifikacia-webu-learn-PzL4HxyJ-py3.10/lib/python3.10/site-packages/pycaret/internal/metrics.py", line 144, in __call__
    return self.score_func(y_true, y_pred, **kwargs)
  File "/home/alex/.cache/pypoetry/virtualenvs/klasifikacia-webu-learn-PzL4HxyJ-py3.10/lib/python3.10/site-packages/sklearn/utils/_param_validation.py", line 213, in wrapper
    return func(*args, **kwargs)
  File "/home/alex/.cache/pypoetry/virtualenvs/klasifikacia-webu-learn-PzL4HxyJ-py3.10/lib/python3.10/site-packages/sklearn/metrics/_ranking.py", line 634, in roc_auc_score
    return _multiclass_roc_auc_score(
  File "/home/alex/.cache/pypoetry/virtualenvs/klasifikacia-webu-learn-PzL4HxyJ-py3.10/lib/python3.10/site-packages/sklearn/metrics/_ranking.py", line 707, in _multiclass_roc_auc_score
    raise ValueError(
ValueError: Target scores need to be probabilities for multiclass roc_auc, i.e. they should sum up to 1.0 over classes

  warnings.warn(

2026-04-22 16:09:52,252:WARNING:/home/alex/.cache/pypoetry/virtualenvs/klasifikacia-webu-learn-PzL4HxyJ-py3.10/lib/python3.10/site-packages/sklearn/metrics/_classification.py:1509: UndefinedMetricWarning: Precision is ill-defined and being set to 0.0 in labels with no predicted samples. Use `zero_division` parameter to control this behavior.
  _warn_prf(average, modifier, f"{metric.capitalize()} is", len(result))

2026-04-22 16:09:52,299:WARNING:/home/alex/.cache/pypoetry/virtualenvs/klasifikacia-webu-learn-PzL4HxyJ-py3.10/lib/python3.10/site-packages/pycaret/internal/metrics.py:204: FitFailedWarning: Metric 'make_scorer(roc_auc_score, response_method=('decision_function', 'predict_proba'), average=weighted, multi_class=ovr)' failed and error score 0.0 has been returned instead. If this is a custom metric, this usually means that the error is in the metric code. Full exception below:
Traceback (most recent call last):
  File "/home/alex/.cache/pypoetry/virtualenvs/klasifikacia-webu-learn-PzL4HxyJ-py3.10/lib/python3.10/site-packages/pycaret/internal/metrics.py", line 196, in _score
    return super()._score(
  File "/home/alex/.cache/pypoetry/virtualenvs/klasifikacia-webu-learn-PzL4HxyJ-py3.10/lib/python3.10/site-packages/sklearn/metrics/_scorer.py", line 350, in _score
    return self._sign * self._score_func(y_true, y_pred, **scoring_kwargs)
  File "/home/alex/.cache/pypoetry/virtualenvs/klasifikacia-webu-learn-PzL4HxyJ-py3.10/lib/python3.10/site-packages/pycaret/internal/metrics.py", line 144, in __call__
    return self.score_func(y_true, y_pred, **kwargs)
  File "/home/alex/.cache/pypoetry/virtualenvs/klasifikacia-webu-learn-PzL4HxyJ-py3.10/lib/python3.10/site-packages/sklearn/utils/_param_validation.py", line 213, in wrapper
    return func(*args, **kwargs)
  File "/home/alex/.cache/pypoetry/virtualenvs/klasifikacia-webu-learn-PzL4HxyJ-py3.10/lib/python3.10/site-packages/sklearn/metrics/_ranking.py", line 634, in roc_auc_score
    return _multiclass_roc_auc_score(
  File "/home/alex/.cache/pypoetry/virtualenvs/klasifikacia-webu-learn-PzL4HxyJ-py3.10/lib/python3.10/site-packages/sklearn/metrics/_ranking.py", line 707, in _multiclass_roc_auc_score
    raise ValueError(
ValueError: Target scores need to be probabilities for multiclass roc_auc, i.e. they should sum up to 1.0 over classes

  warnings.warn(

2026-04-22 16:09:52,307:WARNING:/home/alex/.cache/pypoetry/virtualenvs/klasifikacia-webu-learn-PzL4HxyJ-py3.10/lib/python3.10/site-packages/sklearn/metrics/_classification.py:1509: UndefinedMetricWarning: Precision is ill-defined and being set to 0.0 in labels with no predicted samples. Use `zero_division` parameter to control this behavior.
  _warn_prf(average, modifier, f"{metric.capitalize()} is", len(result))

2026-04-22 16:09:52,321:INFO:Calculating mean and std
2026-04-22 16:09:52,323:INFO:Creating metrics dataframe
2026-04-22 16:09:52,325:INFO:Uploading results into container
2026-04-22 16:09:52,326:INFO:Uploading model into container now
2026-04-22 16:09:52,327:INFO:_master_model_container: 9
2026-04-22 16:09:52,327:INFO:_display_container: 2
2026-04-22 16:09:52,327:INFO:AdaBoostClassifier(algorithm='SAMME.R', estimator=None, learning_rate=1.0,
                   n_estimators=50, random_state=123)
2026-04-22 16:09:52,327:INFO:create_model() successfully completed......................................
2026-04-22 16:09:52,432:INFO:SubProcess create_model() end ==================================
2026-04-22 16:09:52,432:INFO:Creating metrics dataframe
2026-04-22 16:09:52,446:INFO:Initializing Linear Discriminant Analysis
2026-04-22 16:09:52,446:INFO:Total runtime is 0.44851503769556683 minutes
2026-04-22 16:09:52,452:INFO:SubProcess create_model() called ==================================
2026-04-22 16:09:52,452:INFO:Initializing create_model()
2026-04-22 16:09:52,452:INFO:create_model(self=<pycaret.classification.oop.ClassificationExperiment object at 0x7f9b56fa91e0>, estimator=lda, fold=KFold(n_splits=3, random_state=123, shuffle=True), round=4, cross_validation=True, predict=True, fit_kwargs={}, groups=None, refit=False, probability_threshold=None, experiment_custom_tags=None, verbose=False, system=False, add_to_model_list=True, metrics=None, display=<pycaret.internal.display.display.CommonDisplay object at 0x7f9b10533340>, model_only=True, return_train_score=False, error_score=0.0, kwargs={})
2026-04-22 16:09:52,452:INFO:Checking exceptions
2026-04-22 16:09:52,452:INFO:Importing libraries
2026-04-22 16:09:52,453:INFO:Copying training dataset
2026-04-22 16:09:52,686:INFO:Defining folds
2026-04-22 16:09:52,687:INFO:Declaring metric variables
2026-04-22 16:09:52,693:INFO:Importing untrained model
2026-04-22 16:09:52,701:INFO:Linear Discriminant Analysis Imported successfully
2026-04-22 16:09:52,716:INFO:Starting cross validation
2026-04-22 16:09:52,718:INFO:Cross validating with KFold(n_splits=3, random_state=123, shuffle=True), n_jobs=-1
2026-04-22 16:09:53,357:WARNING:/home/alex/.cache/pypoetry/virtualenvs/klasifikacia-webu-learn-PzL4HxyJ-py3.10/lib/python3.10/site-packages/pycaret/internal/metrics.py:204: FitFailedWarning: Metric 'make_scorer(roc_auc_score, response_method=('decision_function', 'predict_proba'), average=weighted, multi_class=ovr)' failed and error score 0.0 has been returned instead. If this is a custom metric, this usually means that the error is in the metric code. Full exception below:
Traceback (most recent call last):
  File "/home/alex/.cache/pypoetry/virtualenvs/klasifikacia-webu-learn-PzL4HxyJ-py3.10/lib/python3.10/site-packages/pycaret/internal/metrics.py", line 196, in _score
    return super()._score(
  File "/home/alex/.cache/pypoetry/virtualenvs/klasifikacia-webu-learn-PzL4HxyJ-py3.10/lib/python3.10/site-packages/sklearn/metrics/_scorer.py", line 350, in _score
    return self._sign * self._score_func(y_true, y_pred, **scoring_kwargs)
  File "/home/alex/.cache/pypoetry/virtualenvs/klasifikacia-webu-learn-PzL4HxyJ-py3.10/lib/python3.10/site-packages/pycaret/internal/metrics.py", line 144, in __call__
    return self.score_func(y_true, y_pred, **kwargs)
  File "/home/alex/.cache/pypoetry/virtualenvs/klasifikacia-webu-learn-PzL4HxyJ-py3.10/lib/python3.10/site-packages/sklearn/utils/_param_validation.py", line 213, in wrapper
    return func(*args, **kwargs)
  File "/home/alex/.cache/pypoetry/virtualenvs/klasifikacia-webu-learn-PzL4HxyJ-py3.10/lib/python3.10/site-packages/sklearn/metrics/_ranking.py", line 634, in roc_auc_score
    return _multiclass_roc_auc_score(
  File "/home/alex/.cache/pypoetry/virtualenvs/klasifikacia-webu-learn-PzL4HxyJ-py3.10/lib/python3.10/site-packages/sklearn/metrics/_ranking.py", line 707, in _multiclass_roc_auc_score
    raise ValueError(
ValueError: Target scores need to be probabilities for multiclass roc_auc, i.e. they should sum up to 1.0 over classes

  warnings.warn(

2026-04-22 16:09:53,389:WARNING:/home/alex/.cache/pypoetry/virtualenvs/klasifikacia-webu-learn-PzL4HxyJ-py3.10/lib/python3.10/site-packages/pycaret/internal/metrics.py:204: FitFailedWarning: Metric 'make_scorer(roc_auc_score, response_method=('decision_function', 'predict_proba'), average=weighted, multi_class=ovr)' failed and error score 0.0 has been returned instead. If this is a custom metric, this usually means that the error is in the metric code. Full exception below:
Traceback (most recent call last):
  File "/home/alex/.cache/pypoetry/virtualenvs/klasifikacia-webu-learn-PzL4HxyJ-py3.10/lib/python3.10/site-packages/pycaret/internal/metrics.py", line 196, in _score
    return super()._score(
  File "/home/alex/.cache/pypoetry/virtualenvs/klasifikacia-webu-learn-PzL4HxyJ-py3.10/lib/python3.10/site-packages/sklearn/metrics/_scorer.py", line 350, in _score
    return self._sign * self._score_func(y_true, y_pred, **scoring_kwargs)
  File "/home/alex/.cache/pypoetry/virtualenvs/klasifikacia-webu-learn-PzL4HxyJ-py3.10/lib/python3.10/site-packages/pycaret/internal/metrics.py", line 144, in __call__
    return self.score_func(y_true, y_pred, **kwargs)
  File "/home/alex/.cache/pypoetry/virtualenvs/klasifikacia-webu-learn-PzL4HxyJ-py3.10/lib/python3.10/site-packages/sklearn/utils/_param_validation.py", line 213, in wrapper
    return func(*args, **kwargs)
  File "/home/alex/.cache/pypoetry/virtualenvs/klasifikacia-webu-learn-PzL4HxyJ-py3.10/lib/python3.10/site-packages/sklearn/metrics/_ranking.py", line 634, in roc_auc_score
    return _multiclass_roc_auc_score(
  File "/home/alex/.cache/pypoetry/virtualenvs/klasifikacia-webu-learn-PzL4HxyJ-py3.10/lib/python3.10/site-packages/sklearn/metrics/_ranking.py", line 707, in _multiclass_roc_auc_score
    raise ValueError(
ValueError: Target scores need to be probabilities for multiclass roc_auc, i.e. they should sum up to 1.0 over classes

  warnings.warn(

2026-04-22 16:09:53,435:WARNING:/home/alex/.cache/pypoetry/virtualenvs/klasifikacia-webu-learn-PzL4HxyJ-py3.10/lib/python3.10/site-packages/pycaret/internal/metrics.py:204: FitFailedWarning: Metric 'make_scorer(roc_auc_score, response_method=('decision_function', 'predict_proba'), average=weighted, multi_class=ovr)' failed and error score 0.0 has been returned instead. If this is a custom metric, this usually means that the error is in the metric code. Full exception below:
Traceback (most recent call last):
  File "/home/alex/.cache/pypoetry/virtualenvs/klasifikacia-webu-learn-PzL4HxyJ-py3.10/lib/python3.10/site-packages/pycaret/internal/metrics.py", line 196, in _score
    return super()._score(
  File "/home/alex/.cache/pypoetry/virtualenvs/klasifikacia-webu-learn-PzL4HxyJ-py3.10/lib/python3.10/site-packages/sklearn/metrics/_scorer.py", line 350, in _score
    return self._sign * self._score_func(y_true, y_pred, **scoring_kwargs)
  File "/home/alex/.cache/pypoetry/virtualenvs/klasifikacia-webu-learn-PzL4HxyJ-py3.10/lib/python3.10/site-packages/pycaret/internal/metrics.py", line 144, in __call__
    return self.score_func(y_true, y_pred, **kwargs)
  File "/home/alex/.cache/pypoetry/virtualenvs/klasifikacia-webu-learn-PzL4HxyJ-py3.10/lib/python3.10/site-packages/sklearn/utils/_param_validation.py", line 213, in wrapper
    return func(*args, **kwargs)
  File "/home/alex/.cache/pypoetry/virtualenvs/klasifikacia-webu-learn-PzL4HxyJ-py3.10/lib/python3.10/site-packages/sklearn/metrics/_ranking.py", line 634, in roc_auc_score
    return _multiclass_roc_auc_score(
  File "/home/alex/.cache/pypoetry/virtualenvs/klasifikacia-webu-learn-PzL4HxyJ-py3.10/lib/python3.10/site-packages/sklearn/metrics/_ranking.py", line 707, in _multiclass_roc_auc_score
    raise ValueError(
ValueError: Target scores need to be probabilities for multiclass roc_auc, i.e. they should sum up to 1.0 over classes

  warnings.warn(

2026-04-22 16:09:53,463:INFO:Calculating mean and std
2026-04-22 16:09:53,465:INFO:Creating metrics dataframe
2026-04-22 16:09:53,468:INFO:Uploading results into container
2026-04-22 16:09:53,469:INFO:Uploading model into container now
2026-04-22 16:09:53,470:INFO:_master_model_container: 10
2026-04-22 16:09:53,470:INFO:_display_container: 2
2026-04-22 16:09:53,471:INFO:LinearDiscriminantAnalysis(covariance_estimator=None, n_components=None,
                           priors=None, shrinkage=None, solver='svd',
                           store_covariance=False, tol=0.0001)
2026-04-22 16:09:53,471:INFO:create_model() successfully completed......................................
2026-04-22 16:09:53,593:INFO:SubProcess create_model() end ==================================
2026-04-22 16:09:53,593:INFO:Creating metrics dataframe
2026-04-22 16:09:53,610:INFO:Initializing Extra Trees Classifier
2026-04-22 16:09:53,610:INFO:Total runtime is 0.46790732542673746 minutes
2026-04-22 16:09:53,616:INFO:SubProcess create_model() called ==================================
2026-04-22 16:09:53,616:INFO:Initializing create_model()
2026-04-22 16:09:53,616:INFO:create_model(self=<pycaret.classification.oop.ClassificationExperiment object at 0x7f9b56fa91e0>, estimator=et, fold=KFold(n_splits=3, random_state=123, shuffle=True), round=4, cross_validation=True, predict=True, fit_kwargs={}, groups=None, refit=False, probability_threshold=None, experiment_custom_tags=None, verbose=False, system=False, add_to_model_list=True, metrics=None, display=<pycaret.internal.display.display.CommonDisplay object at 0x7f9b10533340>, model_only=True, return_train_score=False, error_score=0.0, kwargs={})
2026-04-22 16:09:53,617:INFO:Checking exceptions
2026-04-22 16:09:53,617:INFO:Importing libraries
2026-04-22 16:09:53,617:INFO:Copying training dataset
2026-04-22 16:09:53,872:INFO:Defining folds
2026-04-22 16:09:53,872:INFO:Declaring metric variables
2026-04-22 16:09:53,878:INFO:Importing untrained model
2026-04-22 16:09:53,884:INFO:Extra Trees Classifier Imported successfully
2026-04-22 16:09:53,898:INFO:Starting cross validation
2026-04-22 16:09:53,900:INFO:Cross validating with KFold(n_splits=3, random_state=123, shuffle=True), n_jobs=-1
2026-04-22 16:09:54,931:INFO:Calculating mean and std
2026-04-22 16:09:54,933:INFO:Creating metrics dataframe
2026-04-22 16:09:54,936:INFO:Uploading results into container
2026-04-22 16:09:54,937:INFO:Uploading model into container now
2026-04-22 16:09:54,938:INFO:_master_model_container: 11
2026-04-22 16:09:54,938:INFO:_display_container: 2
2026-04-22 16:09:54,939:INFO:ExtraTreesClassifier(bootstrap=False, ccp_alpha=0.0, class_weight=None,
                     criterion='gini', max_depth=None, max_features='sqrt',
                     max_leaf_nodes=None, max_samples=None,
                     min_impurity_decrease=0.0, min_samples_leaf=1,
                     min_samples_split=2, min_weight_fraction_leaf=0.0,
                     monotonic_cst=None, n_estimators=100, n_jobs=-1,
                     oob_score=False, random_state=123, verbose=0,
                     warm_start=False)
2026-04-22 16:09:54,939:INFO:create_model() successfully completed......................................
2026-04-22 16:09:55,056:INFO:SubProcess create_model() end ==================================
2026-04-22 16:09:55,056:INFO:Creating metrics dataframe
2026-04-22 16:09:55,071:INFO:Initializing Light Gradient Boosting Machine
2026-04-22 16:09:55,071:INFO:Total runtime is 0.49225683212280275 minutes
2026-04-22 16:09:55,076:INFO:SubProcess create_model() called ==================================
2026-04-22 16:09:55,077:INFO:Initializing create_model()
2026-04-22 16:09:55,077:INFO:create_model(self=<pycaret.classification.oop.ClassificationExperiment object at 0x7f9b56fa91e0>, estimator=lightgbm, fold=KFold(n_splits=3, random_state=123, shuffle=True), round=4, cross_validation=True, predict=True, fit_kwargs={}, groups=None, refit=False, probability_threshold=None, experiment_custom_tags=None, verbose=False, system=False, add_to_model_list=True, metrics=None, display=<pycaret.internal.display.display.CommonDisplay object at 0x7f9b10533340>, model_only=True, return_train_score=False, error_score=0.0, kwargs={})
2026-04-22 16:09:55,077:INFO:Checking exceptions
2026-04-22 16:09:55,077:INFO:Importing libraries
2026-04-22 16:09:55,077:INFO:Copying training dataset
2026-04-22 16:09:55,343:INFO:Defining folds
2026-04-22 16:09:55,344:INFO:Declaring metric variables
2026-04-22 16:09:55,350:INFO:Importing untrained model
2026-04-22 16:09:55,358:INFO:Light Gradient Boosting Machine Imported successfully
2026-04-22 16:09:55,372:INFO:Starting cross validation
2026-04-22 16:09:55,374:INFO:Cross validating with KFold(n_splits=3, random_state=123, shuffle=True), n_jobs=-1
